question_number,question_head_prompt,question_body_prompt,question_tail_prompt,option_1,option_2,option_3,option_4,option_5,option_6,option_7,option_8,option_9,option_10
Q1[01][F],perceptions city,please rate following items circling corresponding number,01 [city name] place live,Good,Fair,Excellent,Poor,Don't Know,,,,,
Q1[02][F],perceptions city,please rate following items circling corresponding number,02 neighborhood place live,Good,Excellent,Fair,Poor,Don't Know,,,,,
Q1[03][F],perceptions city,please rate following items circling corresponding number,03 [city name] place raise children,Good,Excellent,Don't Know,Poor,Fair,,,,,
Q1[04][F],perceptions city,please rate following items circling corresponding number,04 [city name] place work,Excellent,Good,Poor,Fair,Don't Know,,,,,
Q1[05][F],perceptions city,please rate following items circling corresponding number,05 [city name] place retire,Fair,Poor,Excellent,Don't Know,Good,,,,,
Q1[06][F],perceptions city,please rate following items circling corresponding number,06 [city name] place business,Excellent,Good,Fair,Don't Know,Poor,,,,,
Q1[07][F],perceptions city,please rate following items circling corresponding number,07 [city name] place feel welcome,Excellent,Good,Fair,Poor,Don't Know,,,,,
Q1[08][F],perceptions city,please rate following items circling corresponding number,08 quality economic development [city name],Good,Fair,Poor,Excellent,Don't Know,,,,,
Q1[09][F],perceptions city,please rate following items circling corresponding number,09 overall quality life [city name],Fair,Good,Poor,Excellent,Don't Know,,,,,
Q1[10][F],perceptions city,please rate following items circling corresponding number,10 overall value receive city property tax dollars fees,Good,Poor,Fair,Excellent,Don't Know,,,,,
Q2[01][F],none,please rate following characteristics relate [city name] whole,01 sense community,Fair,Excellent,Good,Poor,Don't Know,,,,,
Q2[02][F],none,please rate following characteristics relate [city name] whole,02 openness acceptance community towards people diverse backgrounds,Fair,Excellent,Good,Poor,Don't Know,,,,,
Q2[03][F],none,please rate following characteristics relate [city name] whole,03 opportunities attend arts cultural events,Good,Excellent,Poor,Fair,Don't Know,,,,,
Q2[04][F],none,please rate following characteristics relate [city name] whole,04 air quality,Fair,Good,Excellent,Poor,Don't Know,,,,,
Q2[05][F],none,please rate following characteristics relate [city name] whole,05 access affordable quality housing,Good,Poor,Fair,Don't Know,Excellent,,,,,
Q2[06][F],none,please rate following characteristics relate [city name] whole,06 access affordable quality child care,Fair,Poor,Don't Know,Good,Excellent,,,,,
Q2[07][F],none,please rate following characteristics relate [city name] whole,07 access affordable quality health care,Excellent,Good,Fair,Poor,Don't Know,,,,,
Q2[08][F],none,please rate following characteristics relate [city name] whole,08 access affordable quality food,Excellent,Good,Poor,Fair,Don't Know,,,,,
Q2[09][F],none,please rate following characteristics relate [city name] whole,09 access livingwage jobs,Good,Poor,Fair,Don't Know,Excellent,,,,,
Q2[10][F],none,please rate following characteristics relate [city name] whole,10 access quality education,Fair,Poor,Excellent,Good,Don't Know,,,,,
Q2[11][F],none,please rate following characteristics relate [city name] whole,11 ease car travel [city name],Excellent,Poor,Fair,Good,Don't Know,,,,,
Q2[12][F],none,please rate following characteristics relate [city name] whole,12 ease bus travel [city name],Don't Know,Fair,Poor,Good,Excellent,,,,,
Q2[13][F],none,please rate following characteristics relate [city name] whole,13 ease rail travel [city name],Poor,Don't Know,Fair,Good,Excellent,,,,,
Q2[14][F],none,please rate following characteristics relate [city name] whole,14 ease air travel [city name],Excellent,Fair,Good,Don't Know,Poor,,,,,
Q2[15][F],none,please rate following characteristics relate [city name] whole,15 ease bicycle travel [city name],Poor,Excellent,Good,Don't Know,Fair,,,,,
Q2[16][F],none,please rate following characteristics relate [city name] whole,16 ease walking [city name],Poor,Fair,Good,Don't Know,Excellent,,,,,
Q2[17][F],none,please rate following characteristics relate [city name] whole,17 overall imagereputation [city name],Good,Fair,Poor,Excellent,Don't Know,,,,,
Q3[01][F],none,three quality life characteristics listed think citys top priorities,1st,17. Overall image/reputation of Dallas,10. Access to quality education,09. Access to living-wage jobs,"05. Access to affordable, quality housing",11. Ease of car travel in Dallas,03. Opportunities to attend arts and cultural events,04. Air quality,16. Ease of walking in Dallas,02. Openness and acceptance of the community towards people of diverse backgrounds,"07. Access to affordable, quality health care"
Q3[02][F],none,three quality life characteristics listed think citys top priorities,2nd,10. Access to quality education,17. Overall image/reputation of Dallas,03. Opportunities to attend arts and cultural events,"07. Access to affordable, quality health care","05. Access to affordable, quality housing",11. Ease of car travel in Dallas,04. Air quality,09. Access to living-wage jobs,01. Sense of community,15. Ease of bicycle travel in Dallas
Q3[03][F],none,three quality life characteristics listed think citys top priorities,3rd,01. Sense of community,16. Ease of walking in Dallas,02. Openness and acceptance of the community towards people of diverse backgrounds,13. Ease of rail travel in Dallas,09. Access to living-wage jobs,03. Opportunities to attend arts and cultural events,"05. Access to affordable, quality housing","07. Access to affordable, quality health care",15. Ease of bicycle travel in Dallas,"06. Access to affordable, quality child care"
Q4[01][F],none,please rate speed growth following categories [city name] past two years,1 population growth,About Right,Too Fast,Much too Fast,Don't Know,Too Slow,Much too Slow,,,,
Q4[02][F],none,please rate speed growth following categories [city name] past two years,2 retail growth stores restaurants etc,About Right,Much too Slow,Too Slow,Too Fast,Don't Know,Much too Fast,,,,
Q4[03][F],none,please rate speed growth following categories [city name] past two years,3 job growth,About Right,Too Slow,Don't Know,Much too Slow,Too Fast,Much too Fast,,,,
Q5[01][F],none,please indicate extent think following issue city [city name] circling corresponding number,01 crime,Moderate Problem,Minor Problem,Major Problem,Don't Know,Not a Problem,,,,,
Q5[02][F],none,please indicate extent think following issue city [city name] circling corresponding number,02 drugs,Not a Problem,Moderate Problem,Minor Problem,Major Problem,Don't Know,,,,,
Q5[03][F],none,please indicate extent think following issue city [city name] circling corresponding number,03 high weeds,Not a Problem,Major Problem,Don't Know,Moderate Problem,Minor Problem,,,,,
Q5[04][F],none,please indicate extent think following issue city [city name] circling corresponding number,04 noise,Moderate Problem,Not a Problem,Major Problem,Don't Know,Minor Problem,,,,,
Q5[05][F],none,please indicate extent think following issue city [city name] circling corresponding number,05 blighted buildings,Minor Problem,Moderate Problem,Don't Know,Not a Problem,Major Problem,,,,,
Q5[06][F],none,please indicate extent think following issue city [city name] circling corresponding number,06 homelessness,Major Problem,Moderate Problem,Minor Problem,Don't Know,Not a Problem,,,,,
Q5[07][F],none,please indicate extent think following issue city [city name] circling corresponding number,07 environmental hazards air quality toxic waste,Moderate Problem,Not a Problem,Don't Know,Minor Problem,Major Problem,,,,,
Q5[08][F],none,please indicate extent think following issue city [city name] circling corresponding number,08 loose dogs unrestrained pets,Minor Problem,Not a Problem,Moderate Problem,Major Problem,Don't Know,,,,,
Q5[09][F],none,please indicate extent think following issue city [city name] circling corresponding number,09 litter,Minor Problem,Moderate Problem,Major Problem,Not a Problem,Don't Know,,,,,
Q5[10][F],none,please indicate extent think following issue city [city name] circling corresponding number,10 infrastructurestreets,Moderate Problem,Major Problem,Minor Problem,Don't Know,Not a Problem,,,,,
Q5[11][F],none,please indicate extent think following issue city [city name] circling corresponding number,11 aggressive solicitationpanhandling,Moderate Problem,Not a Problem,Minor Problem,Major Problem,Don't Know,,,,,
Q5[12][F],none,please indicate extent think following issue city [city name] circling corresponding number,12 climate change extreme heat flooding tree canopy etc,Major Problem,Minor Problem,Not a Problem,Moderate Problem,Don't Know,,,,,
Q5[13][F],none,please indicate extent think following issue city [city name] circling corresponding number,13 racial ethnic inequities,Moderate Problem,Not a Problem,Minor Problem,Major Problem,Don't Know,,,,,
Q5[14][F],none,please indicate extent think following issue city [city name] circling corresponding number,14,Don't Know,Major Problem,Moderate Problem,Not a Problem,Minor Problem,,,,,
Q5x14[T],none,please define,none,Affordable housing,The houseless community does not have access to the resources they need. Instead their belongings are trashed and they are pushed somewhere else without any permanent and helpful solutions.,Total lack of adequate public transportation,"Minor crime , code violations ","Poor infrastructure. Incompetent, dishonest, inefficient city services. Terrible city management at the mid and upper levels. Terrible respect for all our residents by city staff. ","Abusive and inequitable property code enforcement. 

Examples:

* WOOD CHIPS AND MULCH ARE NOT LITTER 

* Using an old dining room set for outside furniture should not be a code violation. 

* And I’m sure there are many more. Update the code. 

* Even the use of the term code enforcement is a problem. This is not a proactive stance.  

* Effective communication should be required education for all code enforcement officers. Even referring to them as officers is problematic. They should actually know their jobs.  Return calls should be required. And finally when a code enforcement officer knows part of the code is ridiculous and doesn’t want to / and sometimes doesn’t give the warning… maybe that code should be reconsidered,  removed or changed to be more appropriate and fair. ",Other concerns ,Walkability.,"Elimate Section 8 housing, eliminate short term rentals in neighborhoods, eliminate uninsured / paper tag drivers","Lack of safety, Lack of streets getting fixed, not enough street lights, people Littering in our areas "
Q6[01][F],perceptions safety,please indicate safe feel following situations,01 neighborhood day,Safe,Very Safe,Unsafe,Very Unsafe,Neutral,Don't Know,,,,
Q6[02][F],perceptions safety,please indicate safe feel following situations,02 neighborhood dark,Unsafe,Very Safe,Safe,Very Unsafe,Neutral,Don't Know,,,,
Q6[03][F],perceptions safety,please indicate safe feel following situations,03 [city name] downtown area day,Safe,Neutral,Very Safe,Unsafe,Don't Know,Very Unsafe,,,,
Q6[04][F],perceptions safety,please indicate safe feel following situations,04 [city name] downtown area dark,Unsafe,Safe,Very Unsafe,Neutral,Don't Know,Very Safe,,,,
Q6[05][F],perceptions safety,please indicate safe feel following situations,05 [city name] restaurantretail areas day,Very Safe,Safe,Neutral,Unsafe,Don't Know,Very Unsafe,,,,
Q6[06][F],perceptions safety,please indicate safe feel following situations,06 [city name] restaurantretail areas dark,Safe,Very Safe,Unsafe,Neutral,Don't Know,Very Unsafe,,,,
Q6[07][F],perceptions safety,please indicate safe feel following situations,07 [city name] parks day,Safe,Very Safe,Neutral,Unsafe,Don't Know,Very Unsafe,,,,
Q6[08][F],perceptions safety,please indicate safe feel following situations,08 [city name] parks dark,Very Unsafe,Unsafe,Don't Know,Safe,Neutral,Very Safe,,,,
Q6[09][F],perceptions safety,please indicate safe feel following situations,09 violent crime murder rape assault robbery,Very Safe,Safe,Unsafe,Neutral,Very Unsafe,Don't Know,,,,
Q6[10][F],perceptions safety,please indicate safe feel following situations,10 property crime burglary theft,Neutral,Unsafe,Very Unsafe,Safe,Don't Know,Very Safe,,,,
Q6[11][F],perceptions safety,please indicate safe feel following situations,11 fire,Very Safe,Safe,Neutral,Don't Know,Unsafe,Very Unsafe,,,,
Q7[01][M],major categories city services,please indicate whether member household used following services past 12 months,01 ambulanceemergency medical services,No,Yes,,,,,,,,
Q7[02][M],major categories city services,please indicate whether member household used following services past 12 months,02 art cultural programsfacilities,Yes,No,,,,,,,,
Q7[03][M],major categories city services,please indicate whether member household used following services past 12 months,03 neighborhood code enforcement eg high weeds litter blight,No,Yes,,,,,,,,
Q7[04][M],major categories city services,please indicate whether member household used following services past 12 months,04 customer service provided city employees,Yes,No,,,,,,,,
Q7[05][M],major categories city services,please indicate whether member household used following services past 12 months,05 drinking water,Yes,No,,,,,,,,
Q7[06][M],major categories city services,please indicate whether member household used following services past 12 months,06 fire services,No,Yes,,,,,,,,
Q7[07][M],major categories city services,please indicate whether member household used following services past 12 months,07 solid waste services eg garbage recycling collection,Yes,No,,,,,,,,
Q7[08][M],major categories city services,please indicate whether member household used following services past 12 months,08 land use planning zoning,No,Yes,,,,,,,,
Q7[09][M],major categories city services,please indicate whether member household used following services past 12 months,09 maintenance infrastructure eg city streets sidewalks,Yes,No,,,,,,,,
Q7[10][M],major categories city services,please indicate whether member household used following services past 12 months,10 park recreation system,Yes,No,,,,,,,,
Q7[11][M],major categories city services,please indicate whether member household used following services past 12 months,11 police services,No,Yes,,,,,,,,
Q7[12][M],major categories city services,please indicate whether member household used following services past 12 months,12 communication city,Yes,No,,,,,,,,
Q7[13][M],major categories city services,please indicate whether member household used following services past 12 months,13 public library services,Yes,No,,,,,,,,
Q7[14][M],major categories city services,please indicate whether member household used following services past 12 months,14 sewer services eg sanitary sewerwastewater,Yes,No,,,,,,,,
Q7[15][M],major categories city services,please indicate whether member household used following services past 12 months,15 storm drainage,No,Yes,,,,,,,,
Q7[16][M],major categories city services,please indicate whether member household used following services past 12 months,16 traffic management traffic signals traffic flow signs parking,No,Yes,,,,,,,,
Q7[17][M],major categories city services,please indicate whether member household used following services past 12 months,17 [city name] love field airport,Yes,No,,,,,,,,
Q7[18][M],major categories city services,please indicate whether member household used following services past 12 months,18 municipal court services eg traffic parking ticket processing misdemeanor court cases fine collection,No,Yes,,,,,,,,
Q7[19][M],major categories city services,please indicate whether member household used following services past 12 months,19 social services community centers child care programs homeless programs senior programs,No,Yes,,,,,,,,
Q7[20][M],major categories city services,please indicate whether member household used following services past 12 months,20 311service request process call report problem,No,Yes,,,,,,,,
Q7[21][M],major categories city services,please indicate whether member household used following services past 12 months,21 animal services eg shelter adoptions animal control,No,Yes,,,,,,,,
Q7a[01][F],none,items selected would rate overall performance,01 ambulanceemergency medical services,Excellent,Good,Fair,Don't Know,Poor,,,,,
Q7a[02][F],none,items selected would rate overall performance,02 art cultural programsfacilities,Excellent,Good,Fair,Poor,Don't Know,,,,,
Q7a[03][F],none,items selected would rate overall performance,03 neighborhood code enforcement eg high weeds litter blight,Poor,Excellent,Fair,Good,Don't Know,,,,,
Q7a[04][F],none,items selected would rate overall performance,04 customer service provided city employees,Fair,Good,Excellent,Poor,Don't Know,,,,,
Q7a[05][F],none,items selected would rate overall performance,05 drinking water,Excellent,Poor,Good,Fair,Don't Know,,,,,
Q7a[06][F],none,items selected would rate overall performance,06 fire services,Excellent,Good,Fair,Poor,Don't Know,,,,,
Q7a[07][F],none,items selected would rate overall performance,07 solid waste services eg garbage recycling collection,Excellent,Good,Fair,Poor,Don't Know,,,,,
Q7a[08][F],none,items selected would rate overall performance,08 land use planning zoning,Poor,Fair,Good,Excellent,Don't Know,,,,,
Q7a[09][F],none,items selected would rate overall performance,09 maintenance infrastructure eg city streets sidewalks,Good,Poor,Fair,Don't Know,Excellent,,,,,
Q7a[10][F],none,items selected would rate overall performance,10 park recreation system,Excellent,Good,Fair,Poor,Don't Know,,,,,
Q7a[11][F],none,items selected would rate overall performance,11 police services,Poor,Good,Fair,Excellent,Don't Know,,,,,
Q7a[12][F],none,items selected would rate overall performance,12 communication city,Good,Don't Know,Fair,Poor,Excellent,,,,,
Q7a[13][F],none,items selected would rate overall performance,13 public library services,Excellent,Good,Fair,Poor,Don't Know,,,,,
Q7a[14][F],none,items selected would rate overall performance,14 sewer services eg sanitary sewerwastewater,Don't Know,Fair,Good,Excellent,Poor,,,,,
Q7a[15][F],none,items selected would rate overall performance,15 storm drainage,Fair,Poor,Excellent,Good,Don't Know,,,,,
Q7a[16][F],none,items selected would rate overall performance,16 traffic management traffic signals traffic flow signs parking,Excellent,Poor,Good,Fair,Don't Know,,,,,
Q7a[17][F],none,items selected would rate overall performance,17 [city name] love field airport,Excellent,Good,Fair,Poor,Don't Know,,,,,
Q7a[18][F],none,items selected would rate overall performance,18 municipal court services eg traffic parking ticket processing misdemeanor court cases fine collection,Fair,Good,Poor,Excellent,Don't Know,,,,,
Q7a[19][F],none,items selected would rate overall performance,19 social services community centers child care programs homeless programs senior programs,Poor,Excellent,Don't Know,Good,Fair,,,,,
Q7a[20][F],none,items selected would rate overall performance,20 311service request process call report problem,Poor,Excellent,Good,Fair,Don't Know,,,,,
Q7a[21][F],none,items selected would rate overall performance,21 animal services eg shelter adoptions animal control,Good,Poor,Fair,Excellent,Don't Know,,,,,
Q8[01][F],none,four services listed think citys top priorities,1st,"08. Land use, planning, and zoning","09. Maintenance of infrastructure (e.g., city streets and sidewalks)","03. Neighborhood code enforcement (e.g., high weeds, litter, blight)","16. Traffic management (traffic signals, traffic flow, signs, parking)","19. Social services (community centers, child care programs, homeless programs, senior programs)",05. Drinking water,11. Police services,"14. Sewer services (e.g., sanitary sewer/wastewater)",10. Park and recreation system,20. 311/Service request process (call to report problem)
Q8[02][F],none,four services listed think citys top priorities,2nd,"09. Maintenance of infrastructure (e.g., city streets and sidewalks)",20. 311/Service request process (call to report problem),11. Police services,"03. Neighborhood code enforcement (e.g., high weeds, litter, blight)",01. Ambulance/emergency medical services,"19. Social services (community centers, child care programs, homeless programs, senior programs)",06. Fire services,17. Dallas Love Field Airport,"07. Solid waste services (e.g., garbage and recycling collection)",10. Park and recreation system
Q8[03][F],none,four services listed think citys top priorities,3rd,"19. Social services (community centers, child care programs, homeless programs, senior programs)","03. Neighborhood code enforcement (e.g., high weeds, litter, blight)",10. Park and recreation system,12. Communication by the City,05. Drinking water,13. Public library services,"16. Traffic management (traffic signals, traffic flow, signs, parking)",17. Dallas Love Field Airport,02. Art and cultural programs/facilities,"09. Maintenance of infrastructure (e.g., city streets and sidewalks)"
Q8[04][F],none,four services listed think citys top priorities,4th,10. Park and recreation system,"16. Traffic management (traffic signals, traffic flow, signs, parking)",02. Art and cultural programs/facilities,"21. Animal services (e.g., shelter, adoptions, animal control)",20. 311/Service request process (call to report problem),"09. Maintenance of infrastructure (e.g., city streets and sidewalks)",15. Storm drainage,04. Customer service provided by city employees,11. Police services,"03. Neighborhood code enforcement (e.g., high weeds, litter, blight)"
Q9[01][F],public safety services,please rate citys performance following areas,01 visibility police commercial retail areas,Poor,Good,Fair,Don't Know,Excellent,,,,,
Q9[02][F],public safety services,please rate citys performance following areas,02 traffic enforcement,Fair,Good,Poor,Excellent,Don't Know,,,,,
Q9[03][F],public safety services,please rate citys performance following areas,03 visibility police neighborhoods,Good,Poor,Fair,Don't Know,Excellent,,,,,
Q9[04][F],public safety services,please rate citys performance following areas,04 efforts police effectively deal problems neighborhood,Fair,Good,Excellent,Poor,Don't Know,,,,,
Q9[05][F],public safety services,please rate citys performance following areas,05 response time police emergency calls,Don't Know,Good,Excellent,Poor,Fair,,,,,
Q9[06][F],public safety services,please rate citys performance following areas,06 response time fire structure fires,Don't Know,Excellent,Good,Fair,Poor,,,,,
Q9[07][F],public safety services,please rate citys performance following areas,07 response time fire medical emergencies,Don't Know,Excellent,Good,Fair,Poor,,,,,
Q9[08][F],public safety services,please rate citys performance following areas,08 fire prevention education,Don't Know,Poor,Good,Fair,Excellent,,,,,
Q9[09][F],public safety services,please rate citys performance following areas,09 prevention programs youth pals afterschool programming etc,Don't Know,Fair,Good,Excellent,Poor,,,,,
Q9[10][F],public safety services,please rate citys performance following areas,10 mental health programs,Don't Know,Poor,Fair,Excellent,Good,,,,,
Q9[11][F],public safety services,please rate citys performance following areas,11 quality volunteer disaster response programs community emergency response team,Don't Know,Poor,Fair,Excellent,Good,,,,,
Q10[01][F],none,two public safety services listed think citys top priorities,1st,04. Efforts by police to effectively deal with problems in your neighborhood,03. Visibility of police in neighborhoods,05. Response time of police to emergency calls,10. Mental health programs,07. Response time of fire to medical emergencies,01. Visibility of police in commercial and retail areas,"09. Prevention programs for youth (PALS, after-school programming, etc.)",02. Traffic enforcement,06. Response time of fire to structure fires,11. Quality of volunteer disaster response programs (Community Emergency Response Team)
Q10[02][F],none,two public safety services listed think citys top priorities,2nd,10. Mental health programs,01. Visibility of police in commercial and retail areas,04. Efforts by police to effectively deal with problems in your neighborhood,08. Fire prevention and education,05. Response time of police to emergency calls,11. Quality of volunteer disaster response programs (Community Emergency Response Team),02. Traffic enforcement,"09. Prevention programs for youth (PALS, after-school programming, etc.)",03. Visibility of police in neighborhoods,06. Response time of fire to structure fires
Q11[01][F],parks recreation,please rate citys performance following areas,01 city parks appearance quality amenities,Excellent,Good,Fair,Poor,Don't Know,,,,,
Q11[02][F],parks recreation,please rate citys performance following areas,02 recreation programs classes classes offered activities resources,Don't Know,Fair,Good,Poor,Excellent,,,,,
Q11[03][F],parks recreation,please rate citys performance following areas,03 rangevariety recreation programs classes,Don't Know,Fair,Good,Poor,Excellent,,,,,
Q11[04][F],parks recreation,please rate citys performance following areas,04 recreation centersfacilities appearance quality safety,Don't Know,Good,Fair,Poor,Excellent,,,,,
Q11[05][F],parks recreation,please rate citys performance following areas,05 accessibility parks ease access home,Excellent,Poor,Fair,Good,Don't Know,,,,,
Q11[06][F],parks recreation,please rate citys performance following areas,06 accessibility recreation centersfacilities,Don't Know,Excellent,Fair,Poor,Good,,,,,
Q11[07][F],parks recreation,please rate citys performance following areas,07 appearancemaintenance parks,Good,Fair,Excellent,Poor,Don't Know,,,,,
Q11[08][F],parks recreation,please rate citys performance following areas,08 appearancemaintenance recreation centersfacilities,Don't Know,Good,Fair,Excellent,Poor,,,,,
Q11[09][F],parks recreation,please rate citys performance following areas,09 outdoor athletic facilities soccerbaseball fields tennis courts,Good,Don't Know,Fair,Excellent,Poor,,,,,
Q11[10][F],parks recreation,please rate citys performance following areas,10 walking trails city access appearance quality,Excellent,Good,Fair,Poor,Don't Know,,,,,
Q11[11][F],parks recreation,please rate citys performance following areas,11 swimming facilities access appearance quality,Don't Know,Fair,Poor,Good,Excellent,,,,,
Q11[12][F],parks recreation,please rate citys performance following areas,12 ease registering city recreation programsevents,Don't Know,Good,Poor,Excellent,Fair,,,,,
Q11[13][F],parks recreation,please rate citys performance following areas,13 city golf courses,Good,Excellent,Don't Know,Fair,Poor,,,,,
Q12[01][F],none,three park recreation services listed think citys top priorities,1st,"01. City parks (appearance, quality, amenities)",13. City golf courses,07. Appearance/maintenance of parks,05. Accessibility of parks (ease of access from home),06. Accessibility of recreation centers/facilities,"04. Recreation centers/facilities (appearance, quality, safety)","11. Swimming facilities (access, appearance, quality)","02. Recreation programs or classes (classes offered, activities, resources)","10. Walking trails in the city (access, appearance, quality)","09. Outdoor athletic facilities (soccer/baseball fields, tennis courts)"
Q12[02][F],none,three park recreation services listed think citys top priorities,2nd,"09. Outdoor athletic facilities (soccer/baseball fields, tennis courts)","10. Walking trails in the city (access, appearance, quality)","04. Recreation centers/facilities (appearance, quality, safety)","01. City parks (appearance, quality, amenities)","11. Swimming facilities (access, appearance, quality)",13. City golf courses,08. Appearance/maintenance of recreation centers/facilities,03. Range/variety of recreation programs and classes,07. Appearance/maintenance of parks,06. Accessibility of recreation centers/facilities
Q12[03][F],none,three park recreation services listed think citys top priorities,3rd,"10. Walking trails in the city (access, appearance, quality)","01. City parks (appearance, quality, amenities)",07. Appearance/maintenance of parks,05. Accessibility of parks (ease of access from home),12. Ease of registering for city recreation programs/events,"11. Swimming facilities (access, appearance, quality)","04. Recreation centers/facilities (appearance, quality, safety)",03. Range/variety of recreation programs and classes,"09. Outdoor athletic facilities (soccer/baseball fields, tennis courts)",06. Accessibility of recreation centers/facilities
Q13[01][F],code enforcement services,please rate citys performance following areas,01 enforcement multifamily building conditions,Don't Know,Fair,Poor,Excellent,Good,,,,,
Q13[02][F],code enforcement services,please rate citys performance following areas,02 enforcement mowing weeds high grass private property,Good,Poor,Don't Know,Fair,Excellent,,,,,
Q13[03][F],code enforcement services,please rate citys performance following areas,03 enforcement blighted residential properties,Good,Poor,Don't Know,Fair,Excellent,,,,,
Q13[04][F],code enforcement services,please rate citys performance following areas,04 enforcement sign regulations,Excellent,Don't Know,Good,Poor,Fair,,,,,
Q13[05][F],code enforcement services,please rate citys performance following areas,05 city efforts remove junk motor vehicles inoperative private property,Don't Know,Poor,Fair,Good,Excellent,,,,,
Q13[06][F],code enforcement services,please rate citys performance following areas,06 enforcement bulkbrush trash violations,Good,Don't Know,Poor,Excellent,Fair,,,,,
Q13[07][F],code enforcement services,please rate citys performance following areas,07 enforcement litter private property,Excellent,Poor,Don't Know,Fair,Good,,,,,
Q13[08][F],code enforcement services,please rate citys performance following areas,08 city efforts survey abate mosquitos carrying viruses,Don't Know,Poor,Good,Fair,Excellent,,,,,
Q13[09][F],code enforcement services,please rate citys performance following areas,09 enforcement food safety restaurants,Don't Know,Good,Fair,Poor,Excellent,,,,,
Q13[10][F],code enforcement services,please rate citys performance following areas,10 enforcement yard parking regulations neighborhood,Excellent,Don't Know,Poor,Good,Fair,,,,,
Q14[01][F],none,two code enforcement services listed think citys top priorities,1st,09. Enforcement of food safety in restaurants,02. Enforcement of the mowing of weeds and high grass on private property,10. Enforcement of yard parking regulations in your neighborhood,05. City efforts to remove junk motor vehicles (inoperative) on private property,08. City efforts to survey and abate mosquitos carrying viruses,03. Enforcement of blighted residential properties,06. Enforcement of bulk/brush trash violations,07. Enforcement of litter on private property,01. Enforcement of multi-family building conditions,04. Enforcement of sign regulations
Q14[02][F],none,two code enforcement services listed think citys top priorities,2nd,04. Enforcement of sign regulations,05. City efforts to remove junk motor vehicles (inoperative) on private property,02. Enforcement of the mowing of weeds and high grass on private property,08. City efforts to survey and abate mosquitos carrying viruses,01. Enforcement of multi-family building conditions,09. Enforcement of food safety in restaurants,03. Enforcement of blighted residential properties,07. Enforcement of litter on private property,06. Enforcement of bulk/brush trash violations,10. Enforcement of yard parking regulations in your neighborhood
Q15[01][F],solid waste services,please rate citys performance following areas,1 garbage collections,Excellent,Don't Know,Good,Poor,Fair,,,,,
Q15[02][F],solid waste services,please rate citys performance following areas,2 recycling,Excellent,Good,Don't Know,Fair,Poor,,,,,
Q15[03][F],solid waste services,please rate citys performance following areas,3 yard waste pickup,Don't Know,Excellent,Good,Fair,Poor,,,,,
Q15[04][F],solid waste services,please rate citys performance following areas,4 bulk trash pickup,Excellent,Don't Know,Good,Fair,Poor,,,,,
Q15[05][F],solid waste services,please rate citys performance following areas,5 household hazardous waste disposal,Don't Know,Excellent,Poor,Good,Fair,,,,,
Q16[01][F],none,two solid waste services listed think citys top priorities,1st,1. Garbage collections,2. Recycling,4. Bulk trash pick-up,5. Household hazardous waste disposal,3. Yard waste pick-up,,,,,
Q16[02][F],none,two solid waste services listed think citys top priorities,2nd,4. Bulk trash pick-up,2. Recycling,1. Garbage collections,5. Household hazardous waste disposal,3. Yard waste pick-up,,,,,
Q17[01][F],streets infrastructuremobility,please rate citys performance following areas,01 maintenance repair thoroughfares major streets,Good,Poor,Fair,Excellent,Don't know,,,,,
Q17[02][F],streets infrastructuremobility,please rate citys performance following areas,02 maintenance repair streets neighborhood,Excellent,Poor,Fair,Good,Don't know,,,,,
Q17[03][F],streets infrastructuremobility,please rate citys performance following areas,03 street striping,Excellent,Poor,Good,Fair,Don't know,,,,,
Q17[04][F],streets infrastructuremobility,please rate citys performance following areas,04 street cleaning,Good,Poor,Fair,Excellent,Don't know,,,,,
Q17[05][F],streets infrastructuremobility,please rate citys performance following areas,05 street lighting,Good,Fair,Poor,Excellent,Don't know,,,,,
Q17[06][F],streets infrastructuremobility,please rate citys performance following areas,06 traffic signs signal operations,Good,Fair,Excellent,Poor,Don't know,,,,,
Q17[07][F],streets infrastructuremobility,please rate citys performance following areas,07 sidewalk maintenance,Good,Poor,Fair,Don't know,Excellent,,,,,
Q17[08][F],streets infrastructuremobility,please rate citys performance following areas,08 alley maintenance,Good,Poor,Don't know,Fair,Excellent,,,,,
Q17[09][F],streets infrastructuremobility,please rate citys performance following areas,09 curbs gutters,Excellent,Good,Poor,Fair,Don't know,,,,,
Q17[10][F],streets infrastructuremobility,please rate citys performance following areas,10 bike lanes city shared protected multiuse,Fair,Good,Poor,Excellent,Don't know,,,,,
Q18[01][F],none,two street infrastructure services listed think citys top priorities,1st,01. Maintenance and repair of thoroughfares and major streets,08. Alley maintenance,02. Maintenance and repair of streets in your neighborhood,05. Street lighting,"10. Bike lanes in the city (shared, protected and multi-use)",07. Sidewalk maintenance,09. Curbs and gutters,03. Street striping,04. Street cleaning,06. Traffic signs and signal operations
Q18[02][F],none,two street infrastructure services listed think citys top priorities,2nd,07. Sidewalk maintenance,01. Maintenance and repair of thoroughfares and major streets,02. Maintenance and repair of streets in your neighborhood,03. Street striping,"10. Bike lanes in the city (shared, protected and multi-use)",06. Traffic signs and signal operations,05. Street lighting,08. Alley maintenance,04. Street cleaning,09. Curbs and gutters
Q19[01][F],city servicesfacilities,please rate citys performance following areas,01 services seniors,Don't know,Good,Poor,Fair,Excellent,,,,,
Q19[02][F],city servicesfacilities,please rate citys performance following areas,02 services youth,Don't know,Fair,Poor,Good,Excellent,,,,,
Q19[03][F],city servicesfacilities,please rate citys performance following areas,03 services underserved communities including populations face barriers low income lower levels education limited english proficiency mental physical disabilities,Don't know,Poor,Fair,Good,Excellent,,,,,
Q19[04][F],city servicesfacilities,please rate citys performance following areas,04 services unhoused residents,Don't know,Poor,Fair,Good,Excellent,,,,,
Q19[05][F],city servicesfacilities,please rate citys performance following areas,05 housing services programs home repair loan assistance neighborhood grants etc,Don't know,Poor,Fair,Good,Excellent,,,,,
Q19[06][F],city servicesfacilities,please rate citys performance following areas,06 variety arts cultural programs,Good,Don't know,Fair,Excellent,Poor,,,,,
Q19[07][F],city servicesfacilities,please rate citys performance following areas,07 appearancemaintenance arts cultural centersfacilities,Excellent,Don't know,Good,Fair,Poor,,,,,
Q19[08][F],city servicesfacilities,please rate citys performance following areas,08 accessibility arts cultural centersfacilities,Good,Don't know,Excellent,Fair,Poor,,,,,
Q19[09][F],city servicesfacilities,please rate citys performance following areas,09 variety library materials,Don't know,Good,Excellent,Fair,Poor,,,,,
Q19[10][F],city servicesfacilities,please rate citys performance following areas,10 appearancemaintenance librariesfacilities,Excellent,Don't know,Good,Fair,Poor,,,,,
Q19[11][F],city servicesfacilities,please rate citys performance following areas,11 accessibility city facilitiesservices persons,Don't know,Good,Fair,Poor,Excellent,,,,,
Q19[12][F],city servicesfacilities,please rate citys performance following areas,12 variety arts cultural programs,Good,Don't know,Excellent,Fair,Poor,,,,,
Q19[13][F],city servicesfacilities,please rate citys performance following areas,13 services seek address racial ethnic disparities,Don't know,Fair,Poor,Good,Excellent,,,,,
Q20[L],none,customer service,none,Yes,No,,,,,,,,
Q20a[01][F],none,please rate performance city employees helped last time contacted city following areas,1 knowledge,Excellent,Good,Poor,Fair,Don't know,,,,,
Q20a[02][F],none,please rate performance city employees helped last time contacted city following areas,2 responsiveness,Excellent,Poor,Good,Fair,Don't know,,,,,
Q20a[03][F],none,please rate performance city employees helped last time contacted city following areas,3 courtesy,Excellent,Good,Fair,Poor,Don't know,,,,,
Q20a[04][F],none,please rate performance city employees helped last time contacted city following areas,4 overall,Excellent,Fair,Good,Poor,Don't know,,,,,
Q21[01][F],none,please rate level agreement following statements,1 pleased overall direction city [city name] taking,Agree,Neutral,Disagree,Strongly Disagree,Don't Know,Strongly Agree,,,,
Q21[02][F],none,please rate level agreement following statements,2 city [city name] government welcomes resident involvement,Neutral,Don't Know,Agree,Disagree,Strongly Disagree,Strongly Agree,,,,
Q21[03][F],none,please rate level agreement following statements,3 city [city name] government listens diverse range people,Agree,Strongly Agree,Strongly Disagree,Don't Know,Disagree,Neutral,,,,
Q21[04][F],none,please rate level agreement following statements,4 employees city [city name] ethical way conduct city business,Neutral,Don't Know,Disagree,Agree,Strongly Disagree,Strongly Agree,,,,
Q21[05][F],none,please rate level agreement following statements,5 government leaders city [city name] ethical way conduct business,Neutral,Don't Know,Strongly Disagree,Disagree,Agree,Strongly Agree,,,,
Q21[06][F],none,please rate level agreement following statements,6 pleased direction city taking address racial ethnic disparities,Don't Know,Neutral,Disagree,Strongly Disagree,Agree,Strongly Agree,,,,
Q22[N],none,many years lived [city name],none,14.0,3.0,20.0,30.0,27.0,15.0,31.0,24.0,40.0,6.0
Q23[N],none,age,none,32.0,33.0,52.0,37.0,27.0,39.0,31.0,62.0,42.0,65.0
Q24[L],none,gender,none,Male,Female,Self-identified,,,,,,,
Q25[L],none,hispanic latino spanish origin,none,No,Yes,,,,,,,,
Q26[01][M],none,following best describes raceethnicity,asian asian indian,No,Yes,,,,,,,,
Q26[02][M],none,following best describes raceethnicity,black african american,No,Yes,,,,,,,,
Q26[03][M],none,following best describes raceethnicity,american indian alaska native,No,Yes,,,,,,,,
Q26[04][M],none,following best describes raceethnicity,white caucasian,Yes,No,,,,,,,,
Q26[05][M],none,following best describes raceethnicity,native hawaiian pacific islander,No,Yes,,,,,,,,
Q26[06][M],none,following best describes raceethnicity,hispanic spanish latinoax,No,Yes,,,,,,,,
Q26[07][M],none,following best describes raceethnicity,korean,,,,,,,,,,
Q26[08][M],none,following best describes raceethnicity,chinese,,,,,,,,,,
Q26[09][M],none,following best describes raceethnicity,middle eastern north african,,,,,,,,,,
Q26[10][M],none,following best describes raceethnicity,slaviceastern european,,,,,,,,,,
Q26[77][M],none,following best describes raceethnicity,unknowndont know,,,,,,,,,,
Q26[88][M],none,following best describes raceethnicity,prefer say,,,,,,,,,,
Q26[99][M],none,following best describes raceethnicity,,No,Yes,,,,,,,,
Q26x99[S],none,please describe raceethnicity,none,Hispanic,Multi american,"German, Slovak, Rusyn, Irish",Na ,Hispanic ,Iranian American,Biracial,Mixed,NA ,Other 
Q27[01][K],none,including many persons household,age 12,2.0,1.0,0.0,3.0,4.0,5.0,12.0,,,
Q27[02][K],none,including many persons household,ages 1217,0.0,1.0,3.0,2.0,17.0,4.0,9.0,16.0,,
Q27[03][K],none,including many persons household,ages 1834,2.0,1.0,0.0,3.0,23.0,9.0,4.0,34.0,35.0,
Q27[04][K],none,including many persons household,ages 3549,1.0,2.0,0.0,3.0,47.0,44.0,4.0,,,
Q27[05][K],none,including many persons household,ages 5064,1.0,0.0,2.0,40.0,61.0,9.0,3.0,62.0,57.0,33.0
Q27[06][K],none,including many persons household,ages 65,0.0,2.0,1.0,65.0,70.0,3.0,72.0,6.0,20.0,71.0
Q28[L],none,primary language spoken home,none,English,Spanish,Other,French,Chinese,Vietnamese,,,,
Q28x8[S],none,please define,none,Italian ,Portuguese,Urdu,English and Spanish,"Equal use of English, German, & Italian",日本語,Kutchi Indian language ,Italian,,
Q29[L],none,total annual household income,none,"$100,000 or more","$50,000 - $74,999","$25,000 - $49,999","$75,000 - $99,999","Less than $24,999",,,,,
Q30[L],none,rent home,none,Own,Rent (or occupy without paying),,,,,,,,
Q31[L],none,anyone household disabled,none,No,Yes,,,,,,,,
Q32[L],none,anyone household member lgbtq community,none,No,Yes,,,,,,,,
Q33[L],none,would willing participate future surveys sponsored city insertans8245x10302x182318comname,none,Yes,No,,,,,,,,
Q1[01][F],none,please rate overall satisfaction major categories services provided city [city name],01 overall quality police fire emergency medical services,Satisfied,Very Satisfied,Don't Know,Neutral,Dissatisfied,Very Dissatisfied,,,,
Q1[02][F],none,please rate overall satisfaction major categories services provided city [city name],02 overall quality city parks recreation programs facilities,Satisfied,Very Satisfied,Don't Know,Neutral,Dissatisfied,Very Dissatisfied,,,,
Q1[03][F],none,please rate overall satisfaction major categories services provided city [city name],03 overall maintenance city streets buildings facilities,Satisfied,Very Satisfied,Neutral,Dissatisfied,Very Dissatisfied,Don't Know,,,,
Q1[04][F],none,please rate overall satisfaction major categories services provided city [city name],04 overall quality city water sewer utilities,Satisfied,Very Satisfied,Neutral,Dissatisfied,Very Dissatisfied,Don't Know,,,,
Q1[05][F],none,please rate overall satisfaction major categories services provided city [city name],05 overall enforcement city codes ordinances,Satisfied,Very Satisfied,Neutral,Don't Know,Dissatisfied,Very Dissatisfied,,,,
Q1[06][F],none,please rate overall satisfaction major categories services provided city [city name],06 overall quality customer service receive city employees,Satisfied,Very Satisfied,Don't Know,Neutral,Dissatisfied,Very Dissatisfied,,,,
Q1[07][F],none,please rate overall satisfaction major categories services provided city [city name],07 overall effectiveness city communication public,Satisfied,Very Satisfied,Don't Know,Dissatisfied,Neutral,Very Dissatisfied,,,,
Q1[08][F],none,please rate overall satisfaction major categories services provided city [city name],08 overall quality citys stormwater runoffstormwater management system,Satisfied,Very Satisfied,Neutral,Don't Know,Dissatisfied,Very Dissatisfied,,,,
Q1[09][F],none,please rate overall satisfaction major categories services provided city [city name],09 overall flow traffic congestion management [city name],Satisfied,Very Satisfied,Dissatisfied,Neutral,Very Dissatisfied,Don't Know,,,,
Q1[10][F],none,please rate overall satisfaction major categories services provided city [city name],10 overall quality city olathes solid waste system trash recycling yard waste,Satisfied,Very Satisfied,Neutral,Dissatisfied,Very Dissatisfied,Don't Know,,,,
Q1[11][F],none,please rate overall satisfaction major categories services provided city [city name],11 overall quality city libraries,Satisfied,Very Satisfied,Neutral,Don't Know,Dissatisfied,Very Dissatisfied,,,,
Q2[01][F],none,three major categories city services listed question 1 think receive emphasis city leaders next two years,1st,09. Overall flow of traffic and congestion management in Olathe,"03. Overall maintenance of city streets, buildings and facilities",02. Overall quality of city parks and recreation programs and facilities,"01. Overall quality of police, fire, and emergency medical services",05. Overall enforcement of city codes and ordinances,07. Overall effectiveness of city communication with the public,06. Overall quality of customer service you receive from city employees,"10. Overall quality of City of Olathe's solid waste system (trash, recycling, yard waste)",04. Overall quality of city water and sewer utilities,11. Overall quality of city libraries
Q2[02][F],none,three major categories city services listed question 1 think receive emphasis city leaders next two years,2nd,"03. Overall maintenance of city streets, buildings and facilities",05. Overall enforcement of city codes and ordinances,08. Overall quality of the City's stormwater runoff/stormwater management system,"01. Overall quality of police, fire, and emergency medical services",02. Overall quality of city parks and recreation programs and facilities,09. Overall flow of traffic and congestion management in Olathe,"10. Overall quality of City of Olathe's solid waste system (trash, recycling, yard waste)",04. Overall quality of city water and sewer utilities,07. Overall effectiveness of city communication with the public,06. Overall quality of customer service you receive from city employees
Q2[03][F],none,three major categories city services listed question 1 think receive emphasis city leaders next two years,3rd,04. Overall quality of city water and sewer utilities,07. Overall effectiveness of city communication with the public,09. Overall flow of traffic and congestion management in Olathe,"03. Overall maintenance of city streets, buildings and facilities",05. Overall enforcement of city codes and ordinances,"01. Overall quality of police, fire, and emergency medical services",02. Overall quality of city parks and recreation programs and facilities,08. Overall quality of the City's stormwater runoff/stormwater management system,06. Overall quality of customer service you receive from city employees,11. Overall quality of city libraries
Q3[01][F],none,please rate satisfaction following items may influence perception city [city name],01 overall quality services provided city [city name],Satisfied,Very Satisfied,Don't Know,Neutral,Very Dissatisfied,Dissatisfied,,,,
Q3[02][F],none,please rate satisfaction following items may influence perception city [city name],02 overall image city,Satisfied,Very Satisfied,Neutral,Dissatisfied,Very Dissatisfied,Don't Know,,,,
Q3[03][F],none,please rate satisfaction following items may influence perception city [city name],03 overall quality life city,Satisfied,Very Satisfied,Neutral,Very Dissatisfied,Dissatisfied,Don't Know,,,,
Q3[04][F],none,please rate satisfaction following items may influence perception city [city name],04 overall quality neighborhood,Very Satisfied,Neutral,Satisfied,Dissatisfied,Very Dissatisfied,Don't Know,,,,
Q3[05][F],none,please rate satisfaction following items may influence perception city [city name],05 overall quality new residential development city,Satisfied,Very Satisfied,Don't Know,Neutral,Very Dissatisfied,Dissatisfied,,,,
Q3[06][F],none,please rate satisfaction following items may influence perception city [city name],06 overall quality new commercial development city including architecture design,Satisfied,Very Satisfied,Neutral,Dissatisfied,Very Dissatisfied,Don't Know,,,,
Q3[07][F],none,please rate satisfaction following items may influence perception city [city name],07 overall quality public education [city name],Satisfied,Very Satisfied,Don't Know,Neutral,Dissatisfied,Very Dissatisfied,,,,
Q3[08][F],none,please rate satisfaction following items may influence perception city [city name],08 overall value receive city tax dollars fees,Satisfied,Neutral,Very Satisfied,Don't Know,Dissatisfied,Very Dissatisfied,,,,
Q3[09][F],none,please rate satisfaction following items may influence perception city [city name],09 citys efforts promote diversity community,Satisfied,Neutral,Very Satisfied,Don't Know,Dissatisfied,Very Dissatisfied,,,,
Q3[10][F],none,please rate satisfaction following items may influence perception city [city name],10 overall quality downtown [city name],Satisfied,Very Satisfied,Neutral,Very Dissatisfied,Dissatisfied,Don't Know,,,,
Q3[11][F],none,please rate satisfaction following items may influence perception city [city name],11 overall sense community [city name],Satisfied,Very Satisfied,Neutral,Dissatisfied,Don't Know,Very Dissatisfied,,,,
Q4[01][F],none,please rate satisfaction following items concerning city leadership,1 overall quality leadership provided citys elected officials,Satisfied,Very Satisfied,Neutral,Don't Know,Dissatisfied,Very Dissatisfied,,,,
Q4[02][F],none,please rate satisfaction following items concerning city leadership,2 overall effectiveness city manager appointed staff,Satisfied,Very Satisfied,Neutral,Don't Know,Dissatisfied,Very Dissatisfied,,,,
Q5[01][F],none,please rate satisfaction following maintenance items,01 overall maintenance city streets,Satisfied,Very Satisfied,Neutral,Dissatisfied,Very Dissatisfied,Don't Know,,,,
Q5[02][F],none,please rate satisfaction following maintenance items,02 maintenance streets neighborhood,Satisfied,Very Satisfied,Neutral,Dissatisfied,Very Dissatisfied,Don't Know,,,,
Q5[03][F],none,please rate satisfaction following maintenance items,03 maintenance sidewalks [city name],Satisfied,Very Satisfied,Neutral,Dissatisfied,Very Dissatisfied,Don't Know,,,,
Q5[04][F],none,please rate satisfaction following maintenance items,04 cleanliness city buildings city hall community center etc,Don't Know,Very Satisfied,Satisfied,Neutral,Dissatisfied,Very Dissatisfied,,,,
Q5[05][F],none,please rate satisfaction following maintenance items,05 snow removal major city streets,Satisfied,Very Satisfied,Neutral,Dissatisfied,Very Dissatisfied,Don't Know,,,,
Q5[06][F],none,please rate satisfaction following maintenance items,06 snow removal neighborhood streets,Satisfied,Very Satisfied,Neutral,Dissatisfied,Very Dissatisfied,Don't Know,,,,
Q5[07][F],none,please rate satisfaction following maintenance items,07 mowing trimming along city streets public areas,Satisfied,Very Satisfied,Neutral,Dissatisfied,Very Dissatisfied,Don't Know,,,,
Q5[08][F],none,please rate satisfaction following maintenance items,08 overall cleanliness city streets,Satisfied,Very Satisfied,Neutral,Very Dissatisfied,Dissatisfied,Don't Know,,,,
Q5[09][F],none,please rate satisfaction following maintenance items,09 adequacy city street lighting,Satisfied,Very Satisfied,Very Dissatisfied,Neutral,Dissatisfied,Don't Know,,,,
Q5[10][F],none,please rate satisfaction following maintenance items,10 maintenance curbs gutters city streets,Satisfied,Very Satisfied,Dissatisfied,Neutral,Don't Know,Very Dissatisfied,,,,
Q5[11][F],none,please rate satisfaction following maintenance items,11 quality landscaping median city streets,Satisfied,Very Satisfied,Neutral,Very Dissatisfied,Dissatisfied,Don't Know,,,,
Q6[01][F],none,two city maintenance services listed question 5 think receive emphasis city leaders next two years,1st,03. Maintenance of sidewalks in Olathe,07. Mowing and trimming along city streets and other public areas,02. Maintenance of streets in YOUR neighborhood,05. Snow removal on major city streets,09. Adequacy of city street lighting,08. Overall cleanliness of city streets,01. Overall maintenance of city streets,11. Quality of landscaping in median on city streets,"04. Cleanliness of city buildings (City Hall, Community Center, etc.)",06. Snow removal on neighborhood streets
Q6[02][F],none,two city maintenance services listed question 5 think receive emphasis city leaders next two years,2nd,01. Overall maintenance of city streets,03. Maintenance of sidewalks in Olathe,09. Adequacy of city street lighting,02. Maintenance of streets in YOUR neighborhood,08. Overall cleanliness of city streets,10. Maintenance of curbs and gutters on city streets,06. Snow removal on neighborhood streets,05. Snow removal on major city streets,"04. Cleanliness of city buildings (City Hall, Community Center, etc.)",07. Mowing and trimming along city streets and other public areas
Q7[01][F],none,please rate satisfaction following water services,1 water pressure typical day,Satisfied,Very Satisfied,Neutral,Dissatisfied,Very Dissatisfied,Don't Know,,,,
Q7[02][F],none,please rate satisfaction following water services,2 taste tap water,Satisfied,Very Satisfied,Neutral,Don't Know,Dissatisfied,Very Dissatisfied,,,,
Q7[03][F],none,please rate satisfaction following water services,3 smell tap water,Satisfied,Very Satisfied,Neutral,Dissatisfied,Don't Know,Very Dissatisfied,,,,
Q7[04][F],none,please rate satisfaction following water services,4 clarity tap water,Satisfied,Very Satisfied,Neutral,Dissatisfied,Don't Know,Very Dissatisfied,,,,
Q7[05][F],none,please rate satisfaction following water services,5 city keeps informed tap water quality issues,Don't Know,Satisfied,Neutral,Very Satisfied,Dissatisfied,Very Dissatisfied,,,,
Q7[06][F],none,please rate satisfaction following water services,6 well city keeps informed disruptions water service,Don't Know,Satisfied,Very Satisfied,Neutral,Dissatisfied,Very Dissatisfied,,,,
Q7[07][F],none,please rate satisfaction following water services,7 charged water,Neutral,Satisfied,Very Satisfied,Dissatisfied,Very Dissatisfied,Don't Know,,,,
Q7[08][F],none,please rate satisfaction following water services,8 overall quality water service,Satisfied,Very Satisfied,Don't Know,Neutral,Dissatisfied,Very Dissatisfied,,,,
Q7a[T],none,dissatisfied,none,I believe the charge for water and storm sewer taxes are excessive. ,"People should not be charged such high prices for water, and this applies to JCW as well.  Shame on you. ","Water Pressure, I am sure this is a personal preference. But honestly feel the pressure should be around 55-60 psi.
I haven't checked mine in sometime but would guess on a good day it is only around 40-45 psi",Water is very expensive.  At least the city discontinued required back flow valve testing every year.,Does not taste okay unless I filter it,Too many taxes and fees added to basic water cost. ,Could always save money. ,"If there are in fact quality issues with the water, I’m not aware of them",it costs a fortune between water and sewer,Cost is too high
Q8[01][F],none,please rate satisfaction following items concerning trash service,1 timeliness trash service,Very Satisfied,Satisfied,Dissatisfied,Neutral,Don't Know,Very Dissatisfied,,,,
Q8[02][F],none,please rate satisfaction following items concerning trash service,2 professionalism employees pick trash,Very Satisfied,Satisfied,Neutral,Don't Know,Very Dissatisfied,Dissatisfied,,,,
Q8[03][F],none,please rate satisfaction following items concerning trash service,3 overall effort employees ensure trash removed,Very Satisfied,Satisfied,Neutral,Dissatisfied,Don't Know,Very Dissatisfied,,,,
Q8[04][F],none,please rate satisfaction following items concerning trash service,4 city efforts keep informed trash removal issues,Very Satisfied,Satisfied,Neutral,Don't Know,Dissatisfied,Very Dissatisfied,,,,
Q8[05][F],none,please rate satisfaction following items concerning trash service,5 city efforts keep informed disruptions trash service,Very Satisfied,Neutral,Satisfied,Don't Know,Dissatisfied,Very Dissatisfied,,,,
Q8[06][F],none,please rate satisfaction following items concerning trash service,6 quickly city personnel respond trash service requests,Very Satisfied,Satisfied,Neutral,Don't Know,Dissatisfied,Very Dissatisfied,,,,
Q8[07][F],none,please rate satisfaction following items concerning trash service,7 charged trash service,Very Satisfied,Satisfied,Neutral,Dissatisfied,Very Dissatisfied,Don't Know,,,,
Q8[08][F],none,please rate satisfaction following items concerning trash service,8 overall quality trash service,Very Satisfied,Satisfied,Neutral,Don't Know,Dissatisfied,Very Dissatisfied,,,,
Q8[09][F],none,please rate satisfaction following items concerning trash service,9 bulky item pick upremoval services old furniture appliances etc,Very Satisfied,Satisfied,Dissatisfied,Neutral,Don't Know,Very Dissatisfied,,,,
Q8a[T],none,dissatisfied,none,The taxes are high.," 

Not picked up ",There should not be a charge for any item we bring to station. ,trash is waiting to be removed for weeks,fast.  Rough handling,occasionally missed. ,They do not pick up sticks. ,they spill trash  and don't pick it up,Rates are costly,just am.
Q9[01][F],none,please rate satisfaction following items concerning recycling service,1 timeliness recycling pickups,Very Satisfied,Satisfied,Neutral,Don't Know,Dissatisfied,Very Dissatisfied,,,,
Q9[02][F],none,please rate satisfaction following items concerning recycling service,2 professionalism employees pick items recycled,Very Satisfied,Satisfied,Neutral,Don't Know,Very Dissatisfied,Dissatisfied,,,,
Q9[03][F],none,please rate satisfaction following items concerning recycling service,3 overall effort employees ensure recycling pickup complete,Very Satisfied,Satisfied,Neutral,Don't Know,Dissatisfied,Very Dissatisfied,,,,
Q9[04][F],none,please rate satisfaction following items concerning recycling service,4 well city keeps informed curbside recycling issues,Very Satisfied,Satisfied,Don't Know,Neutral,Dissatisfied,Very Dissatisfied,,,,
Q9[05][F],none,please rate satisfaction following items concerning recycling service,5 quickly city personnel respond requests curbside recycling,Very Satisfied,Satisfied,Don't Know,Neutral,Dissatisfied,Very Dissatisfied,,,,
Q9[06][F],none,please rate satisfaction following items concerning recycling service,6 overall quality citys curbside recycling program,Very Satisfied,Satisfied,Neutral,Don't Know,Dissatisfied,Very Dissatisfied,,,,
Q9[07][F],none,please rate satisfaction following items concerning recycling service,7 household hazardous waste disposal service oil paint etc,Very Satisfied,Satisfied,Neutral,Don't Know,Very Dissatisfied,Dissatisfied,,,,
Q9a[T],none,dissatisfied,none,I want weekly recycling. I don’t need weekly yard waste.,Getting rid of disposable batteries needs to be addressed in a better way. ,"I know it’s a cost matter, but I wish pick up was weekly",Would like it to be weekly.,they do not pick up all,It would be amazing if recycling were a weekly pick up. Thank you! ,"In my area they have flip flop recycling pickup a couple of times without any notice. Meaning we put out our recycling on the week it usually comes no pick up. They picked up the next week. Two weeks later they went back to the regular pick up. No notice. Plus recycling should be picked up every week not every other week. NO clue that Olathe offered a paint , and oil pickup. What is the cost for hazardous material pickup?",know nothing about hazardous waste disposal,recycling needs to be every week,Recycling pickup needs to be done every week. 
Q10[01][F],none,please rate satisfaction following transportation items,1 ease northsouth travel [city name] car,Satisfied,Neutral,Very Dissatisfied,Very Satisfied,Dissatisfied,Don't Know,,,,
Q10[02][F],none,please rate satisfaction following transportation items,2 ease eastwest travel [city name] car,Satisfied,Neutral,Very Dissatisfied,Very Satisfied,Dissatisfied,Don't Know,,,,
Q10[03][F],none,please rate satisfaction following transportation items,3 ease travel bicycle [city name],Don't Know,Neutral,Satisfied,Dissatisfied,Very Dissatisfied,Very Satisfied,,,,
Q10[04][F],none,please rate satisfaction following transportation items,4 ease pedestrian travel [city name],Don't Know,Satisfied,Very Satisfied,Neutral,Dissatisfied,Very Dissatisfied,,,,
Q10[05][F],none,please rate satisfaction following transportation items,5 reliability traffic signal timing progression,Neutral,Satisfied,Very Satisfied,Dissatisfied,Very Dissatisfied,Don't Know,,,,
Q11[01][F],none,two transportation services listed question 10 think receive emphasis city leaders next two years,1st,3. Ease of travel by bicycle in Olathe,2. Ease of east/west travel in Olathe by car,1. Ease of north/south travel in Olathe by car,5. Reliability of traffic signal timing or progression,4. Ease of pedestrian travel in Olathe,,,,,
Q11[02][F],none,two transportation services listed question 10 think receive emphasis city leaders next two years,2nd,5. Reliability of traffic signal timing or progression,1. Ease of north/south travel in Olathe by car,3. Ease of travel by bicycle in Olathe,2. Ease of east/west travel in Olathe by car,4. Ease of pedestrian travel in Olathe,,,,,
Q12[01][F],none,please answer either yes following questions,1 sidewalkstrails,Yes,No,,,,,,,,
Q12[02][F],none,please answer either yes following questions,2 bike lanes bike facilities,No,Yes,,,,,,,,
Q12[03][F],none,please answer either yes following questions,3 streets,Yes,No,,,,,,,,
Q12[04][F],none,please answer either yes following questions,4 public transportation,Yes,No,,,,,,,,
Q12[05][F],none,please answer either yes following questions,5 rideshare applications uber lyft etc,Yes,No,,,,,,,,
Q13[01][F],none,please rate satisfaction following code enforcement items,1 enforcing cleanup debris private property,Don't Know,Neutral,Very Satisfied,Satisfied,Dissatisfied,Very Dissatisfied,,,,
Q13[02][F],none,please rate satisfaction following code enforcement items,2 enforcing mowing cutting weeds private property,Don't Know,Dissatisfied,Neutral,Satisfied,Very Dissatisfied,Very Satisfied,,,,
Q13[03][F],none,please rate satisfaction following code enforcement items,3 enforcing exterior maintenance residential property,Don't Know,Satisfied,Neutral,Dissatisfied,Very Satisfied,Very Dissatisfied,,,,
Q13[04][F],none,please rate satisfaction following code enforcement items,4 enforcing exterior maintenance business property,Don't Know,Satisfied,Neutral,Very Satisfied,Dissatisfied,Very Dissatisfied,,,,
Q13[05][F],none,please rate satisfaction following code enforcement items,5 enforcing sign regulations,Don't Know,Satisfied,Neutral,Very Satisfied,Dissatisfied,Very Dissatisfied,,,,
Q13[06][F],none,please rate satisfaction following code enforcement items,6 professionalism code enforcement employees,Don't Know,Satisfied,Neutral,Very Satisfied,Very Dissatisfied,Dissatisfied,,,,
Q14[01][F],none,two code enforcement services think receive emphasis city leaders next two years,1st,5. Enforcing sign regulations,2. Enforcing the mowing and cutting of weeds on private property,6. Professionalism of code enforcement employees,3. Enforcing the exterior maintenance of residential property,1. Enforcing the clean-up of debris on private property,4. Enforcing the exterior maintenance of business property,,,,
Q14[02][F],none,two code enforcement services think receive emphasis city leaders next two years,2nd,4. Enforcing the exterior maintenance of business property,5. Enforcing sign regulations,2. Enforcing the mowing and cutting of weeds on private property,3. Enforcing the exterior maintenance of residential property,1. Enforcing the clean-up of debris on private property,6. Professionalism of code enforcement employees,,,,
Q15[01][F],none,please rate satisfaction following parks recreation items,01 maintenance city parks,Satisfied,Very Satisfied,Neutral,Don't Know,Dissatisfied,Very Dissatisfied,,,,
Q15[02][F],none,please rate satisfaction following parks recreation items,02 number city parks,Satisfied,Very Satisfied,Neutral,Dissatisfied,Very Dissatisfied,Don't Know,,,,
Q15[03][F],none,please rate satisfaction following parks recreation items,03 number walking biking trails,Satisfied,Very Satisfied,Neutral,Dissatisfied,Very Dissatisfied,Don't Know,,,,
Q15[04][F],none,please rate satisfaction following parks recreation items,04 maintenance walking biking trails,Satisfied,Very Satisfied,Neutral,Don't Know,Very Dissatisfied,Dissatisfied,,,,
Q15[05][F],none,please rate satisfaction following parks recreation items,05 city swimming pools,Satisfied,Very Satisfied,Don't Know,Neutral,Dissatisfied,Very Dissatisfied,,,,
Q15[06][F],none,please rate satisfaction following parks recreation items,06 quality outdoor athletic fields,Satisfied,Very Satisfied,Don't Know,Neutral,Dissatisfied,Very Dissatisfied,,,,
Q15[07][F],none,please rate satisfaction following parks recreation items,07 senior recreation opportunities,Satisfied,Very Satisfied,Don't Know,Neutral,Dissatisfied,Very Dissatisfied,,,,
Q15[08][F],none,please rate satisfaction following parks recreation items,08 citys youth athletic programs,Satisfied,Very Satisfied,Don't Know,Dissatisfied,Neutral,Very Dissatisfied,,,,
Q15[09][F],none,please rate satisfaction following parks recreation items,09 citys adult athletic programs,Satisfied,Very Satisfied,Don't Know,Dissatisfied,Very Dissatisfied,Neutral,,,,
Q15[10][F],none,please rate satisfaction following parks recreation items,10 city recreation programs classes special population trips special events,Satisfied,Very Satisfied,Don't Know,Neutral,Dissatisfied,Very Dissatisfied,,,,
Q15[11][F],none,please rate satisfaction following parks recreation items,11 ease registering programs,Satisfied,Very Satisfied,Don't Know,Dissatisfied,Neutral,Very Dissatisfied,,,,
Q15[12][F],none,please rate satisfaction following parks recreation items,12 fees charged recreation programs,Satisfied,Neutral,Don't Know,Very Satisfied,Very Dissatisfied,Dissatisfied,,,,
Q15[13][F],none,please rate satisfaction following parks recreation items,13 special events sponsored city park concerts amp july 4th fireworks,Satisfied,Very Satisfied,Don't Know,Neutral,Dissatisfied,Very Dissatisfied,,,,
Q15[14][F],none,please rate satisfaction following parks recreation items,14 quality citys indoor recreation facilities,Satisfied,Very Satisfied,Neutral,Don't Know,Dissatisfied,Very Dissatisfied,,,,
Q15[15][F],none,please rate satisfaction following parks recreation items,15 condition restrooms public parks,Satisfied,Very Satisfied,Don't Know,Neutral,Dissatisfied,Very Dissatisfied,,,,
Q15[16][F],none,please rate satisfaction following parks recreation items,16 quality [city name] parks recreation activity guide,Satisfied,Very Satisfied,Don't Know,Dissatisfied,Very Dissatisfied,Neutral,,,,
Q15[17][F],none,please rate satisfaction following parks recreation items,17 condition maintenance [city name] memorial cemetery located intersection harold northgate,Satisfied,Very Satisfied,Don't Know,Neutral,Very Dissatisfied,Dissatisfied,,,,
Q15[18][F],none,please rate satisfaction following parks recreation items,18 quality services provided [city name] memorial cemetery,Satisfied,Very Satisfied,Don't Know,Neutral,Dissatisfied,Very Dissatisfied,,,,
Q15[19][F],none,please rate satisfaction following parks recreation items,19 professionalism parks recreation employees,Satisfied,Very Satisfied,Don't Know,Dissatisfied,Neutral,Very Dissatisfied,,,,
Q16[01][F],none,two parks recreation items listed question 15 think receive emphasis city leaders next two years,1st,01. Maintenance of city parks,07. Senior recreation opportunities,"10. Other city recreation programs, such as classes, special population trips, and special events",03. Number of walking and biking trails,02. Number of city parks,05. City swimming pools,04. Maintenance of walking and biking trails,12. Fees charged for recreation programs,"17. Condition and maintenance of Olathe Memorial Cemetery, located at the intersection of Harold and Northgate",09. The City's adult athletic programs
Q16[02][F],none,two parks recreation items listed question 15 think receive emphasis city leaders next two years,2nd,04. Maintenance of walking and biking trails,"10. Other city recreation programs, such as classes, special population trips, and special events",07. Senior recreation opportunities,13. Special events sponsored by the City (park concerts & July 4th Fireworks),05. City swimming pools,03. Number of walking and biking trails,01. Maintenance of city parks,02. Number of city parks,08. The City's youth athletic programs,15. Condition of restrooms in public parks
Q17[01][F],none,please rate satisfaction following wastewater items,1 odor city wastewater treatment centers,Don't Know,Satisfied,Very Dissatisfied,Neutral,Very Satisfied,Dissatisfied,,,,
Q17[02][F],none,please rate satisfaction following wastewater items,2 overall quality citys wastewater system,Satisfied,Neutral,Don't Know,Very Satisfied,Dissatisfied,Very Dissatisfied,,,,
Q17[03][F],none,please rate satisfaction following wastewater items,3 charged wastewater services,Satisfied,Neutral,Don't Know,Very Satisfied,Dissatisfied,Very Dissatisfied,,,,
Q18[L],none,sewer backup home past year,none,No,Yes,,,,,,,,
Q18a[L],none,backup caused problems citys system,none,No,Yes,,,,,,,,
Q18b[L],none,city respond promptly requests service,none,No,Yes,,,,,,,,
Q18c[L],none,problem resolved satisfaction,none,Yes,No,,,,,,,,
Q19[01][F],none,please rate [city name] regard following,1 place live,Good,Excellent,Poor,Neutral,Below Average,,,,,
Q19[02][F],none,please rate [city name] regard following,2 place raise children,Good,Excellent,Neutral,Don't Know,Poor,Below Average,,,,
Q19[03][F],none,please rate [city name] regard following,3 place work,Good,Excellent,Don't Know,Below Average,Neutral,Poor,,,,
Q19[04][F],none,please rate [city name] regard following,4 place would buy next home,Good,Excellent,Below Average,Neutral,Poor,Don't Know,,,,
Q20[01][F],please answer either yes following questions,1 talked connected neighbors past 6 months,none,Yes,No,,,,,,,,
Q20[02][F],please answer either yes following questions,2 volunteered time past 6 months,none,Yes,No,,,,,,,,
Q20[03][F],please answer either yes following questions,3 able get help either family friends neighbors time need,none,Yes,No,,,,,,,,
Q20[04][F],please answer either yes following questions,4 [city name] provide opportunities connect others,none,Yes,No,,,,,,,,
Q20a[01][M],none,thinking life please check following obstacles barriers make difficult involved community,inflexible demanding work schedule,No,Yes,,,,,,,,
Q20a[02][M],none,thinking life please check following obstacles barriers make difficult involved community,inadequate childcare,No,Yes,,,,,,,,
Q20a[03][M],none,thinking life please check following obstacles barriers make difficult involved community,inadequate transportation,No,Yes,,,,,,,,
Q20a[04][M],none,thinking life please check following obstacles barriers make difficult involved community,feeling somewhat unwelcome,No,Yes,,,,,,,,
Q20a[05][M],none,thinking life please check following obstacles barriers make difficult involved community,concerns safety,No,Yes,,,,,,,,
Q20a[06][M],none,thinking life please check following obstacles barriers make difficult involved community,lack information,No,Yes,,,,,,,,
Q20a[07][M],none,thinking life please check following obstacles barriers make difficult involved community,feeling cant make difference,No,Yes,,,,,,,,
Q20a[08][M],none,thinking life please check following obstacles barriers make difficult involved community,inadequate healthcare,No,Yes,,,,,,,,
Q20a[09][M],none,thinking life please check following obstacles barriers make difficult involved community,inadequate resourcesincome,No,Yes,,,,,,,,
Q20a[10][M],none,thinking life please check following obstacles barriers make difficult involved community,none,Yes,No,,,,,,,,
Q20b[L],none,would describe overall state health,none,Very good,Good,Poor,Excellent,Fair,Don't know/refuse,,,,
Q20c[L],none,generally speaking happy would say,none,Very happy,Happy,Neutral,Not very happy,Don't know/refuse,Not happy at all,,,,
Q21[01][F],none,please rate satisfaction following public safety services provided city [city name],01 visibility police neighborhoods,Satisfied,Neutral,Very Satisfied,Don't Know,Dissatisfied,Very Dissatisfied,,,,
Q21[02][F],none,please rate satisfaction following public safety services provided city [city name],02 visibility police retail areas,Satisfied,Neutral,Very Satisfied,Don't Know,Dissatisfied,Very Dissatisfied,,,,
Q21[03][F],none,please rate satisfaction following public safety services provided city [city name],03 citys efforts prevent crime,Satisfied,Neutral,Very Satisfied,Don't Know,Dissatisfied,Very Dissatisfied,,,,
Q21[04][F],none,please rate satisfaction following public safety services provided city [city name],04 quickly police respond emergencies,Satisfied,Very Satisfied,Don't Know,Neutral,Dissatisfied,Very Dissatisfied,,,,
Q21[05][F],none,please rate satisfaction following public safety services provided city [city name],05 enforcement local traffic laws,Satisfied,Neutral,Very Satisfied,Don't Know,Dissatisfied,Very Dissatisfied,,,,
Q21[06][F],none,please rate satisfaction following public safety services provided city [city name],06 overall quality local police protection,Satisfied,Neutral,Very Satisfied,Don't Know,Dissatisfied,Very Dissatisfied,,,,
Q21[07][F],none,please rate satisfaction following public safety services provided city [city name],07 quickly fireemergency medical services personnel respond emergencies,Satisfied,Very Satisfied,Don't Know,Neutral,Dissatisfied,Very Dissatisfied,,,,
Q21[08][F],none,please rate satisfaction following public safety services provided city [city name],08 overall quality local fire protectionemergency medical services,Satisfied,Very Satisfied,Don't Know,Neutral,Dissatisfied,Very Dissatisfied,,,,
Q21[09][F],none,please rate satisfaction following public safety services provided city [city name],09 quality animal control,Satisfied,Neutral,Very Satisfied,Don't Know,Very Dissatisfied,Dissatisfied,,,,
Q21[10][F],none,please rate satisfaction following public safety services provided city [city name],10 professionalism employees fireemergency medical services,Satisfied,Very Satisfied,Don't Know,Neutral,Dissatisfied,Very Dissatisfied,,,,
Q21[11][F],none,please rate satisfaction following public safety services provided city [city name],11 professionalism employees police department,Satisfied,Very Satisfied,Don't Know,Neutral,Very Dissatisfied,Dissatisfied,,,,
Q22[01][F],none,two public safety items listed question 21 think receive emphasis city leaders next two years,1st,01. The visibility of police in neighborhoods,08. Overall quality of local fire protection/emergency medical services,03. The City's efforts to prevent crime,02. The visibility of police in retail areas,10. Professionalism of employees from fire/emergency medical services,06. Overall quality of local police protection,07. How quickly fire/emergency medical services personnel respond to emergencies,04. How quickly police respond to emergencies,11. Professionalism of employees from police department,09. Quality of animal control
Q22[02][F],none,two public safety items listed question 21 think receive emphasis city leaders next two years,2nd,08. Overall quality of local fire protection/emergency medical services,02. The visibility of police in retail areas,05. Enforcement of local traffic laws,07. How quickly fire/emergency medical services personnel respond to emergencies,01. The visibility of police in neighborhoods,04. How quickly police respond to emergencies,11. Professionalism of employees from police department,03. The City's efforts to prevent crime,06. Overall quality of local police protection,09. Quality of animal control
Q23[01][F],please answer either yes following questions,01 currently child enrolled [city name] public school,none,No,Yes,,,,,,,,
Q23[02][F],please answer either yes following questions,02 household members visited downtown [city name] past year,none,Yes,No,,,,,,,,
Q23[03][F],please answer either yes following questions,03 household members visited [city name] library past year,none,Yes,No,,,,,,,,
Q23[04][F],please answer either yes following questions,04 household members called visited done business building codes division,none,No,Yes,,,,,,,,
Q23[05][F],please answer either yes following questions,05 household members visited citys website olatheks,none,Yes,No,,,,,,,,
Q23[06][F],please answer either yes following questions,06 household members read citys newsletter olathelink past year,none,Yes,No,,,,,,,,
Q23[07][F],please answer either yes following questions,07 household members called 911 past year,none,No,Yes,,,,,,,,
Q23[08][F],please answer either yes following questions,08 household members visited city park used city walkingbiking trail past year,none,Yes,No,,,,,,,,
Q23[09][F],please answer either yes following questions,09 household members visited indooroutdoor city recreation facilitypool past year,none,No,Yes,,,,,,,,
Q23[10][F],please answer either yes following questions,10 household members participated city recreation program class past year,none,Yes,No,,,,,,,,
Q23[11][F],please answer either yes following questions,11 household members usedread digital version [city name] parks recreation activity guide past year,none,No,Yes,,,,,,,,
Q23[12][F],please answer either yes following questions,12 aware citys online customer request system [city name] connect,none,Yes,No,,,,,,,,
Q24[01][F],none,please indicate likely would recommend community,1 recommend community place live,09,10 (Very Likely),08,06,05,01 (Not at All Likely),07,Don't know,02,04
Q24[02][F],none,please indicate likely would recommend community,2 recommend community place business,09,10 (Very Likely),06,Don't know,07,05,01 (Not at All Likely),08,04,02
Q24[03][F],none,please indicate likely would recommend community,3 recommend community moving right direction,09,10 (Very Likely),08,05,06,07,01 (Not at All Likely),Don't know,04,02
Q24a[T],none,would recommend community,none,"The city government is corrupt and untrustworthy.  The city employees routinely display a clear bias against anyone who is conservative or Christian.  This is seen in the refusal of code enforcement to enforce political sign regulations against home owners who display signs for Democrat candidates, yet if a registered Republican is one sign over the limit the City of Olathe is threatening fines and legal action.  In the last three months I've heard multiple gunshots, including one drive by shooting in my neighborhood.  This violence is the result of the Olathe Police Dept. allowing members of the Juarez Cartel to operate in the city without hindrance.  None of that is to even mention the rampant nepotism in city employment.  As someone with a public admin degree from KU I can't even get an interview for a job with the City of Olathe, but people who are completely unqualified for positions are routinely hired based solely on who they know.  The very fact that ETC Institute is running this survey for the City of Olathe serves to highlight the level of corruption, as it is a clear conflict of interest.","The city and county continue to tax us out of our homes.  The increases in taxes and valuations have become too much to absorb,  And the county plans on raising taxes again......","The KC metro wants to defund police and not operate their cities on a budget. For example, city leaders have become very weak on crime which is why we see crime numbers tick up in southern Olathe neighborhoods. Olathe has a major issue funding their schools correctly because of careless spending for years. I am a younger resident of Olathe and do not foresee me sending my my kids to Olathe public schools. The general population will be forced to pay teachers to teach kids privately in homes. This is exactly what is happening in Johnson county and private schools/private education will be what a lot of people will choose for their kids in the future because private citizens that live in the real world know how to live on a budget and live practically which is something the Olathe public schools do not know despite all employees of public schools having 4 year college degrees. ",Very closed community. Quality of leaders is not good. ,"Not caring, connecting, belonging","Not enough fine dining, have to drive to OP. Not enough affordable housing, not enough new homes built, too many closed restaurants. ",Crime is high with low effort to stop it. Houses/yards are rund down and full of junk or trash by curbs. ,PARKS DEPARMTNET-TERRIBLE WEEDS AT INDIAN CREEK-VERY DARK AND DOESNT FEEL SAFE. TRAFFIC HAS 4X INCREASED,"State and local taxes, property tax. food. ",Liberal political influence 
Q25[01][M],none,following best describes raceethnicity,asian asian indian,No,Yes,,,,,,,,
Q25[02][M],none,following best describes raceethnicity,black african american,No,Yes,,,,,,,,
Q25[03][M],none,following best describes raceethnicity,american indian alaska native,No,Yes,,,,,,,,
Q25[04][M],none,following best describes raceethnicity,white,Yes,No,,,,,,,,
Q25[05][M],none,following best describes raceethnicity,native hawaiian pacific islander,No,Yes,,,,,,,,
Q25[06][M],none,following best describes raceethnicity,hispanic spanish latinoax,No,Yes,,,,,,,,
Q25[99][M],none,following best describes raceethnicity,,No,Yes,,,,,,,,
Q25x99[T],none,please describe raceethnicity,none,American,None of the city's business,African descent ,None of your business. I’m offended that this matters to a city survey. Disgusting. ,Not your business,"Race and color shouldn't matter.  I am an Olathe citizen and we should all be treated equally.  Why would this question even be on the survey?  If I were white should my opinions carry less weight because of what ""white privilege""?",Italian,Prefer not to answer,You don't need to know this. ,Human
Q26[L],none,following best describes current employment status,none,Retired,Employed outside the home,Employed in the home/have a home-based business,Not currently employed outside the home,Student,,,,,
Q26x1[S],none,zip code work,none,64111.0,66215.0,66210.0,66062.0,66216.0,66214.0,66061.0,66104.0,66208.0,66221.0
Q27[S],none,age,none,79.0,75.0,76.0,72.0,29.0,28.0,65.0,57.0,64.0,55.0
Q28[L],none,rent current residence,none,Own,Rent,,,,,,,,
Q29[L],none,members household hearing disability,none,No,Yes,,,,,,,,
Q30[L],none,would say total annual household income,none,"$120,000 or more","$80,000 to $119,999","Under $40,000","$40,000 to $79,999",,,,,,
Q31[L],none,gender,none,Female,Male,Other,,,,,,,
Q32[L],none,would interested learning olathes survey research panel,none,No,Yes,,,,,,,,
Q1[01][F],perception city,please rate satisfaction following,1 overall quality city services,Neutral,Satisfied,Very Satisfied,Dissatisfied,Don't Know,Very Dissatisfied,,,,
Q1[02][F],perception city,please rate satisfaction following,2 overall feeling safety city,Satisfied,Very Satisfied,Neutral,Dissatisfied,Very Dissatisfied,Don't Know,,,,
Q1[03][F],perception city,please rate satisfaction following,3 overall value receive city tax dollars fees,Neutral,Satisfied,Dissatisfied,Very Dissatisfied,Very Satisfied,Don't Know,,,,
Q1[04][F],perception city,please rate satisfaction following,4 overall image city,Neutral,Satisfied,Very Satisfied,Dissatisfied,Very Dissatisfied,,,,,
Q1[05][F],perception city,please rate satisfaction following,5 well city planning growth,Dissatisfied,Neutral,Satisfied,Very Satisfied,Very Dissatisfied,Don't Know,,,,
Q1[06][F],perception city,please rate satisfaction following,6 overall quality life city,Dissatisfied,Satisfied,Very Satisfied,Neutral,Very Dissatisfied,Don't Know,,,,
Q1[07][F],perception city,please rate satisfaction following,7 [city name] welcoming community people diverse backgrounds,Neutral,Satisfied,Dissatisfied,Very Satisfied,Don't Know,Very Dissatisfied,,,,
Q2[01][F],none,please rate satisfaction services listed,01 overall quality fire emergency medical services,Neutral,Satisfied,Very Satisfied,Don't Know,Dissatisfied,Very Dissatisfied,,,,
Q2[02][F],none,please rate satisfaction services listed,02 overall quality police services,Satisfied,Very Satisfied,Neutral,Very Dissatisfied,Dissatisfied,Don't Know,,,,
Q2[03][F],none,please rate satisfaction services listed,03 overall quality recreation programs facilities,Satisfied,Neutral,Very Satisfied,Very Dissatisfied,Dissatisfied,Don't Know,,,,
Q2[04][F],none,please rate satisfaction services listed,04 overall maintenance city buildings facilities,Neutral,Satisfied,Very Satisfied,Dissatisfied,Don't Know,Very Dissatisfied,,,,
Q2[05][F],none,please rate satisfaction services listed,05 overall enforcement property code violations eg regulation weed control junk cars trash yards,Dissatisfied,Neutral,Satisfied,Very Dissatisfied,Don't Know,Very Satisfied,,,,
Q2[06][F],none,please rate satisfaction services listed,06 overall quality customer service receive city employees,Neutral,Satisfied,Very Satisfied,Don't Know,Very Dissatisfied,Dissatisfied,,,,
Q2[07][F],none,please rate satisfaction services listed,07 overall effectiveness city communication public,Neutral,Satisfied,Very Satisfied,Don't Know,Very Dissatisfied,Dissatisfied,,,,
Q2[08][F],none,please rate satisfaction services listed,08 overall quality city water services,Neutral,Satisfied,Very Satisfied,Very Dissatisfied,Don't Know,Dissatisfied,,,,
Q2[09][F],none,please rate satisfaction services listed,09 overall quality citys sanitary sewer system,Neutral,Satisfied,Very Satisfied,Don't Know,Very Dissatisfied,Dissatisfied,,,,
Q2[10][F],none,please rate satisfaction services listed,10 overall quality citys stormwater drainage system,Dissatisfied,Satisfied,Very Satisfied,Neutral,Very Dissatisfied,Don't Know,,,,
Q2[11][F],none,please rate satisfaction services listed,11 overall flow traffic city,Dissatisfied,Satisfied,Very Satisfied,Neutral,Very Dissatisfied,Don't Know,,,,
Q2[12][F],none,please rate satisfaction services listed,12 overall quality city streets system,Dissatisfied,Satisfied,Neutral,Very Satisfied,Very Dissatisfied,Don't Know,,,,
Q2[13][F],none,please rate satisfaction services listed,13 overall quality city sidewalk trail system,Neutral,Satisfied,Very Satisfied,Dissatisfied,Don't Know,Very Dissatisfied,,,,
Q2[14][F],none,please rate satisfaction services listed,14 overall quality maintenance city parks,Neutral,Satisfied,Very Satisfied,Dissatisfied,Don't Know,Very Dissatisfied,,,,
Q3[01][F],none,two items listed think receive emphasis city leaders next two years,1st,"05. Overall enforcement of property code violations (e.g. regulation of weed control, junk cars, trash in yards)",08. Overall quality of City water services,14. Overall quality and maintenance of City parks,13. Overall quality of the City sidewalk and trail system,12. Overall quality of the City streets system,02. Overall quality of police services,03. Overall quality of recreation programs and facilities,07. Overall effectiveness of City communication with the public,11. Overall flow of traffic in the City,01. Overall quality of fire and emergency medical services
Q3[02][F],none,two items listed think receive emphasis city leaders next two years,2nd,12. Overall quality of the City streets system,03. Overall quality of recreation programs and facilities,14. Overall quality and maintenance of City parks,11. Overall flow of traffic in the City,"05. Overall enforcement of property code violations (e.g. regulation of weed control, junk cars, trash in yards)",02. Overall quality of police services,09. Overall quality of the City's sanitary sewer system,13. Overall quality of the City sidewalk and trail system,07. Overall effectiveness of City communication with the public,10. Overall quality of the City's stormwater drainage system
Q4[01][F],public safety,please rate satisfaction public safety services listed,1 overall quality local fire protection,Neutral,Satisfied,Very Satisfied,Don't Know,Dissatisfied,Very Dissatisfied,,,,
Q4[02][F],public safety,please rate satisfaction public safety services listed,2 quickly firefighters respond emergencies,Neutral,Satisfied,Don't Know,Very Satisfied,Dissatisfied,Very Dissatisfied,,,,
Q4[03][F],public safety,please rate satisfaction public safety services listed,3 quality emergency medical services,Neutral,Satisfied,Don't Know,Very Satisfied,Dissatisfied,Very Dissatisfied,,,,
Q4[04][F],public safety,please rate satisfaction public safety services listed,4 quickly emergency medical services respond emergencies,Neutral,Satisfied,Don't Know,Very Satisfied,Dissatisfied,Very Dissatisfied,,,,
Q4[05][F],public safety,please rate satisfaction public safety services listed,5 overall quality local police protection,Satisfied,Very Satisfied,Neutral,Dissatisfied,Don't Know,Very Dissatisfied,,,,
Q4[06][F],public safety,please rate satisfaction public safety services listed,6 quickly police respond emergencies,Neutral,Satisfied,Don't Know,Very Satisfied,Dissatisfied,Very Dissatisfied,,,,
Q4[07][F],public safety,please rate satisfaction public safety services listed,7 overall competence police department employees,Neutral,Satisfied,Very Satisfied,Don't Know,Dissatisfied,Very Dissatisfied,,,,
Q4[08][F],public safety,please rate satisfaction public safety services listed,8 officers attitudes professionalism toward citizens,Neutral,Satisfied,Very Satisfied,Don't Know,Very Dissatisfied,Dissatisfied,,,,
Q4[09][F],public safety,please rate satisfaction public safety services listed,9 police departments ongoing efforts build trust community,Neutral,Satisfied,Don't Know,Dissatisfied,Very Satisfied,Very Dissatisfied,,,,
Q5[01][F],none,two public safety items listed think receive emphasis city leaders next two years,1st,5. Overall quality of local police protection,4. How quickly emergency medical services respond to emergencies,9. Police Department's ongoing efforts to build trust in the community,8. Officers' attitudes and professionalism toward citizens,6. How quickly police respond to emergencies,1. Overall quality of local fire protection,3. Quality of emergency medical services,2. How quickly firefighters respond to emergencies,7. Overall competence of police department employees,
Q5[02][F],none,two public safety items listed think receive emphasis city leaders next two years,2nd,1. Overall quality of local fire protection,2. How quickly firefighters respond to emergencies,7. Overall competence of police department employees,9. Police Department's ongoing efforts to build trust in the community,3. Quality of emergency medical services,5. Overall quality of local police protection,4. How quickly emergency medical services respond to emergencies,8. Officers' attitudes and professionalism toward citizens,6. How quickly police respond to emergencies,
Q6[T],none,additional services would like see offered police department fire district,none,More enforcement of speeding. ,City parties like Urbandale to get to know law enforcement. I don't even know where the department is. ,Being in the schools so all students know who you are by name and that your a person they can come to for anything . Offer some type of  ride along so they have more understand of what goes on in the city .,Stop semi's from parking overnight on city streets that are not commercial routes.,none,More open houses,Community nights,All good ,I want to see more support for the police department and once again allow them to do their jobs.  Johnston has bent over backwards to turn Old Johnston into the guilt free side of town. If not managed this area will become more of a crime ridden mess than it already is. I sat in my driveway during the riots that began at skate north and watched those rioters try to move into my neighborhood at 2:30 am with no police in site. It was me and my neighbor and now and then a pioneer security unit.  Johnston needs stronger police department to manage what is being done to Johnston. ,Occasional “Trail Patrol” presence would be good if resources are avalable.
Q7[L],none,visited [city name] park past year,none,No,Yes,,,,,,,,
Q8[L],none,member family participated [city name] recreation program past year,none,No,Yes,,,,,,,,
Q9[L],none,used [city name] trail past year,none,No,Yes,,,,,,,,
Q10[01][F],none,please rate satisfaction park services listed,01 maintenance city parks,Neutral,Very Satisfied,Dissatisfied,Satisfied,Don't Know,Very Dissatisfied,,,,
Q10[02][F],none,please rate satisfaction park services listed,02 number city parks,Neutral,Satisfied,Dissatisfied,Very Satisfied,Don't Know,Very Dissatisfied,,,,
Q10[03][F],none,please rate satisfaction park services listed,03 maintenance city park restrooms shelters,Neutral,Satisfied,Dissatisfied,Very Satisfied,Don't Know,Very Dissatisfied,,,,
Q10[04][F],none,please rate satisfaction park services listed,04 number city park restrooms shelters,Neutral,Satisfied,Dissatisfied,Very Satisfied,Don't Know,Very Dissatisfied,,,,
Q10[05][F],none,please rate satisfaction park services listed,05 maintenance walking biking trails city,Neutral,Satisfied,Very Satisfied,Dissatisfied,Don't Know,Very Dissatisfied,,,,
Q10[06][F],none,please rate satisfaction park services listed,06 number walking biking trails city,Neutral,Satisfied,Very Satisfied,Dissatisfied,Don't Know,Very Dissatisfied,,,,
Q10[07][F],none,please rate satisfaction park services listed,07 safety trails parks city,Neutral,Satisfied,Very Satisfied,Don't Know,Dissatisfied,Very Dissatisfied,,,,
Q10[08][F],none,please rate satisfaction park services listed,08 crown point community center,Neutral,Don't Know,Satisfied,Very Dissatisfied,Dissatisfied,Very Satisfied,,,,
Q10[09][F],none,please rate satisfaction park services listed,09 simpson barn,Neutral,Don't Know,Satisfied,Very Satisfied,Very Dissatisfied,Dissatisfied,,,,
Q10[10][F],none,please rate satisfaction park services listed,10 lew clarkson park,Neutral,Don't Know,Satisfied,Dissatisfied,Very Satisfied,Very Dissatisfied,,,,
Q10[11][F],none,please rate satisfaction park services listed,11 terra park,Neutral,Don't Know,Very Satisfied,Satisfied,Dissatisfied,Very Dissatisfied,,,,
Q10[12][F],none,please rate satisfaction park services listed,12 beaver creek water trail,Neutral,Don't Know,Satisfied,Very Satisfied,Dissatisfied,Very Dissatisfied,,,,
Q10[13][F],none,please rate satisfaction park services listed,13 [city name] town center splash pad,Neutral,Satisfied,Don't Know,Very Satisfied,Dissatisfied,Very Dissatisfied,,,,
Q10[14][F],none,please rate satisfaction park services listed,14 [city name] town center skating rink,Neutral,Dissatisfied,Don't Know,Satisfied,Very Satisfied,Very Dissatisfied,,,,
Q10[15][F],none,please rate satisfaction park services listed,15 [city name] commons park,Neutral,Don't Know,Satisfied,Very Satisfied,Dissatisfied,Very Dissatisfied,,,,
Q11[01][F],none,please rate satisfaction following recreation items,1 accessibility desired destinations via bike trail system,Don't Know,Satisfied,Very Satisfied,Very Dissatisfied,Neutral,Dissatisfied,,,,
Q11[02][F],none,please rate satisfaction following recreation items,2 communitys youth recreation programs,Don't Know,Very Satisfied,Dissatisfied,Neutral,Very Dissatisfied,Satisfied,,,,
Q11[03][F],none,please rate satisfaction following recreation items,3 communitys adult recreation education programs,Don't Know,Dissatisfied,Neutral,Satisfied,Very Satisfied,Very Dissatisfied,,,,
Q11[04][F],none,please rate satisfaction following recreation items,4 communitys senior citizen recreation programs,Don't Know,Neutral,Dissatisfied,Very Satisfied,Satisfied,Very Dissatisfied,,,,
Q11[05][F],none,please rate satisfaction following recreation items,5 overall variety recreation program services provided children,Don't Know,Very Satisfied,Dissatisfied,Neutral,Satisfied,Very Dissatisfied,,,,
Q11[06][F],none,please rate satisfaction following recreation items,6 overall variety recreation program services provided adults,Don't Know,Satisfied,Dissatisfied,Neutral,Very Satisfied,Very Dissatisfied,,,,
Q11[07][F],none,please rate satisfaction following recreation items,7 overall variety recreation program services provided senior citizens,Don't Know,Neutral,Very Satisfied,Satisfied,Dissatisfied,Very Dissatisfied,,,,
Q12[T],none,kinds additional outdoor recreational opportunities needed,none,Waterpark/pool,Pool public swimming ,"Out door aquatic center, drive inn theater ",Aquatic center ,Teen and adult rec leagues,POOL ! This town need recreation for teens. We definitely need a pool. This town is big enough to support a pool. We need things for older kids to keep them in our town so that they don’t have to go to Urbandale or Grimes or Ankeny. Keep our kids here keep.,More updated exercise park at crown point.  ,"Rental equipment (pickle ball, snow shoes, xc  skis)","More bike trails, better bike trails, Skate park for teens and kids to hang out with. less tennis courts or pickles all courts and more teenage centered parks","Public Swimming pool.
Dog park"
Q13[T],none,kinds additional indoor recreational opportunities needed,none,A town rec center would be cool - maybe in one of the two vacant buildings near 86th (AMC theatre or Dahls/Pricechopper),Pool public swimming ,"Bowling, ymca, roller skating ",swimming facility,Indoor rec center we could use a rec center with a waterpark. We definitely need some big water park area.,"Pickle ball 
",Indoor skate park,Need a place for teens to hangout in the winter. Purchase the old Dahls and convert it into a rec center. Need more teen recreational programs that are not competitive sports. There isn’t much for non sports kids to do in our community. ,Need to know about the recreational opportunities ,"More crafting and game nights, i.e., cribbage, bridge"
Q14[L],none,top priority terms recreation,none,Both,Outdoor activities,Indoor activities,,,,,,,
Q15[01][F],city maintenance,please rate satisfaction following city maintenance items,01 maintenance city streets,Dissatisfied,Satisfied,Very Satisfied,Neutral,Very Dissatisfied,Don't Know,,,,
Q15[02][F],city maintenance,please rate satisfaction following city maintenance items,02 maintenance sidewalks trails,Don't Know,Satisfied,Neutral,Very Satisfied,Very Dissatisfied,Dissatisfied,,,,
Q15[03][F],city maintenance,please rate satisfaction following city maintenance items,03 maintenance traffic signals street signs,Neutral,Satisfied,Very Satisfied,Dissatisfied,Don't Know,Very Dissatisfied,,,,
Q15[04][F],city maintenance,please rate satisfaction following city maintenance items,04 adequacy city street lighting,Dissatisfied,Satisfied,Very Satisfied,Neutral,Very Dissatisfied,Don't Know,,,,
Q15[05][F],city maintenance,please rate satisfaction following city maintenance items,05 maintenance city buildings city hall library police station fire stations,Neutral,Satisfied,Very Satisfied,Very Dissatisfied,Don't Know,Dissatisfied,,,,
Q15[06][F],city maintenance,please rate satisfaction following city maintenance items,06 snow removal city streets,Neutral,Satisfied,Very Satisfied,Very Dissatisfied,Dissatisfied,Don't Know,,,,
Q15[07][F],city maintenance,please rate satisfaction following city maintenance items,07 mowing trimming along city streets public areas,Neutral,Satisfied,Very Satisfied,Dissatisfied,Very Dissatisfied,Don't Know,,,,
Q15[08][F],city maintenance,please rate satisfaction following city maintenance items,08 overall condition city streets,Dissatisfied,Satisfied,Very Satisfied,Neutral,Very Dissatisfied,Don't Know,,,,
Q15[09][F],city maintenance,please rate satisfaction following city maintenance items,09 overall satisfaction weekly curbside trash collection,Neutral,Satisfied,Very Satisfied,Don't Know,Dissatisfied,Very Dissatisfied,,,,
Q15[10][F],city maintenance,please rate satisfaction following city maintenance items,10 overall satisfaction weekly curbside recycling collection,Dissatisfied,Satisfied,Very Satisfied,Neutral,Don't Know,Very Dissatisfied,,,,
Q15[11][F],city maintenance,please rate satisfaction following city maintenance items,11 overall satisfaction weekly curbside yard waste collection,Don't Know,Satisfied,Very Satisfied,Neutral,Dissatisfied,Very Dissatisfied,,,,
Q16[01][F],none,two city maintenance items listed think receive emphasis city leaders next two years,1st,01. Maintenance of City streets,02. Maintenance of sidewalks and trails,04. Adequacy of City street lighting,09. Overall satisfaction with weekly curbside trash collection,03. Maintenance of traffic signals and street signs,10. Overall satisfaction with weekly curbside recycling collection,07. Mowing and trimming along City streets and other public areas,08. Overall condition of City streets,06. Snow removal on City streets,11. Overall satisfaction with weekly curbside yard waste collection
Q16[02][F],none,two city maintenance items listed think receive emphasis city leaders next two years,2nd,08. Overall condition of City streets,02. Maintenance of sidewalks and trails,06. Snow removal on City streets,10. Overall satisfaction with weekly curbside recycling collection,04. Adequacy of City street lighting,01. Maintenance of City streets,03. Maintenance of traffic signals and street signs,07. Mowing and trimming along City streets and other public areas,"05. Maintenance of City buildings, such as City Hall, the library, police station and fire stations",11. Overall satisfaction with weekly curbside yard waste collection
Q17[01][F],city growth,please rate satisfaction following items,1 rate growth [city name],Dissatisfied,Satisfied,Neutral,Very Satisfied,Very Dissatisfied,Don't Know,,,,
Q17[02][F],city growth,please rate satisfaction following items,2 quality business development,Very Dissatisfied,Satisfied,Neutral,Dissatisfied,Very Satisfied,Don't Know,,,,
Q17[03][F],city growth,please rate satisfaction following items,3 quality residential development,Satisfied,Dissatisfied,Neutral,Very Dissatisfied,Very Satisfied,Don't Know,,,,
Q17[04][F],city growth,please rate satisfaction following items,4 diversity residential development,Neutral,Satisfied,Don't Know,Dissatisfied,Very Satisfied,Very Dissatisfied,,,,
Q17[05][F],city growth,please rate satisfaction following items,5 availability affordable housing sale,Satisfied,Neutral,Dissatisfied,Don't Know,Very Dissatisfied,Very Satisfied,,,,
Q17[06][F],city growth,please rate satisfaction following items,6 availability affordable housing rent,Satisfied,Neutral,Dissatisfied,Don't Know,Very Satisfied,Very Dissatisfied,,,,
Q18[L],none,library services,none,No,Yes,,,,,,,,
Q18a[01][F],none,please rate satisfaction following items,1 quality library programs story hours book discussion,Very Satisfied,Neutral,Satisfied,Don't Know,Dissatisfied,Very Dissatisfied,,,,
Q18a[02][F],please rate satisfaction following items,2 quality library materials books dvds magazines etc,none,Satisfied,Very Satisfied,Neutral,Dissatisfied,Don't Know,Very Dissatisfied,,,,
Q18a[03][F],none,please rate satisfaction following items,3 overall satisfaction [city name] public library,Satisfied,Very Satisfied,Neutral,Dissatisfied,Very Dissatisfied,Don't Know,,,,
Q19[01][M],none,please check following information sources used get information city [city name] past year,citys website,Yes,No,,,,,,,,
Q19[02][M],none,please check following information sources used get information city [city name] past year,citys facebookinstagram page,No,Yes,,,,,,,,
Q19[03][M],none,please check following information sources used get information city [city name] past year,citys x formerly twitter feed,No,Yes,,,,,,,,
Q19[04][M],none,please check following information sources used get information city [city name] past year,des moines register,Yes,No,,,,,,,,
Q19[05][M],none,please check following information sources used get information city [city name] past year,des moines business record,No,Yes,,,,,,,,
Q19[06][M],none,please check following information sources used get information city [city name] past year,[city name] living magazine,Yes,No,,,,,,,,
Q19[07][M],none,please check following information sources used get information city [city name] past year,citys weeklymonthly enewsletter,Yes,No,,,,,,,,
Q19[08][M],none,please check following information sources used get information city [city name] past year,utility bill,Yes,No,,,,,,,,
Q19[09][M],none,please check following information sources used get information city [city name] past year,videos citys social media youtubefacebook,No,Yes,,,,,,,,
Q19[10][M],none,please check following information sources used get information city [city name] past year,news alert notifications city website,No,Yes,,,,,,,,
Q19[11][M],none,please check following information sources used get information city [city name] past year,[city name] living weekly enewsletter,No,Yes,,,,,,,,
Q19[12][M],none,please check following information sources used get information city [city name] past year,nextdoor,No,Yes,,,,,,,,
Q19[13][M],none,please check following information sources used get information city [city name] past year,city [city name] mobile app,No,Yes,,,,,,,,
Q19[14][M],none,please check following information sources used get information city [city name] past year,,No,Yes,,,,,,,,
Q19x14[T],none,please define,none,"My own observations, if that counts.",text messages,Word of mouth,Library site.,Talking with neighbors that are plugged into the community.,Working in town,We Are Iowa tv channel app,Community,Neighbors,Living there and talking with other residents 
Q20[01][F],city communications,please rate satisfaction following,1 availability information city programs services,Neutral,Satisfied,Don't Know,Very Dissatisfied,Dissatisfied,Very Satisfied,,,,
Q20[02][F],city communications,please rate satisfaction following,2 level public involvement local decision making,Neutral,Very Dissatisfied,Satisfied,Don't Know,Dissatisfied,Very Satisfied,,,,
Q20[03][F],city communications,please rate satisfaction following,3 quality citys website,Dissatisfied,Satisfied,Neutral,Don't Know,Very Satisfied,Very Dissatisfied,,,,
Q20[04][F],city communications,please rate satisfaction following,4 online services offered citys website,Neutral,Satisfied,Don't Know,Dissatisfied,Very Satisfied,Very Dissatisfied,,,,
Q21[01][M],none,please check following information sources currently using daily life,facebookinstagram,Yes,No,,,,,,,,
Q21[02][M],none,please check following information sources currently using daily life,x formerly twitter,Yes,No,,,,,,,,
Q21[03][M],none,please check following information sources currently using daily life,youtube,No,Yes,,,,,,,,
Q21[04][M],none,please check following information sources currently using daily life,tiktok,No,Yes,,,,,,,,
Q21[05][M],none,please check following information sources currently using daily life,snapchat,No,Yes,,,,,,,,
Q21[06][M],none,please check following information sources currently using daily life,sms text messaging,No,Yes,,,,,,,,
Q21[07][M],none,please check following information sources currently using daily life,print publications,Yes,No,,,,,,,,
Q21[08][M],none,please check following information sources currently using daily life,email,Yes,No,,,,,,,,
Q21[09][M],none,please check following information sources currently using daily life,chat bots,No,Yes,,,,,,,,
Q21[10][M],none,please check following information sources currently using daily life,,No,Yes,,,,,,,,
Q21x10[T],none,please define,none,On line news sites,Other social media platforms ,Local news stations,AI,MESSENGER,"Websites, apps",Instagram,EMAIL,I talked to people!!!!!!!!!!!,tv
Q22[01][F],none,please indicate city [city name] compares cities des moines metro areas following areas,1 city facilities,About the Same,Better,Worse,Much Worse,Don't Know,Much Better,,,,
Q22[02][F],none,please indicate city [city name] compares cities des moines metro areas following areas,2 city parks,About the Same,Better,Much Worse,Don't Know,Much Better,Worse,,,,
Q22[03][F],none,please indicate city [city name] compares cities des moines metro areas following areas,3 ems,Worse,Don't Know,About the Same,Much Better,Better,Much Worse,,,,
Q22[04][F],none,please indicate city [city name] compares cities des moines metro areas following areas,4 fire,Worse,Don't Know,About the Same,Much Better,Better,Much Worse,,,,
Q22[05][F],none,please indicate city [city name] compares cities des moines metro areas following areas,5 library,About the Same,Don't Know,Much Better,Worse,Better,Much Worse,,,,
Q22[06][F],none,please indicate city [city name] compares cities des moines metro areas following areas,6 police,About the Same,Don't Know,Worse,Much Better,Better,Much Worse,,,,
Q22[07][F],none,please indicate city [city name] compares cities des moines metro areas following areas,7 road conditions,Worse,Better,Much Worse,About the Same,Much Better,Don't Know,,,,
Q22[08][F],none,please indicate city [city name] compares cities des moines metro areas following areas,8 snow removal trails roads,About the Same,Better,Don't Know,Much Better,Much Worse,Worse,,,,
Q22[09][F],none,please indicate city [city name] compares cities des moines metro areas following areas,9 trails,Don't Know,Better,About the Same,Much Better,Worse,Much Worse,,,,
Q23[01][M],economic development,two following benefits economic development important,jobs [city name],No,Yes,,,,,,,,
Q23[02][M],economic development,two following benefits economic development important,new existing companies openingexpanding [city name],Yes,No,,,,,,,,
Q23[03][M],economic development,two following benefits economic development important,improved awareness reputation city,No,Yes,,,,,,,,
Q23[04][M],economic development,two following benefits economic development important,tourists visiting region,No,Yes,,,,,,,,
Q23[05][M],economic development,two following benefits economic development important,better lifestyle amenities,Yes,No,,,,,,,,
Q23[06][M],economic development,two following benefits economic development important,better educational opportunities,No,Yes,,,,,,,,
Q23[07][M],economic development,two following benefits economic development important,higher standard living,No,Yes,,,,,,,,
Q23[08][M],economic development,two following benefits economic development important,increased tax base,No,Yes,,,,,,,,
Q23[09][M],economic development,two following benefits economic development important,diversity housing options,No,Yes,,,,,,,,
Q23[10][M],economic development,two following benefits economic development important,,No,Yes,,,,,,,,
Q23x10[T],none,please define,none,Lower property taxes,"Decrease taxes.
Stop city council from spending taxes so freely and overspending for APPEARANCE.  Snuck in vote for new police, fire and high school.
Eliminate the unnecessary “diversity” position in school district.  ","I marked dissatisfied in the diversity section earlier but was NOT referring to demographics. Johnston is being known for progressive, woke liberals and diverse thought is shamed and not allowed. Kids at school can not express free speech nor is it allowed in the community unless it’s of one thought. It’s shown when the mayor poses with local activists that are bent on ruining and dividing our city; that wear “Johnston’s Gone Woke” shirts and she signs declarations of Juneteenth to appease the woke mob and signs declarations on  praising the library during their “read banned books” when residents have supported legislation and pleaded with Johnston school district to remove sexually explicit books from school age children. Everyone outside Johnston sees it as the most woke school district, where they excel in extra curricular but fail in education. Kids fail in college because they are not prepared in k-12. There is a reason local private schools are filled with Johnston residents’ children. It’s not a welcoming area and local officials only appease the division in the community. ",Pool and recreation area. More things for kids/teens to do ,I prefer a lower population density. ,"Enviroment impact of management choices
This should be part of all your planning.
It is sadly missing
All the trees cut down by gravel pit. Why!
You guys are to sharp to be blowing off environmental impact. 
,",More fine dining experiences.,Less taxes,Lowering tax burden ,More handicap accessible places
Q24[L],none,often typically go outside [city name] city limits shop,none,A few times per week,Every day,A few times per month,At least once a week,Seldom or never,A few times per year,,,,
Q25[L],none,city put emphasis bringing retail city,none,Yes,No,,,,,,,,
Q26[L],none,city put emphasis bringing restaurants city,none,Yes,No,,,,,,,,
Q27[01][M],none,please check following types retail restaurant options would like see [city name],clothing stores,No,Yes,,,,,,,,
Q27[02][M],none,please check following types retail restaurant options would like see [city name],casual dining,Yes,No,,,,,,,,
Q27[03][M],none,please check following types retail restaurant options would like see [city name],fine dining,Yes,No,,,,,,,,
Q27[04][M],none,please check following types retail restaurant options would like see [city name],fast food,Yes,No,,,,,,,,
Q27[05][M],none,please check following types retail restaurant options would like see [city name],big box retail,No,Yes,,,,,,,,
Q27[06][M],none,please check following types retail restaurant options would like see [city name],specialty shops,No,Yes,,,,,,,,
Q27[07][M],none,please check following types retail restaurant options would like see [city name],brewery,No,Yes,,,,,,,,
Q27[08][M],none,please check following types retail restaurant options would like see [city name],sports bar,No,Yes,,,,,,,,
Q27[09][M],none,please check following types retail restaurant options would like see [city name],entertainment options,No,Yes,,,,,,,,
Q27[10][M],none,please check following types retail restaurant options would like see [city name],,No,Yes,,,,,,,,
Q27x10[T],none,please define,none,Buffets,With a focus on local and small business not cookie cutter of other cities,Gym where the amc was or ymca,We need summer & winter activities and maybe a movie theater.,"Sporting goods, gun stores, container stores, whole food, Trader Joe's.",Small local businesses,No new stores until the empty building are filled. Focus on building up what we have opposed to trying to just bring in businesses. ,Pool and rec center ,"Coffee Shop (Local, not a bigchain)",Gift shopping
Q28[01][M],none,please check following done [city name] past year,eaten restaurant fast food,Yes,No,,,,,,,,
Q28[02][M],none,please check following done [city name] past year,eaten restaurant fast food,Yes,No,,,,,,,,
Q28[03][M],none,please check following done [city name] past year,attended live music performance concert parade festival,No,Yes,,,,,,,,
Q28[04][M],none,please check following done [city name] past year,visited city government offices,Yes,No,,,,,,,,
Q28[05][M],none,please check following done [city name] past year,gone shopping,No,Yes,,,,,,,,
Q28[06][M],none,please check following done [city name] past year,used professional services banking legal,Yes,No,,,,,,,,
Q28[07][M],none,please check following done [city name] past year,gone workemployment,No,Yes,,,,,,,,
Q28[08][M],none,please check following done [city name] past year,gone church,No,Yes,,,,,,,,
Q28[09][M],none,please check following done [city name] past year,none,No,Yes,,,,,,,,
Q29[L],none,living [city name],none,Close to family,Great quality of life,School system,Heard great things about the community,Like the small town feel,Close to work,Grew up in the region,Other,Affordable cost of living,
Q29x9[T],none,please define,none,originally moved because of the school system but would not move here for it now. Staying because our neighborhood has a small town feel.,"Moved into the community in 1990 when it was much smaller —opportunity to purchase grandparent’s home.  Otherwise, moving to the community would not have been affordable for us.  ","Moved here from the Quad-Cities in 1998, due to full-time service in the Iowa National Guard. Once I retired, we realized we've built up a rather nice life here in Johnston and love living here.",My spouse was already living here,My Wife “made” me. (In a good way).,Found a house we liked ,Had to move into ranch home because of medical issues ,Mature trees and robust trail system.,In between Ankeny and west DesMoines to go shopping ,"We were looking for a place big enough for family to gather, have a place to park all the vehicles and  like to have a family feel with our neighbors"
Q30[L],none,used dart des moines area regional transit authority bus services past 2 years,none,No,Yes,Don't know,,,,,,,
Q31[01][M],none,please check following items would make try dart cause ride often,nothing,Yes,No,,,,,,,,
Q31[02][M],none,please check following items would make try dart cause ride often,frequent buses,No,Yes,,,,,,,,
Q31[03][M],none,please check following items would make try dart cause ride often,convenient routes,No,Yes,,,,,,,,
Q31[04][M],none,please check following items would make try dart cause ride often,intersuburb routes,No,Yes,,,,,,,,
Q31[05][M],none,please check following items would make try dart cause ride often,parkandride locations,No,Yes,,,,,,,,
Q31[06][M],none,please check following items would make try dart cause ride often,express buses,No,Yes,,,,,,,,
Q32[L],none,used [city name] partnership food pantry past 2 years,none,No,Yes,,,,,,,,
Q33[L],none,aware receive property tax bill polk county paying taxes seven separate entities,none,Yes,No,,,,,,,,
Q33a[L],none,one following entities receive majority services,none,City of Johnston,Polk County,Johnston Community School District,Polk County Assessor,DMACC,DART,Broadlawns Hospital,,,
Q34[01][M],none,receive information citys budget money spent,social media,No,Yes,,,,,,,,
Q34[02][M],none,receive information citys budget money spent,newsletter,No,Yes,,,,,,,,
Q34[03][M],none,receive information citys budget money spent,council meetings,No,Yes,,,,,,,,
Q34[04][M],none,receive information citys budget money spent,monthly [city name] living magazine,No,Yes,,,,,,,,
Q34[05][M],none,receive information citys budget money spent,budget page citys website,Yes,No,,,,,,,,
Q34[06][M],none,receive information citys budget money spent,,No,Yes,,,,,,,,
Q34[07][M],none,receive information citys budget money spent,important,No,Yes,,,,,,,,
Q34x6[T],none,please define,none,I dony,I don’t know how to find this information ,Combination.  Not always the same.  ,"Budget information feels hidden, and hard to find. How much are we paying for all of the new buildings that are coming in? (ignite, bombers, kwik star, Starbucks, caribou, etc)",On my tax documents ,Email updates from council member. ,I don’t receive it,Not sure where to find this information.,Never seen a city budget,Friends involved in city government
Q35[T],none,like city [city name],none,Safe and secure environment ,"Great schools, clean, safe, friendly neighbors, the trails/parks","Have lived here 50 years. Has grown but still
Small town feel. ",It’s not horrible ,"Johnston Living Magazine 
Home town feel 
Openness feeling, not crowded 
","I live in the north eastern side of town, where the properties are larger…it has a small community feel, it’s quiet and peaceful. ","The small town feel, the schools are great",It’s a beautiful place to live and it’s convenient to everything,Small town setting and like the location. Plenty of trail access. ,Friendly people. 
Q36[T],none,could change one thing city [city name] would,none,More dining options,Less affordable housing which attracts less desirable people ,Revitalize the 86th street retail (Dahl's / AMC),More retail and restaurants ,"Widen Merle Hay. Stop light at 66th Ave and Merle Hay. Summer traffic going to Saylorville makes it hard to get put on to Merle Hay. 
",Lower taxes ,Stop teaching gender confusion in schools!!!!!!!!! DONT MESS WITH OUR KIDS ,"Like I said before, an aquatic center and buffets.","Focus some of the growth and redevelopment on improvements for Johnston locals and not just for revenue streams.  Such as building an indoor and outdoor aquatic center that can be used for both residents, local sports teams, and regional competitions. Therefore bringing in money to the area and providing a needed service for our city.",Focus on maintaining the small community sense and feel that it has been known for. 
Q37[T],none,additional comments would like share,none,My husband one of three original pice officers ,"I’ve only lived in Johnston for less than 3 years, but have loved the area and closeness to anything that you want.","Johnston is historically known for being high in taxes, both for residents and businesses. Having incentives for small and local business owners to bring their shops to Johnston would go a long way in creating a Main Street vibe that would continue the small town feel of Johnston while boosting its appeal.",Bring more livelihood near the old.movie thea,Please do something with Price chopper we need a larger grocery store there Or turn that into a rec center of some kind,"Thank you all for your hard work.  A big shout out to all our fire, emergency and police dept...and Mayor Paula D.",Dart needs to pay for itself. We should not have to subsidize it. ,I feel like the city doesn't accommodate to young adults and teenagers and I wish they would. There are tins of things for adults and kids to do but not much for teens and young adults. Especially with more people choosing not to go to college and go straight to the workforce there isn't a lot of ways for them to go out without spending money. ,Wish the city council actually cared about the kids in Johnston. They say they do but actions speak louder than words. ,We love living in Johnston and appreciate what the city is doing to improve our quality of life.
Q38[L],none,following best describes current place employment,none,Retired,"Employee, and employed outside the home",Self employed,Student,"Employee, and work from home",Not currently employed,,,,
Q38a[L],none,work,none,In downtown Des Moines,In a suburb of Des Moines,Somewhere else,In Johnston,,,,,,
Q38a4[S],none,,none,Des Moines Southeast side,East side of Des Moines ,Boone,VA hospital ,East side of Des Moines in a dental office ,EASTSIDE OF DES MOINES,"Alleman, Iowa ",Dea Moines,Ames,Des Moines 
Q39[L],none,best describes town grew,none,Des Moines metro,Small town Iowa,Outside Iowa,Johnston,Another Metro in Iowa,,,,,
Q40[01][M],none,following best describes raceethnicity,asian asian indian,No,Yes,,,,,,,,
Q40[02][M],none,following best describes raceethnicity,black african american,No,Yes,,,,,,,,
Q40[03][M],none,following best describes raceethnicity,american indian alaska native,No,Yes,,,,,,,,
Q40[04][M],none,following best describes raceethnicity,white caucasian,Yes,No,,,,,,,,
Q40[05][M],none,following best describes raceethnicity,native hawaiian pacific islander,No,Yes,,,,,,,,
Q40[06][M],none,following best describes raceethnicity,hispanic spanish latinoax,No,Yes,,,,,,,,
Q40[07][M],none,following best describes raceethnicity,korean,,,,,,,,,,
Q40[08][M],none,following best describes raceethnicity,chinese,,,,,,,,,,
Q40[09][M],none,following best describes raceethnicity,middle eastern north african,,,,,,,,,,
Q40[10][M],none,following best describes raceethnicity,slaviceastern european,,,,,,,,,,
Q40[77][M],none,following best describes raceethnicity,unknowndont know,,,,,,,,,,
Q40[88][M],none,following best describes raceethnicity,prefer say,,,,,,,,,,
Q40[99][M],none,following best describes raceethnicity,,No,Yes,,,,,,,,
Q40x99[S],none,please describe raceethnicity,none,No,-,Italian,No.  And I think we should stop asking this.,,,,,,
Q41[N],none,age,none,60.0,70.0,37.0,46.0,80.0,52.0,18.0,51.0,41.0,58.0
Q42[01][K],none,counting many people household age 5,age 5,1.0,0.0,2.0,4.0,3.0,,,,,
Q42[02][K],none,counting many people household ages 59,ages 59,2.0,0.0,6.0,1.0,70.0,3.0,,,,
Q42[03][K],none,counting many people household ages 1014,ages 1014,0.0,2.0,1.0,3.0,,,,,,
Q42[04][K],none,counting many people household ages 1519,ages 1519,1.0,0.0,2.0,3.0,4.0,,,,,
Q42[05][K],none,counting many people household ages 2024,ages 2024,1.0,0.0,2.0,42.0,3.0,,,,,
Q42[06][K],none,counting many people household ages 2534,ages 2534,1.0,0.0,2.0,,,,,,,
Q42[07][K],none,counting many people household ages 3544,ages 3544,2.0,1.0,0.0,,,,,,,
Q42[08][K],none,counting many people household ages 4554,ages 4554,2.0,0.0,1.0,,,,,,,
Q42[09][K],none,counting many people household ages 5564,ages 5564,2.0,1.0,0.0,,,,,,,
Q42[10][K],none,counting many people household ages 6574,ages 6574,2.0,0.0,1.0,74.0,67.0,,,,,
Q42[11][K],none,counting many people household ages 75,ages 75,1.0,2.0,0.0,10.0,,,,,,
Q43[L],none,rent current residence,none,Own,Rent,,,,,,,,
Q44[L],none,gender,none,Male,Prefer to self-describe,Female,Non-binary,,,,,,
Q1[01][F],none,please rate following major categories services provided city [city name],01 overall quality police fire emergency medical services,Satisfied,Very Satisfied,Don't Know,Neutral,Very Dissatisfied,Dissatisfied,,,,
Q1[02][F],none,please rate following major categories services provided city [city name],02 overall quality city parks facilities,Satisfied,Very Satisfied,Neutral,Dissatisfied,Don't Know,Very Dissatisfied,,,,
Q1[03][F],none,please rate following major categories services provided city [city name],03 overall maintenance city streets,Very Dissatisfied,Satisfied,Neutral,Very Satisfied,Dissatisfied,Don't Know,,,,
Q1[04][F],none,please rate following major categories services provided city [city name],04 overall enforcement city codes ordinances,Dissatisfied,Neutral,Satisfied,Very Satisfied,Don't Know,Very Dissatisfied,,,,
Q1[05][F],none,please rate following major categories services provided city [city name],05 overall quality customer service receive city employees,Neutral,Very Satisfied,Satisfied,Don't Know,Dissatisfied,Very Dissatisfied,,,,
Q1[06][F],none,please rate following major categories services provided city [city name],06 overall effectiveness city communication public,Satisfied,Very Satisfied,Neutral,Don't Know,Dissatisfied,Very Dissatisfied,,,,
Q1[07][F],none,please rate following major categories services provided city [city name],07 overall traffic flowcongestion management major streets city,Neutral,Dissatisfied,Very Satisfied,Satisfied,Very Dissatisfied,Don't Know,,,,
Q1[08][F],none,please rate following major categories services provided city [city name],08 overall traffic flowcongestion management neighborhood streets city,Satisfied,Very Satisfied,Neutral,Dissatisfied,Very Dissatisfied,Don't Know,,,,
Q1[09][F],none,please rate following major categories services provided city [city name],09 overall quality citys stormwater management system,Satisfied,Neutral,Don't Know,Very Satisfied,Dissatisfied,Very Dissatisfied,,,,
Q1[10][F],none,please rate following major categories services provided city [city name],10 overall quality recreation programs,Satisfied,Don't Know,Very Satisfied,Neutral,Very Dissatisfied,Dissatisfied,,,,
Q1[11][F],none,please rate following major categories services provided city [city name],11 overall quality citys environmental sustainability programs,Satisfied,Don't Know,Neutral,Very Satisfied,Dissatisfied,Very Dissatisfied,,,,
Q2[01][F],none,three items listed question 1 think receive emphasis city leaders next two years,1st,03. Overall maintenance of City streets,07. Overall traffic flow/congestion management on major streets in the City,"01. Overall quality of police, fire, and emergency medical services",10. Overall quality of recreation programs,11. Overall quality of City's environmental sustainability programs,06. Overall effectiveness of City communication with the public,02. Overall quality of City parks and facilities,08. Overall traffic flow/congestion management on neighborhood streets in the city,04. Overall enforcement of City codes and ordinances,09. Overall quality of the City's stormwater management system
Q2[02][F],none,three items listed question 1 think receive emphasis city leaders next two years,2nd,04. Overall enforcement of City codes and ordinances,02. Overall quality of City parks and facilities,03. Overall maintenance of City streets,11. Overall quality of City's environmental sustainability programs,07. Overall traffic flow/congestion management on major streets in the City,08. Overall traffic flow/congestion management on neighborhood streets in the city,"01. Overall quality of police, fire, and emergency medical services",10. Overall quality of recreation programs,06. Overall effectiveness of City communication with the public,05. Overall quality of customer service you receive from City employees
Q2[03][F],none,three items listed question 1 think receive emphasis city leaders next two years,3rd,"01. Overall quality of police, fire, and emergency medical services",07. Overall traffic flow/congestion management on major streets in the City,03. Overall maintenance of City streets,02. Overall quality of City parks and facilities,04. Overall enforcement of City codes and ordinances,08. Overall traffic flow/congestion management on neighborhood streets in the city,05. Overall quality of customer service you receive from City employees,11. Overall quality of City's environmental sustainability programs,10. Overall quality of recreation programs,06. Overall effectiveness of City communication with the public
Q3[01][F],none,please rate satisfaction following items may influence perception city [city name],01 overall value receive city tax dollars fees,Dissatisfied,Satisfied,Very Satisfied,Neutral,Don't Know,Very Dissatisfied,,,,
Q3[02][F],none,please rate satisfaction following items may influence perception city [city name],02 overall image city,Satisfied,Very Satisfied,Dissatisfied,Neutral,Very Dissatisfied,,,,,
Q3[03][F],none,please rate satisfaction following items may influence perception city [city name],03 well city planning new development,Very Dissatisfied,Very Satisfied,Satisfied,Neutral,Dissatisfied,Don't Know,,,,
Q3[04][F],none,please rate satisfaction following items may influence perception city [city name],04 well city planning redevelopment,Dissatisfied,Very Satisfied,Satisfied,Don't Know,Neutral,Very Dissatisfied,,,,
Q3[05][F],none,please rate satisfaction following items may influence perception city [city name],05 overall quality life city,Neutral,Very Satisfied,Satisfied,Dissatisfied,Very Dissatisfied,Don't Know,,,,
Q3[06][F],none,please rate satisfaction following items may influence perception city [city name],06 overall condition housing neighborhood,Satisfied,Very Satisfied,Neutral,Dissatisfied,Very Dissatisfied,,,,,
Q3[07][F],none,please rate satisfaction following items may influence perception city [city name],07 overall condition commercial retail centers,Neutral,Satisfied,Very Satisfied,Dissatisfied,Very Dissatisfied,Don't Know,,,,
Q4[01][F],none,please rate satisfaction following public safety items,01 overall quality local police protection,Satisfied,Neutral,Very Satisfied,Don't Know,Very Dissatisfied,Dissatisfied,,,,
Q4[02][F],none,please rate satisfaction following public safety items,02 visibility police neighborhood,Neutral,Satisfied,Very Dissatisfied,Very Satisfied,Dissatisfied,Don't Know,,,,
Q4[03][F],none,please rate satisfaction following public safety items,03 visibility police retail areas,Neutral,Satisfied,Dissatisfied,Don't Know,Very Satisfied,Very Dissatisfied,,,,
Q4[04][F],none,please rate satisfaction following public safety items,04 city efforts prevent crime,Neutral,Satisfied,Dissatisfied,Don't Know,Very Satisfied,Very Dissatisfied,,,,
Q4[05][F],none,please rate satisfaction following public safety items,05 city efforts prevent fires,Satisfied,Don't Know,Neutral,Very Satisfied,Dissatisfied,Very Dissatisfied,,,,
Q4[06][F],none,please rate satisfaction following public safety items,06 enforcement local traffic laws,Dissatisfied,Satisfied,Neutral,Very Satisfied,Don't Know,Very Dissatisfied,,,,
Q4[07][F],none,please rate satisfaction following public safety items,07 overall quality local fire protection,Satisfied,Don't Know,Very Satisfied,Neutral,Very Dissatisfied,Dissatisfied,,,,
Q4[08][F],none,please rate satisfaction following public safety items,08 overall quality local emergency medical service,Satisfied,Don't Know,Very Satisfied,Neutral,Dissatisfied,Very Dissatisfied,,,,
Q4[09][F],none,please rate satisfaction following public safety items,09 quickly public safety personnel respond emergencies,Satisfied,Don't Know,Very Satisfied,Neutral,Dissatisfied,Very Dissatisfied,,,,
Q4[10][F],none,please rate satisfaction following public safety items,10 overall quality animal control,Neutral,Satisfied,Don't Know,Very Satisfied,Dissatisfied,Very Dissatisfied,,,,
Q4[11][F],none,please rate satisfaction following public safety items,11 travel safety city roadways intersections,Neutral,Satisfied,Dissatisfied,Very Satisfied,Very Dissatisfied,Don't Know,,,,
Q4[12][F],none,please rate satisfaction following public safety items,12 enforcing cleanup litter debris city streets,Neutral,Satisfied,Dissatisfied,Don't Know,Very Satisfied,Very Dissatisfied,,,,
Q5[01][F],none,three public safety items listed question 4 think receive emphasis city leaders next two years,1st,04. City efforts to prevent crime,09. How quickly public safety personnel respond to emergencies,01. Overall quality of local police protection,11. Travel safety on City roadways and intersections,12. Enforcing the clean-up of litter and debris on City streets,06. Enforcement of local traffic laws,02. The visibility of police in your neighborhood,10. Overall quality of animal control,08. Overall quality of local emergency medical service,03. The visibility of police in retail areas
Q5[02][F],none,three public safety items listed question 4 think receive emphasis city leaders next two years,2nd,06. Enforcement of local traffic laws,11. Travel safety on City roadways and intersections,08. Overall quality of local emergency medical service,04. City efforts to prevent crime,10. Overall quality of animal control,02. The visibility of police in your neighborhood,03. The visibility of police in retail areas,01. Overall quality of local police protection,12. Enforcing the clean-up of litter and debris on City streets,09. How quickly public safety personnel respond to emergencies
Q5[03][F],none,three public safety items listed question 4 think receive emphasis city leaders next two years,3rd,02. The visibility of police in your neighborhood,04. City efforts to prevent crime,11. Travel safety on City roadways and intersections,01. Overall quality of local police protection,07. Overall quality of local fire protection,09. How quickly public safety personnel respond to emergencies,12. Enforcing the clean-up of litter and debris on City streets,08. Overall quality of local emergency medical service,03. The visibility of police in retail areas,10. Overall quality of animal control
Q6[01][F],none,please rate satisfaction following parks recreation items,01 maintenance city parks,Satisfied,Very Satisfied,Neutral,Don't Know,Dissatisfied,Very Dissatisfied,,,,
Q6[02][F],none,please rate satisfaction following parks recreation items,02 number city parks,Satisfied,Very Satisfied,Neutral,Dissatisfied,Don't Know,Very Dissatisfied,,,,
Q6[03][F],none,please rate satisfaction following parks recreation items,03 bikehike trails city,Satisfied,Neutral,Dissatisfied,Very Satisfied,Don't Know,Very Dissatisfied,,,,
Q6[04][F],none,please rate satisfaction following parks recreation items,04 city swimming pools,Satisfied,Neutral,Dissatisfied,Don't Know,Very Satisfied,Very Dissatisfied,,,,
Q6[05][F],none,please rate satisfaction following parks recreation items,05 city golf courses,Satisfied,Don't Know,Neutral,Very Satisfied,Dissatisfied,Very Dissatisfied,,,,
Q6[06][F],none,please rate satisfaction following parks recreation items,06 city community centers,Satisfied,Neutral,Don't Know,Dissatisfied,Very Satisfied,Very Dissatisfied,,,,
Q6[07][F],none,please rate satisfaction following parks recreation items,07 courts fields athletic facilities,Satisfied,Don't Know,Neutral,Very Satisfied,Dissatisfied,Very Dissatisfied,,,,
Q6[08][F],none,please rate satisfaction following parks recreation items,08 deanna rose childrens farmstead,Satisfied,Very Satisfied,Don't Know,Neutral,Dissatisfied,,,,,
Q6[09][F],none,please rate satisfaction following parks recreation items,09 [city name] soccer complex,Neutral,Don't Know,Satisfied,Very Satisfied,Dissatisfied,Very Dissatisfied,,,,
Q6[10][F],none,please rate satisfaction following parks recreation items,10 [city name] arboretum botanical gardens,Very Satisfied,Satisfied,Don't Know,Neutral,Very Dissatisfied,Dissatisfied,,,,
Q6[11][F],none,please rate satisfaction following parks recreation items,11 citys adult recreation programs,Neutral,Don't Know,Satisfied,Very Satisfied,Dissatisfied,Very Dissatisfied,,,,
Q6[12][F],none,please rate satisfaction following parks recreation items,12 recreation programs offered kids,Satisfied,Don't Know,Dissatisfied,Neutral,Very Satisfied,Very Dissatisfied,,,,
Q6[13][F],none,please rate satisfaction following parks recreation items,13 city recreation programs fitness classes special events eg fourth july fall festival,Satisfied,Very Satisfied,Don't Know,Neutral,Dissatisfied,Very Dissatisfied,,,,
Q6[14][F],none,please rate satisfaction following parks recreation items,14 fees charged recreation programs,Satisfied,Neutral,Dissatisfied,Don't Know,Very Satisfied,Very Dissatisfied,,,,
Q6[15][F],none,please rate satisfaction following parks recreation items,15 arts cultural programs,Satisfied,Neutral,Don't Know,Very Satisfied,Dissatisfied,Very Dissatisfied,,,,
Q7[01][F],none,three parks recreation items listed question 6 think receive emphasis city leaders next two years,1st,14. Fees charged for recreation programs,12. Recreation programs offered for kids,01. Maintenance of City parks,03. Bike/Hike trails in the city,05. City golf courses,02. The number of City parks,04. City swimming pools,06. City community centers,08. Deanna Rose Children's Farmstead,"13. Other City recreation programs, such as fitness classes and special events (e.g., Fourth of July, Fall Festival)"
Q7[02][F],none,three parks recreation items listed question 6 think receive emphasis city leaders next two years,2nd,15. Arts and cultural programs,03. Bike/Hike trails in the city,06. City community centers,14. Fees charged for recreation programs,01. Maintenance of City parks,"07. Courts, fields, and athletic facilities",11. The City's adult recreation programs,02. The number of City parks,04. City swimming pools,05. City golf courses
Q7[03][F],none,three parks recreation items listed question 6 think receive emphasis city leaders next two years,3rd,11. The City's adult recreation programs,06. City community centers,09. Overland Park Soccer Complex,15. Arts and cultural programs,12. Recreation programs offered for kids,08. Deanna Rose Children's Farmstead,03. Bike/Hike trails in the city,"07. Courts, fields, and athletic facilities",10. Overland Park Arboretum and Botanical Gardens,02. The number of City parks
Q8[01][F],none,please rate satisfaction following code enforcement items,1 enforcing mowing trimming residential property,Satisfied,Don't Know,Neutral,Very Satisfied,Dissatisfied,Very Dissatisfied,,,,
Q8[02][F],none,please rate satisfaction following code enforcement items,2 enforcing mowing trimming commercial property,Very Dissatisfied,Satisfied,Neutral,Very Satisfied,Don't Know,Dissatisfied,,,,
Q8[03][F],none,please rate satisfaction following code enforcement items,3 enforcing maintenance residential property neighborhood,Neutral,Don't Know,Dissatisfied,Very Satisfied,Satisfied,Very Dissatisfied,,,,
Q8[04][F],none,please rate satisfaction following code enforcement items,4 enforcing maintenance commercial property neighborhood,Very Dissatisfied,Don't Know,Neutral,Satisfied,Very Satisfied,Dissatisfied,,,,
Q8[05][F],none,please rate satisfaction following code enforcement items,5 enforcing sign regulations,Very Dissatisfied,Satisfied,Neutral,Very Satisfied,Don't Know,Dissatisfied,,,,
Q8[06][F],none,please rate satisfaction following code enforcement items,6 enforcing maintenance rental properties neighborhood,Neutral,Dissatisfied,Satisfied,Don't Know,Very Dissatisfied,Very Satisfied,,,,
Q9[01][F],none,three code enforcement items listed question 8 think receive emphasis city leaders next two years,1st,2. Enforcing the mowing and trimming of commercial property,3. Enforcing the maintenance of residential property in your neighborhood,4. Enforcing the maintenance of commercial property in your neighborhood,6. Enforcing the maintenance of rental properties in your neighborhood,1. Enforcing the mowing and trimming of residential property,5. Enforcing sign regulations,,,,
Q9[02][F],none,three code enforcement items listed question 8 think receive emphasis city leaders next two years,2nd,5. Enforcing sign regulations,3. Enforcing the maintenance of residential property in your neighborhood,1. Enforcing the mowing and trimming of residential property,6. Enforcing the maintenance of rental properties in your neighborhood,2. Enforcing the mowing and trimming of commercial property,4. Enforcing the maintenance of commercial property in your neighborhood,,,,
Q9[03][F],none,three code enforcement items listed question 8 think receive emphasis city leaders next two years,3rd,4. Enforcing the maintenance of commercial property in your neighborhood,2. Enforcing the mowing and trimming of commercial property,5. Enforcing sign regulations,3. Enforcing the maintenance of residential property in your neighborhood,1. Enforcing the mowing and trimming of residential property,6. Enforcing the maintenance of rental properties in your neighborhood,,,,
Q10[01][F],none,please rate satisfaction following maintenance items,01 maintenance major city streets,Very Dissatisfied,Satisfied,Dissatisfied,Very Satisfied,Neutral,Don't Know,,,,
Q10[02][F],none,please rate satisfaction following maintenance items,02 maintenance neighborhood streets,Very Dissatisfied,Neutral,Dissatisfied,Satisfied,Very Satisfied,Don't Know,,,,
Q10[03][F],none,please rate satisfaction following maintenance items,03 maintenance sidewalks,Dissatisfied,Neutral,Very Dissatisfied,Satisfied,Very Satisfied,Don't Know,,,,
Q10[04][F],none,please rate satisfaction following maintenance items,04 maintenance traffic signals,Satisfied,Dissatisfied,Very Satisfied,Neutral,Don't Know,Very Dissatisfied,,,,
Q10[05][F],none,please rate satisfaction following maintenance items,05 maintenance street signs,Satisfied,Very Satisfied,Neutral,Dissatisfied,Don't Know,Very Dissatisfied,,,,
Q10[06][F],none,please rate satisfaction following maintenance items,06 maintenance curbs,Very Dissatisfied,Satisfied,Neutral,Dissatisfied,Don't Know,Very Satisfied,,,,
Q10[07][F],none,please rate satisfaction following maintenance items,07 maintenance street lights,Satisfied,Neutral,Very Satisfied,Dissatisfied,Don't Know,Very Dissatisfied,,,,
Q10[08][F],none,please rate satisfaction following maintenance items,08 maintenance city buildings eg city hall sanders justice center,Satisfied,Don't Know,Neutral,Very Satisfied,Dissatisfied,Very Dissatisfied,,,,
Q10[09][F],none,please rate satisfaction following maintenance items,09 snow removal major city streets,Satisfied,Neutral,Very Satisfied,Dissatisfied,Don't Know,Very Dissatisfied,,,,
Q10[10][F],none,please rate satisfaction following maintenance items,10 snow removal neighborhood streets,Dissatisfied,Neutral,Very Satisfied,Satisfied,Very Dissatisfied,Don't Know,,,,
Q10[11][F],none,please rate satisfaction following maintenance items,11 mowing trimming along city streets,Neutral,Satisfied,Very Satisfied,Very Dissatisfied,Don't Know,Dissatisfied,,,,
Q10[12][F],none,please rate satisfaction following maintenance items,12 mowing trimming city parks,Satisfied,Neutral,Very Satisfied,Don't Know,Dissatisfied,Very Dissatisfied,,,,
Q10[13][F],none,please rate satisfaction following maintenance items,13 overall cleanliness city streets public areas,Neutral,Very Satisfied,Satisfied,Dissatisfied,Very Dissatisfied,Don't Know,,,,
Q10[14][F],none,please rate satisfaction following maintenance items,14 onstreet bicycle infrastructure bike lanespainted symbols,Satisfied,Don't Know,Neutral,Dissatisfied,Very Satisfied,Very Dissatisfied,,,,
Q11[01][F],none,three maintenance items listed question 10 think receive emphasis city leaders next two years,1st,02. Maintenance of neighborhood streets,10. Snow removal on neighborhood streets,14. On-street bicycle infrastructure (bike lanes/painted symbols),01. Maintenance of major City streets,03. Maintenance of sidewalks,09. Snow removal on major City streets,11. Mowing and trimming along City streets,04. Maintenance of traffic signals,13. Overall cleanliness of City streets and other public areas,06. Maintenance of curbs
Q11[02][F],none,three maintenance items listed question 10 think receive emphasis city leaders next two years,2nd,06. Maintenance of curbs,03. Maintenance of sidewalks,01. Maintenance of major City streets,05. Maintenance of street signs,07. Maintenance of street lights,02. Maintenance of neighborhood streets,10. Snow removal on neighborhood streets,09. Snow removal on major City streets,13. Overall cleanliness of City streets and other public areas,14. On-street bicycle infrastructure (bike lanes/painted symbols)
Q11[03][F],none,three maintenance items listed question 10 think receive emphasis city leaders next two years,3rd,10. Snow removal on neighborhood streets,13. Overall cleanliness of City streets and other public areas,04. Maintenance of traffic signals,14. On-street bicycle infrastructure (bike lanes/painted symbols),01. Maintenance of major City streets,03. Maintenance of sidewalks,02. Maintenance of neighborhood streets,06. Maintenance of curbs,"08. Maintenance of City buildings (e.g., City Hall, Sanders Justice Center)",09. Snow removal on major City streets
Q12[01][F],none,please rate satisfaction following environmental sustainability items,1 citys efforts protect natural resources environment,Satisfied,Neutral,Dissatisfied,Very Satisfied,Don't Know,Very Dissatisfied,,,,
Q12[02][F],none,please rate satisfaction following environmental sustainability items,2 citys water quality programs floating wetlands stream cleanup events stormwater cost share program etc,Satisfied,Don't Know,Neutral,Very Satisfied,Dissatisfied,Very Dissatisfied,,,,
Q12[03][F],none,please rate satisfaction following environmental sustainability items,3 health citys tree canopy,Neutral,Satisfied,Dissatisfied,Very Satisfied,Don't Know,Very Dissatisfied,,,,
Q12[04][F],none,please rate satisfaction following environmental sustainability items,4 citys dropoff recycling center,Satisfied,Dissatisfied,Neutral,Very Satisfied,Don't Know,Very Dissatisfied,,,,
Q12[05][F],none,please rate satisfaction following environmental sustainability items,5 citys recycling waste diversion events recycling extravaganza mattress recycling pickup etc,Satisfied,Neutral,Dissatisfied,Very Satisfied,Don't Know,Very Dissatisfied,,,,
Q12[06][F],none,please rate satisfaction following environmental sustainability items,6 citys promotion sustainable practices residents businesses,Satisfied,Dissatisfied,Neutral,Don't Know,Very Satisfied,Very Dissatisfied,,,,
Q13[01][F],none,please rate satisfaction following leadership items,1 overall quality leadership provided citys elected officials,Neutral,Satisfied,Don't Know,Very Satisfied,Dissatisfied,Very Dissatisfied,,,,
Q13[02][F],none,please rate satisfaction following leadership items,2 overall responsiveness citys elected leadership,Neutral,Don't Know,Satisfied,Very Satisfied,Dissatisfied,Very Dissatisfied,,,,
Q13[03][F],none,please rate satisfaction following leadership items,3 overall effectiveness city manager department directors,Neutral,Satisfied,Don't Know,Very Satisfied,Dissatisfied,Very Dissatisfied,,,,
Q14[01][F],none,please rate satisfaction following communication items,1 availability information city programs services,Satisfied,Very Satisfied,Neutral,Dissatisfied,Don't Know,Very Dissatisfied,,,,
Q14[02][F],none,please rate satisfaction following communication items,2 city efforts keep informed local issues,Neutral,Very Satisfied,Satisfied,Dissatisfied,Very Dissatisfied,Don't Know,,,,
Q14[03][F],none,please rate satisfaction following communication items,3 level public engagement local decisionmaking,Very Dissatisfied,Don't Know,Neutral,Satisfied,Very Satisfied,Dissatisfied,,,,
Q14[04][F],none,please rate satisfaction following communication items,4 quality citys website,Satisfied,Don't Know,Very Satisfied,Neutral,Dissatisfied,Very Dissatisfied,,,,
Q14[05][F],none,please rate satisfaction following communication items,5 quality citys newsletter,Satisfied,Very Satisfied,Don't Know,Neutral,Dissatisfied,Very Dissatisfied,,,,
Q14[06][F],none,please rate satisfaction following communication items,6 quality citys social media,Neutral,Don't Know,Satisfied,Very Satisfied,Dissatisfied,Very Dissatisfied,,,,
Q14[07][F],none,please rate satisfaction following communication items,7 quality live streaming city meetings,Neutral,Don't Know,Satisfied,Very Satisfied,Dissatisfied,Very Dissatisfied,,,,
Q15[01][M],none,following primary sources information city issues services events,city newsletter overview,Yes,No,,,,,,,,
Q15[02][M],following primary sources information city issues services events,citys website opkansas,none,Yes,No,,,,,,,,
Q15[03][M],none,following primary sources information city issues services events,city social media accounts,No,Yes,,,,,,,,
Q15[04][M],none,following primary sources information city issues services events,city enewsletters,No,Yes,,,,,,,,
Q15[05][M],none,following primary sources information city issues services events,livestreaming city meetings,No,Yes,,,,,,,,
Q15[06][M],none,following primary sources information city issues services events,social media generally city accounts,No,Yes,,,,,,,,
Q15[07][M],none,following primary sources information city issues services events,[city name] star,No,Yes,,,,,,,,
Q15[08][M],none,following primary sources information city issues services events,[city name] county post,No,Yes,,,,,,,,
Q15[09][M],none,following primary sources information city issues services events,television news,Yes,No,,,,,,,,
Q15[10][M],none,following primary sources information city issues services events,radio,No,Yes,,,,,,,,
Q15[11][M],none,following primary sources information city issues services events,,No,Yes,,,,,,,,
Q15x11[T],none,please define,none,Spouse employed by the city of OP,FROM TALKING TO OTHER RESIDENTS,Mail,none,Anything but the KC Star.  Waaay to Liberal leaning and not trustworthy. ,Local podcasts,Meeting ,Tony's Kansas City,work,mailers
Q16[L],none,called emailed used online customer service system opcares visited city question problem complaint past year,none,Yes,No,,,,,,,,
Q16a[L],none,easy contact person needed reach,none,Somewhat Easy,Very Easy,Difficult,Very Difficult,Don't Know,,,,,
Q16b[01][F],several factors may influence perception quality customer service receive city employees listed,item please rate often employees contacted past year displayed behavior described,1 courteous polite,Usually,Always,Don't Know,Never,Seldom,Sometimes,,,,
Q16b[02][F],several factors may influence perception quality customer service receive city employees listed,item please rate often employees contacted past year displayed behavior described,2 gave prompt accurate complete answers questions,Sometimes,Always,Don't Know,Usually,Never,Seldom,,,,
Q16b[03][F],several factors may influence perception quality customer service receive city employees listed,item please rate often employees contacted past year displayed behavior described,3 said would timely manner,Usually,Sometimes,Always,Don't Know,Seldom,Never,,,,
Q16b[04][F],several factors may influence perception quality customer service receive city employees listed,item please rate often employees contacted past year displayed behavior described,4 helped resolve issue satisfaction,Sometimes,Always,Usually,Don't Know,Seldom,Never,,,,
Q17[01][F],none,please rate safe feel following situations,1 neighborhood day,Safe,Very Safe,Neutral,Don't Know,Unsafe,Very Unsafe,,,,
Q17[02][F],none,please rate safe feel following situations,2 neighborhood night,Safe,Very Safe,Unsafe,Neutral,Don't Know,Very Unsafe,,,,
Q17[03][F],none,please rate safe feel following situations,3 city parks recreation facilities,Neutral,Very Safe,Safe,Don't Know,Very Unsafe,Unsafe,,,,
Q17[04][F],none,please rate safe feel following situations,4 commercial retail areas day,Safe,Very Safe,Neutral,Don't Know,Unsafe,Very Unsafe,,,,
Q17[05][F],none,please rate safe feel following situations,5 commercial retail areas night,Neutral,Very Safe,Safe,Don't Know,Unsafe,Very Unsafe,,,,
Q17[06][F],none,please rate safe feel following situations,6 biking city streets,Don't Know,Neutral,Unsafe,Safe,Very Unsafe,Very Safe,,,,
Q17[07][F],none,please rate safe feel following situations,7 targeted extremist violence,Neutral,Very Safe,Safe,Very Unsafe,Don't Know,Unsafe,,,,
Q17[08][F],none,please rate safe feel following situations,8 racismand hatebased crimes,Safe,Very Safe,Neutral,Don't Know,Very Unsafe,Unsafe,,,,
Q18[01][F],none,please rate city [city name] regard following,1 place live,Good,Excellent,Neutral,Poor,Below Average,,,,,
Q18[02][F],none,please rate city [city name] regard following,2 place raise children,Good,Excellent,Neutral,Don't Know,Below Average,Poor,,,,
Q18[03][F],none,please rate city [city name] regard following,3 place work,Good,Excellent,Don't Know,Neutral,Below Average,Poor,,,,
Q18[04][F],none,please rate city [city name] regard following,4 place retire,Poor,Good,Excellent,Neutral,Don't Know,Below Average,,,,
Q18[05][F],none,please rate city [city name] regard following,5 place visit,Good,Excellent,Neutral,Below Average,Don't Know,Poor,,,,
Q19[01][M],city aware shortage housing nationwide locally,different housing types already offered [city name] help meet needs future generations community,accessory dwelling units smaller independent residential dwelling units located lot singlefamily home also known granny flats carriage houses,No,Yes,,,,,,,,
Q19[02][M],city aware shortage housing nationwide locally,different housing types already offered [city name] help meet needs future generations community,cottage court neighborhoods,No,Yes,,,,,,,,
Q19[03][M],city aware shortage housing nationwide locally,different housing types already offered [city name] help meet needs future generations community,duplexes,Yes,No,,,,,,,,
Q19[04][M],city aware shortage housing nationwide locally,different housing types already offered [city name] help meet needs future generations community,triplexes,Yes,No,,,,,,,,
Q19[05][M],city aware shortage housing nationwide locally,different housing types already offered [city name] help meet needs future generations community,fourplexes,Yes,No,,,,,,,,
Q19[06][M],city aware shortage housing nationwide locally,different housing types already offered [city name] help meet needs future generations community,small format apartment buildings,No,Yes,,,,,,,,
Q19[07][M],city aware shortage housing nationwide locally,different housing types already offered [city name] help meet needs future generations community,housing incentives programs incentivize building housing,No,Yes,,,,,,,,
Q20[01][M],meet needs future generations city considering changes transportation infrastructure network better accommodate walking biking using public transit charging electric vehicles,support citys transportation network better accommodate multimodal transportation,none,Yes,No,,,,,,,,
Q20[02][M],meet needs future generations city considering changes transportation infrastructure network better accommodate walking biking using public transit charging electric vehicles,support citys transportation network better accommodate multimodal transportation,none,No,Yes,,,,,,,,
Q20[03][M],meet needs future generations city considering changes transportation infrastructure network better accommodate walking biking using public transit charging electric vehicles,support citys transportation network better accommodate multimodal transportation,providing electric vehicle charging infrastructure public property,No,Yes,,,,,,,,
Q20[04][M],meet needs future generations city considering changes transportation infrastructure network better accommodate walking biking using public transit charging electric vehicles,support citys transportation network better accommodate multimodal transportation,facilitating electric vehicle charging infrastructure private property,No,Yes,,,,,,,,
Q20[05][M],meet needs future generations city considering changes transportation infrastructure network better accommodate walking biking using public transit charging electric vehicles,support citys transportation network better accommodate multimodal transportation,none,No,Yes,,,,,,,,
Q21[L],developers pay excise taxes city lots platted new development,increases tax [city name] would require community approval future election,none,Yes,No,,,,,,,,
Q22[L],none,approximately many years lived city [city name],none,More than 20 years,16-20 years,6-10 years,1-5 years,Less than 1 year,11-15 years,,,,
Q23[L],none,approximately many years lived current residence,none,16-20 years,1-5 years,More than 20 years,11-15 years,Less than 1 year,6-10 years,,,,
Q24[L],none,rent current residence,none,Own,Rent,,,,,,,,
Q25[L],none,live east west antioch,none,West,East,,,,,,,,
Q26[L],none,following best describes location home,none,South of I-435 and North of 135th Street,South of 87th Street and North of I-435,South of 135th Street and North of 159th Street,North of 87th Street,South of 159th Street,,,,,
Q27[N],none,counting many people regularly live household,none,2.0,3.0,4.0,1.0,5.0,6.0,8.0,22.0,7.0,0.0
Q28[L],none,ever made code compliance complaint code complaint filed,none,No,Yes,,,,,,,,
Q29[01][K],none,including many persons household following age groups,5 years,1.0,0.0,2.0,3.0,27.0,,,,,
Q29[02][K],none,including many persons household following age groups,59 years,1.0,0.0,2.0,3.0,,,,,,
Q29[03][K],none,including many persons household following age groups,1014 years,1.0,2.0,0.0,3.0,,,,,,
Q29[04][K],none,including many persons household following age groups,1519 years,1.0,2.0,0.0,3.0,4.0,,,,,
Q29[05][K],none,including many persons household following age groups,2024 years,1.0,0.0,2.0,4.0,3.0,,,,,
Q29[06][K],none,including many persons household following age groups,2534 years,1.0,2.0,0.0,3.0,4.0,,,,,
Q29[07][K],none,including many persons household following age groups,3544 years,2.0,0.0,1.0,4.0,,,,,,
Q29[08][K],none,including many persons household following age groups,4554 years,2.0,0.0,1.0,3.0,,,,,,
Q29[09][K],none,including many persons household following age groups,5564 years,2.0,1.0,0.0,,,,,,,
Q29[10][K],none,including many persons household following age groups,6574 years,1.0,2.0,0.0,26.0,,,,,,
Q29[11][K],none,including many persons household following age groups,75 years,1.0,0.0,2.0,28.0,82.0,6.0,17.0,75.0,27.0,
Q30[N],none,age,none,74.0,40.0,59.0,27.0,41.0,70.0,31.0,68.0,29.0,57.0
Q31[01][K],none,many persons household employed following areas,within city limits [city name],1.0,2.0,0.0,3.0,4.0,,,,,
Q31[02][K],none,many persons household employed following areas,outside [city name] within [city name] county,0.0,1.0,2.0,0.5,4.0,3.0,6.0,,,
Q31[03][K],none,many persons household employed following areas,outside [city name] county within [city name] metro area,1.0,0.0,2.0,0.5,3.0,5.0,4.0,,,
Q31[04][K],none,many persons household employed following areas,outside [city name] metro area,0.0,1.0,2.0,4.0,10.0,25.0,,,,
Q32[L],none,approximate annual income total household,none,"$125,000 to $149,999","$150,000 or more","$45,000 to $59,999","$100,000 to $124,999","$80,000 to $99,999","$60,000 to $79,999","$30,000 to $44,999","Under $30,000",,
Q33[L],none,members household spanish hispanic latino heritage,none,No,Yes,,,,,,,,
Q33a[N],none,many people spanish hispanic latino heritage,none,1.0,2.0,3.0,4.0,5.0,0.0,,,,
Q34[01][M],none,following best describes raceethnicity,asian asian indian,No,Yes,,,,,,,,
Q34[02][M],none,following best describes raceethnicity,black african american,No,Yes,,,,,,,,
Q34[03][M],none,following best describes raceethnicity,american indian alaska native,No,Yes,,,,,,,,
Q34[04][M],none,following best describes raceethnicity,white caucasian,Yes,No,,,,,,,,
Q34[05][M],none,following best describes raceethnicity,native hawaiian pacific islander,No,Yes,,,,,,,,
Q34[06][M],none,following best describes raceethnicity,hispanic spanish latinoax,No,Yes,,,,,,,,
Q34[07][M],none,following best describes raceethnicity,korean,,,,,,,,,,
Q34[08][M],none,following best describes raceethnicity,chinese,,,,,,,,,,
Q34[09][M],none,following best describes raceethnicity,middle eastern north african,,,,,,,,,,
Q34[10][M],none,following best describes raceethnicity,slaviceastern european,,,,,,,,,,
Q34[77][M],none,following best describes raceethnicity,unknowndont know,,,,,,,,,,
Q34[88][M],none,following best describes raceethnicity,prefer say,,,,,,,,,,
Q34[99][M],none,following best describes raceethnicity,,No,Yes,,,,,,,,
Q34x99[S],none,please describe raceethnicity,none,Prefer Not To Answer,Iranian ,American ,Mediterranean ,Hispanic,Human ,Mexican (Hispanic),Jewish,Middle aged Jew,Nope
Q35[L],none,primary language spoken home,none,English,Other,Spanish,,,,,,,
Q35x3[T],none,please define,none,Arabic ,Korean,Taiwanese,Gujrati,Odia,Farsi ,English and Spanish,German,Mandarin,French
Q36[L],none,gender listed birth certificate,none,Female,Male,,,,,,,,
Q37[L],none,gender identity,none,Female,Male,Non-binary,Prefer to self-describe,,,,,,
Q1[01][F],satisfaction city services,major categories city services provided city [city name] listed,01 overall quality police service,Neutral,Very Satisfied,Satisfied,Dissatisfied,Don't Know,Very Dissatisfied,,,,
Q1[02][F],satisfaction city services,major categories city services provided city [city name] listed,02 overall quality fire services,Very Satisfied,Satisfied,Very Dissatisfied,Don't Know,Dissatisfied,Neutral,,,,
Q1[03][F],satisfaction city services,major categories city services provided city [city name] listed,03 overall efforts city ensure community prepared emergencies,Very Dissatisfied,Very Satisfied,Don't Know,Neutral,Dissatisfied,Satisfied,,,,
Q1[04][F],satisfaction city services,major categories city services provided city [city name] listed,04 overall maintenance city streets sidewalks infrastructure,Dissatisfied,Very Satisfied,Satisfied,Very Dissatisfied,Neutral,Don't Know,,,,
Q1[05][F],satisfaction city services,major categories city services provided city [city name] listed,05 overall effectiveness communication city,Very Dissatisfied,Very Satisfied,Don't Know,Neutral,Dissatisfied,Satisfied,,,,
Q1[06][F],satisfaction city services,major categories city services provided city [city name] listed,06 overall flow traffic congestion management streets city,Don't Know,Very Satisfied,Satisfied,Very Dissatisfied,Neutral,Dissatisfied,,,,
Q1[07][F],satisfaction city services,major categories city services provided city [city name] listed,07 overall quality stormwater management city,Dissatisfied,Very Satisfied,Don't Know,Very Dissatisfied,Neutral,Satisfied,,,,
Q1[08][F],satisfaction city services,major categories city services provided city [city name] listed,08 overall quality parks recreation programs facilities,Neutral,Very Satisfied,Don't Know,Dissatisfied,Satisfied,Very Dissatisfied,,,,
Q1[09][F],satisfaction city services,major categories city services provided city [city name] listed,09 overall quality customer service provided city employees,Don't Know,Very Satisfied,Very Dissatisfied,Neutral,Dissatisfied,Satisfied,,,,
Q1[10][F],satisfaction city services,major categories city services provided city [city name] listed,10 overall enforcement local codes ordinances,Dissatisfied,Very Satisfied,Very Dissatisfied,Neutral,Satisfied,Don't Know,,,,
Q1[11][F],satisfaction city services,major categories city services provided city [city name] listed,11 overall quality public transportationbus services,Satisfied,Don't Know,Neutral,Dissatisfied,Very Satisfied,Very Dissatisfied,,,,
Q1[12][F],satisfaction city services,major categories city services provided city [city name] listed,12 wastewatersanitary sewer services,Neutral,Very Satisfied,Don't Know,Very Dissatisfied,Dissatisfied,Satisfied,,,,
Q2[01][F],none,three city services listed question 1 think important city emphasize next two years,1st,01. Overall quality of police service,03. Overall efforts by the City to ensure the community is prepared for emergencies,02. Overall quality of fire services,06. Overall flow of traffic and congestion management on streets in the City,07. Overall quality of stormwater management in the City,"04. Overall maintenance of City streets, sidewalks, and infrastructure",12. Wastewater/sanitary sewer services,05. Overall effectiveness of communication by the City,08. Overall quality of parks and recreation programs and facilities,10. Overall enforcement of local codes and ordinances
Q2[02][F],none,three city services listed question 1 think important city emphasize next two years,2nd,08. Overall quality of parks and recreation programs and facilities,01. Overall quality of police service,03. Overall efforts by the City to ensure the community is prepared for emergencies,"04. Overall maintenance of City streets, sidewalks, and infrastructure",12. Wastewater/sanitary sewer services,05. Overall effectiveness of communication by the City,02. Overall quality of fire services,07. Overall quality of stormwater management in the City,10. Overall enforcement of local codes and ordinances,09. Overall quality of customer service provided by City employees
Q2[03][F],none,three city services listed question 1 think important city emphasize next two years,3rd,"04. Overall maintenance of City streets, sidewalks, and infrastructure",02. Overall quality of fire services,06. Overall flow of traffic and congestion management on streets in the City,10. Overall enforcement of local codes and ordinances,05. Overall effectiveness of communication by the City,12. Wastewater/sanitary sewer services,03. Overall efforts by the City to ensure the community is prepared for emergencies,08. Overall quality of parks and recreation programs and facilities,01. Overall quality of police service,07. Overall quality of stormwater management in the City
Q3[01][F],perceptions community,please rate satisfaction following items may influence perception city [city name],1 overall quality services provided city,Neutral,Very Satisfied,Satisfied,Very Dissatisfied,Dissatisfied,Don't Know,,,,
Q3[02][F],perceptions community,please rate satisfaction following items may influence perception city [city name],2 overall value receive city tax dollars fees,Don't Know,Very Satisfied,Satisfied,Very Dissatisfied,Dissatisfied,Neutral,,,,
Q3[03][F],perceptions community,please rate satisfaction following items may influence perception city [city name],3 overall image city,Dissatisfied,Very Satisfied,Satisfied,Very Dissatisfied,Neutral,Don't Know,,,,
Q3[04][F],perceptions community,please rate satisfaction following items may influence perception city [city name],4 overall quality life city,Dissatisfied,Very Satisfied,Neutral,Satisfied,Very Dissatisfied,Don't Know,,,,
Q3[05][F],perceptions community,please rate satisfaction following items may influence perception city [city name],5 overall feeling safety city,Satisfied,Very Satisfied,Neutral,Dissatisfied,Very Dissatisfied,Don't Know,,,,
Q3[06][F],perceptions community,please rate satisfaction following items may influence perception city [city name],6 overall leadership elected officials,Dissatisfied,Very Satisfied,Don't Know,Neutral,Very Dissatisfied,Satisfied,,,,
Q3[07][F],perceptions community,please rate satisfaction following items may influence perception city [city name],7 overall leadership city manager senior staff,Don't Know,Very Satisfied,Dissatisfied,Neutral,Very Dissatisfied,Satisfied,,,,
Q4[01][F],police services,please rate satisfaction following services provided city [city name],1 overall quality local police protection,Satisfied,Very Satisfied,Dissatisfied,Neutral,Don't Know,Very Dissatisfied,,,,
Q4[02][F],police services,please rate satisfaction following services provided city [city name],2 visibility police neighborhoods,Very Satisfied,Neutral,Satisfied,Dissatisfied,Don't Know,Very Dissatisfied,,,,
Q4[03][F],police services,please rate satisfaction following services provided city [city name],3 visibility police commercial retail areas,Very Satisfied,Neutral,Satisfied,Don't Know,Dissatisfied,Very Dissatisfied,,,,
Q4[04][F],police services,please rate satisfaction following services provided city [city name],4 quickly police respond emergencies,Very Satisfied,Neutral,Don't Know,Satisfied,Dissatisfied,Very Dissatisfied,,,,
Q4[05][F],police services,please rate satisfaction following services provided city [city name],5 efforts local government area prevent crime,Satisfied,Very Satisfied,Neutral,Dissatisfied,Don't Know,Very Dissatisfied,,,,
Q4[06][F],police services,please rate satisfaction following services provided city [city name],6 enforcement local traffic laws,Neutral,Very Satisfied,Very Dissatisfied,Dissatisfied,Satisfied,Don't Know,,,,
Q4[07][F],police services,please rate satisfaction following services provided city [city name],7 professionalism police officers respond service calls,Don't Know,Very Satisfied,Neutral,Dissatisfied,Satisfied,Very Dissatisfied,,,,
Q4[08][F],police services,please rate satisfaction following services provided city [city name],8 overall police involvement engagement community,Neutral,Very Satisfied,Dissatisfied,Satisfied,Don't Know,Very Dissatisfied,,,,
Q5[01][F],none,three police services listed question 4 think important city emphasize next two years,1st,8. Overall police involvement and engagement in the community,3. Visibility of police in commercial and retail areas,5. Efforts by local government in your area to prevent crime,1. Overall quality of local police protection,7. Professionalism of police officers who respond to service calls,2. Visibility of police in neighborhoods,4. How quickly police respond to emergencies,6. Enforcement of local traffic laws,,
Q5[02][F],none,three police services listed question 4 think important city emphasize next two years,2nd,1. Overall quality of local police protection,6. Enforcement of local traffic laws,8. Overall police involvement and engagement in the community,4. How quickly police respond to emergencies,5. Efforts by local government in your area to prevent crime,2. Visibility of police in neighborhoods,7. Professionalism of police officers who respond to service calls,3. Visibility of police in commercial and retail areas,,
Q5[03][F],none,three police services listed question 4 think important city emphasize next two years,3rd,7. Professionalism of police officers who respond to service calls,5. Efforts by local government in your area to prevent crime,8. Overall police involvement and engagement in the community,3. Visibility of police in commercial and retail areas,2. Visibility of police in neighborhoods,1. Overall quality of local police protection,4. How quickly police respond to emergencies,6. Enforcement of local traffic laws,,
Q6[01][F],parks recreation department,please rate satisfaction following services provided city [city name],1 maintenance city parks park facilities,Satisfied,Very Satisfied,Neutral,Dissatisfied,Very Dissatisfied,Don't Know,,,,
Q6[02][F],parks recreation department,please rate satisfaction following services provided city [city name],2 number city parks park facilities,Dissatisfied,Very Satisfied,Neutral,Very Dissatisfied,Satisfied,Don't Know,,,,
Q6[03][F],parks recreation department,please rate satisfaction following services provided city [city name],3 quality facilities picnic shelters playgrounds,Neutral,Very Satisfied,Dissatisfied,Very Dissatisfied,Satisfied,Don't Know,,,,
Q6[04][F],parks recreation department,please rate satisfaction following services provided city [city name],4 quality outdoor athletic fields,Dissatisfied,Very Satisfied,Neutral,Don't Know,Very Dissatisfied,Satisfied,,,,
Q6[05][F],parks recreation department,please rate satisfaction following services provided city [city name],5 quality walking biking trails,Satisfied,Very Satisfied,Neutral,Don't Know,Dissatisfied,Very Dissatisfied,,,,
Q6[06][F],parks recreation department,please rate satisfaction following services provided city [city name],6 number walking biking trails,Neutral,Very Satisfied,Dissatisfied,Very Dissatisfied,Don't Know,Satisfied,,,,
Q6[07][F],parks recreation department,please rate satisfaction following services provided city [city name],7 quality city sponsored special events,Neutral,Very Satisfied,Don't Know,Dissatisfied,Very Dissatisfied,Satisfied,,,,
Q6[08][F],parks recreation department,please rate satisfaction following services provided city [city name],8 safety community parks facilities,Neutral,Very Satisfied,Dissatisfied,Very Dissatisfied,Don't Know,Satisfied,,,,
Q7[01][F],none,three parks recreation services listed question 6 think important city emphasize next two years,1st,1. Maintenance of City parks and park facilities,6. Number of walking and biking trails,2. Number of City parks and park facilities,3. Quality of facilities such as picnic shelters and playgrounds,8. Safety in community parks and facilities,7. Quality of City sponsored special events,4. Quality of outdoor athletic fields,5. Quality of walking and biking trails,,
Q7[02][F],none,three parks recreation services listed question 6 think important city emphasize next two years,2nd,8. Safety in community parks and facilities,5. Quality of walking and biking trails,3. Quality of facilities such as picnic shelters and playgrounds,6. Number of walking and biking trails,7. Quality of City sponsored special events,1. Maintenance of City parks and park facilities,2. Number of City parks and park facilities,4. Quality of outdoor athletic fields,,
Q7[03][F],none,three parks recreation services listed question 6 think important city emphasize next two years,3rd,2. Number of City parks and park facilities,1. Maintenance of City parks and park facilities,8. Safety in community parks and facilities,6. Number of walking and biking trails,7. Quality of City sponsored special events,5. Quality of walking and biking trails,3. Quality of facilities such as picnic shelters and playgrounds,4. Quality of outdoor athletic fields,,
Q8[01][F],maintenance,please rate satisfaction following services provided city [city name],01 condition major city streets,Neutral,Very Satisfied,Satisfied,Dissatisfied,Don't Know,Very Dissatisfied,,,,
Q8[02][F],maintenance,please rate satisfaction following services provided city [city name],02 condition streets neighborhood,Very Dissatisfied,Very Satisfied,Satisfied,Dissatisfied,Neutral,Don't Know,,,,
Q8[03][F],maintenance,please rate satisfaction following services provided city [city name],03 condition sidewalks neighborhood,Dissatisfied,Very Satisfied,Satisfied,Very Dissatisfied,Neutral,Don't Know,,,,
Q8[04][F],maintenance,please rate satisfaction following services provided city [city name],04 condition sidewalks city,Satisfied,Very Satisfied,Dissatisfied,Neutral,Very Dissatisfied,Don't Know,,,,
Q8[05][F],maintenance,please rate satisfaction following services provided city [city name],05 condition street signs traffic signals,Satisfied,Very Satisfied,Dissatisfied,Neutral,Don't Know,Very Dissatisfied,,,,
Q8[06][F],maintenance,please rate satisfaction following services provided city [city name],06 adequacy street lighting community,Dissatisfied,Very Satisfied,Neutral,Very Dissatisfied,Satisfied,Don't Know,,,,
Q8[07][F],maintenance,please rate satisfaction following services provided city [city name],07 accessibility streets sidewalks buildings people disabilities,Satisfied,Very Satisfied,Neutral,Dissatisfied,Don't Know,Very Dissatisfied,,,,
Q8[08][F],maintenance,please rate satisfaction following services provided city [city name],08 mowing tree trimming along streets public areas,Neutral,Very Satisfied,Dissatisfied,Satisfied,Very Dissatisfied,Don't Know,,,,
Q8[09][F],maintenance,please rate satisfaction following services provided city [city name],09 cleanliness streets public areas,Dissatisfied,Very Satisfied,Neutral,Very Dissatisfied,Satisfied,Don't Know,,,,
Q8[10][F],maintenance,please rate satisfaction following services provided city [city name],10 onstreet bicycle infrastructure bike lanessignssharrows,Don't Know,Very Satisfied,Neutral,Very Dissatisfied,Dissatisfied,Satisfied,,,,
Q8[11][F],maintenance,please rate satisfaction following services provided city [city name],11 condition pavement markings streets,Don't Know,Very Satisfied,Neutral,Very Dissatisfied,Dissatisfied,Satisfied,,,,
Q8[12][F],maintenance,please rate satisfaction following services provided city [city name],12 condition landscaping streetscaping medians along streets,Neutral,Very Satisfied,Very Dissatisfied,Dissatisfied,Don't Know,Satisfied,,,,
Q8[13][F],maintenance,please rate satisfaction following services provided city [city name],13 appearance us 1 commercial corridor,Don't Know,Very Satisfied,Neutral,Very Dissatisfied,Dissatisfied,Satisfied,,,,
Q8[14][F],maintenance,please rate satisfaction following services provided city [city name],14 condition appearance downtown [city name],Satisfied,Very Satisfied,Neutral,Very Dissatisfied,Don't Know,Dissatisfied,,,,
Q9[01][F],none,three maintenance services listed question 8 think important city emphasize next two years,1st,09. Cleanliness of streets and other public areas,06. Adequacy of street lighting in your community,14. Condition and appearance of Downtown Riviera Beach,13. Appearance of the US 1 Commercial Corridor,"07. Accessibility of streets, sidewalks, and buildings for people with disabilities",08. Mowing and tree trimming along streets and other public areas,04. Condition of sidewalks in the City,02. Condition of streets in your neighborhood,01. Condition of major City streets,03. Condition of sidewalks in your neighborhood
Q9[02][F],none,three maintenance services listed question 8 think important city emphasize next two years,2nd,02. Condition of streets in your neighborhood,01. Condition of major City streets,14. Condition and appearance of Downtown Riviera Beach,09. Cleanliness of streets and other public areas,13. Appearance of the US 1 Commercial Corridor,05. Condition of street signs and traffic signals,03. Condition of sidewalks in your neighborhood,"07. Accessibility of streets, sidewalks, and buildings for people with disabilities",04. Condition of sidewalks in the City,06. Adequacy of street lighting in your community
Q9[03][F],none,three maintenance services listed question 8 think important city emphasize next two years,3rd,06. Adequacy of street lighting in your community,05. Condition of street signs and traffic signals,13. Appearance of the US 1 Commercial Corridor,03. Condition of sidewalks in your neighborhood,"07. Accessibility of streets, sidewalks, and buildings for people with disabilities",09. Cleanliness of streets and other public areas,02. Condition of streets in your neighborhood,14. Condition and appearance of Downtown Riviera Beach,01. Condition of major City streets,12. Condition of landscaping or streetscaping in medians and along streets
Q10[01][M],none,please check sources information use get information city services news events,01 visiting city hall,No,Yes,,,,,,,,
Q10[02][M],none,please check sources information use get information city services news events,02 emailing city,No,Yes,,,,,,,,
Q10[03][M],none,please check sources information use get information city services news events,03 calling city,No,Yes,,,,,,,,
Q10[04][M],none,please check sources information use get information city services news events,04 instagram,No,Yes,,,,,,,,
Q10[05][M],none,please check sources information use get information city services news events,05 city website,No,Yes,,,,,,,,
Q10[06][M],none,please check sources information use get information city services news events,06 mailers,No,Yes,,,,,,,,
Q10[07][M],none,please check sources information use get information city services news events,07 facebook,No,Yes,,,,,,,,
Q10[08][M],none,please check sources information use get information city services news events,08 x twitter,No,Yes,,,,,,,,
Q10[09][M],none,please check sources information use get information city services news events,09 city enewsletter,Yes,No,,,,,,,,
Q10[10][M],none,please check sources information use get information city services news events,10 tv news outlets,Yes,No,,,,,,,,
Q10[11][M],none,please check sources information use get information city services news events,11 newspapers,No,Yes,,,,,,,,
Q10[12][M],none,please check sources information use get information city services news events,12 radio,No,Yes,,,,,,,,
Q10[13][M],none,please check sources information use get information city services news events,13 hoa,No,Yes,,,,,,,,
Q10[14][M],none,please check sources information use get information city services news events,14 riveria beach magazine,No,Yes,,,,,,,,
Q10[15][M],none,please check sources information use get information city services news events,15,Yes,No,,,,,,,,
Q10x15[T],none,please define,none,Physically viewing the conditions of Riviera beach. ,NextDoor ,FRIENDS,PROPERTY OWNERS,City clerk,word of mouth,Instagram,News in the community ,Google ,Nextdoor app
Q11[01][F],none,three sources listed question 10 prefer use get information city services news events,1st,09. City e-newsletter,05. The City website,07. Facebook,06. Mailers,03. By calling the City,13. HOA,01. By visiting City Hall,14. Riveria Beach Magazine,02. By emailing the City,11. Newspapers
Q11[02][F],none,three sources listed question 10 prefer use get information city services news events,2nd,10. TV news outlets,03. By calling the City,05. The City website,14. Riveria Beach Magazine,09. City e-newsletter,04. Instagram,07. Facebook,06. Mailers,15. Other,11. Newspapers
Q11[03][F],none,three sources listed question 10 prefer use get information city services news events,3rd,06. Mailers,01. By visiting City Hall,15. Other,09. City e-newsletter,07. Facebook,11. Newspapers,04. Instagram,14. Riveria Beach Magazine,05. The City website,10. TV news outlets
Q12[01][F],housing,please rate satisfaction following items,1 availability housing options price range,Dissatisfied,Neutral,Very Dissatisfied,Satisfied,Very Satisfied,Don't Know,,,,
Q12[02][F],housing,please rate satisfaction following items,2 availability range housing types eg apartments townhomes condos duplexes single family,Neutral,Satisfied,Very Dissatisfied,Dissatisfied,Very Satisfied,Don't Know,,,,
Q12[03][F],housing,please rate satisfaction following items,3 efforts city expand preserve housing affordable,Very Dissatisfied,Neutral,Don't Know,Dissatisfied,Very Satisfied,Satisfied,,,,
Q13[01][F],none,think number variety places live work play [city name] would like see fewer following types places [city name],01 educational facilities daycares trade schools private schools charter schools,See about the same,Don't know,See more,See fewer,,,,,,
Q13[02][F],none,think number variety places live work play [city name] would like see fewer following types places [city name],02 historic monuments murals,See about the same,See more,Don't know,See fewer,,,,,,
Q13[03][F],none,think number variety places live work play [city name] would like see fewer following types places [city name],03 small scale multiunit housing motherinlaw suite smaller units attached detached main house duplex triplex smaller size homes sharing lawn etc,Don't know,See more,See fewer,See about the same,,,,,,
Q13[04][F],none,think number variety places live work play [city name] would like see fewer following types places [city name],04 carwash,See about the same,See fewer,See more,Don't know,,,,,,
Q13[05][F],none,think number variety places live work play [city name] would like see fewer following types places [city name],05 restaurants coffee shops cafes smoothie shops bars,See more,See about the same,See fewer,Don't know,,,,,,
Q13[06][F],none,think number variety places live work play [city name] would like see fewer following types places [city name],06 entertainment venues bowling movies jump gyms racetracks etc,See more,See about the same,See fewer,Don't know,,,,,,
Q13[07][F],none,think number variety places live work play [city name] would like see fewer following types places [city name],07 public parks recreation places play ages trails linear parks,See more,See about the same,Don't know,See fewer,,,,,,
Q13[08][F],none,think number variety places live work play [city name] would like see fewer following types places [city name],08 grocery stores markets,See about the same,See more,See fewer,Don't know,,,,,,
Q13[09][F],none,think number variety places live work play [city name] would like see fewer following types places [city name],09 beauty salons barber shops nail salons,See about the same,Don't know,See more,See fewer,,,,,,
Q13[10][F],none,think number variety places live work play [city name] would like see fewer following types places [city name],10 medical health care,See about the same,See more,See fewer,Don't know,,,,,,
Q13[11][F],none,think number variety places live work play [city name] would like see fewer following types places [city name],11 makerspaces community operated spaces people common interests like woodwork crafts commercial kitchens etc,Don't know,See more,See about the same,See fewer,,,,,,
Q13[12][F],none,think number variety places live work play [city name] would like see fewer following types places [city name],12 librariesbookstores,See about the same,See more,See fewer,Don't know,,,,,,
Q13[13][F],none,think number variety places live work play [city name] would like see fewer following types places [city name],13 mid high rise apartments 4 floors,Don't know,See fewer,See about the same,See more,,,,,,
Q13[14][F],none,think number variety places live work play [city name] would like see fewer following types places [city name],14 retail shopping plazas,See about the same,See fewer,See more,Don't know,,,,,,
Q13[15][F],none,think number variety places live work play [city name] would like see fewer following types places [city name],15 fitness centers gyms dance schools yoga studio etc,See more,See about the same,See fewer,Don't know,,,,,,
Q13[16][F],none,think number variety places live work play [city name] would like see fewer following types places [city name],16 mixed use buildings businesses bottom another use top apartments,Don't know,See about the same,See more,See fewer,,,,,,
Q13[17][F],think number variety places live work play [city name] would like see fewer following types places [city name],17 public gathering places plazas courtyards,none,See about the same,See more,Don't know,See fewer,,,,,,
Q13[18][F],none,think number variety places live work play [city name] would like see fewer following types places [city name],18 warehousesstorage warehouses,Don't know,See about the same,See fewer,See more,,,,,,
Q13[19][F],none,think number variety places live work play [city name] would like see fewer following types places [city name],19 pet friendly amenities,See about the same,See more,See fewer,Don't know,,,,,,
Q13[20][F],none,think number variety places live work play [city name] would like see fewer following types places [city name],20 cultural facilities community center museums performing arts outdoor amphitheaters,See about the same,See more,See fewer,Don't know,,,,,,
Q14[01][F],none,please rate level agreement following statements,1 city [city name] safe community,Disagree,Agree,Strongly Disagree,Strongly Agree,Don't Know,,,,,
Q14[02][F],none,please rate level agreement following statements,2 city [city name] affordable community,Don't Know,Strongly Agree,Agree,Strongly Disagree,Disagree,,,,,
Q14[03][F],none,please rate level agreement following statements,3 government city [city name] transparent organization,Disagree,Don't Know,Strongly Disagree,Agree,Strongly Agree,,,,,
Q14[04][F],none,please rate level agreement following statements,4 city [city name] communicates engages public well,Disagree,Strongly Agree,Don't Know,Strongly Disagree,Agree,,,,,
Q14[05][F],none,please rate level agreement following statements,5 proud say enjoy working living playing city [city name],Disagree,Strongly Agree,Agree,Strongly Disagree,Don't Know,,,,,
Q15[T],none,types businesses industries would like see riveria beach,none,Sports stores,bowling alley,"I am looking for high-quality restaurants in this area. Unfortunately, we don't have any good options here, and whenever a new restaurant opens, it usually turns out to be mediocre. This region has a unique Key West vibe, and I believe we need an attractive anchor restaurant that can draw people from West Palm and Lake Park. We need a trendy restaurant with a well-designed interior and a menu catering to various customer segments. If I had the power, I would place an anchor restaurant on the water next to the Marina Grand, so that it has a public view of the water. I would also like to see a restaurant in the strip malls on Blue Heron or a proposed mixed-use development with indoor/outdoor seating or rooftop scenarios. An ideal option would be a restaurant with an enclosed patio at the back. Additionally, I would love to see a coffee shop, a yoga or Pilates studio, and a hip co-working space where I can rent a desk. I believe Riviera Beach needs to develop an industry plan that works well together and gives the city a sense of place. Currently, it feels like an industrial/logistics with a bedroom community jammed against it, there is no in-between. I would like to see more light industry or professional services filler such as law firms, financial services, etc. Lastly, I would love to see some live/work art studios along the working waterfront. ","Supermarket, gym, shopping center ","More plaza and high level restaurants also entertain me t for family we should be able to work, live and play in our community. We need a good rec center with ballet, karaoke, Pilates classes and etc for a more healthier living",More focus on private businesses of all sorts - Less of not for profit and government.,fresh fruits and vegetable sandwich shops,"Grocery stores.  More cultural centers and programs. More opportunities for local artists, more large scale events","entertainment areas such as bowling, movies, etc","Grocery Store
More activities for youth"
Q16[01][K],none,budget 100 services provided city riveria beach would allocate funds among categories,please sure total adds 100,30.0,50.0,75.0,20.0,25.0,45.0,10.0,100.0,35.0,0.0
Q16[02][K],none,budget 100 services provided city riveria beach would allocate funds among categories,please sure total adds 100,25.0,30.0,0.0,20.0,35.0,15.0,10.0,50.0,100.0,5.0
Q16[03][K],none,budget 100 services provided city riveria beach would allocate funds among categories,please sure total adds 100,45.0,40.0,50.0,25.0,20.0,35.0,100.0,75.0,10.0,30.0
Q16[04][K],none,budget 100 services provided city riveria beach would allocate funds among categories,please sure total adds 100,20.0,100.0,30.0,15.0,70.0,25.0,10.0,35.0,50.0,40.0
Q16x4[T],none,please define,none,"Concerts, gatherings etc",Stop focusing so much on government functions and focus instead on drawing private businesses and developers who then would increase the tax base - Instead of how the City currently does it - focus the majority of efforts on government employees and services without a focus on the tax base first as a driving force.  Backwards approach,Affordable housing for artists ,"The streets of Monroe Heights redone.
Very poorly planned.",EVENT SPACE THAT CAN SUPPORT COMMUNITY USEAGE,RESTAURANTS/ENTERTAINMENT,PAVING ROADS-FIX THE ROADS AND INVESTORS WILL COME,Repairs as they come throughout the city the broken splash pad in the city,Community engagement ,Any other amnesty that is conducive to the citizens of Riviera Beach. 
Q17[L],none,permanent seasonal resident [city name],none,Permanent,Seasonal,,,,,,,,
Q18[L],none,business [city name],none,No,Yes,,,,,,,,
Q19[L],none,rent home [city name],none,Rent,Own,,,,,,,,
Q19a[L],none,property [city name],none,No,Yes,,,,,,,,
Q20[N],none,long lived [city name],none,10.0,4.0,20.0,52.0,23.0,25.0,65.0,3.0,51.0,6.0
Q21[L],none,following best describes primary residence [city name],none,Single-family home,Condominium,Other,Apartment,Modular home/manufactured home,,,,,
Q21x5[S],none,please define,none,Townhome,TOWNHOUSE,TRI-PLEX,Motel,Yacht,Townhouse ,Primary home with apartments attached,Town house ,"Organization territorios ,dejaria lugares espesificos para Campos de trailer ,una parte central y otros casas de dibersos tipos",Town home
Q22[N],none,age,none,18.0,70.0,56.0,43.0,40.0,53.0,67.0,65.0,48.0,50.0
Q23[L],none,gender,none,Male,Female,Prefer to self-describe,,,,,,,
Q23x3[S],none,please selfdescribe,none,,,,,,,,,,
Q24[L],none,following best describes total annual household income,none,"$50,000 to $99,999","$150,000 or more","$30,000 to $49,999","$100,000 to $149,999","$15,000 to $29,999","Under $15,000",,,,
Q25[L],none,highest level education attained,none,High school graduate,Some college,Bachelor's degree,Master's degree,Doctorate,No schooling completed,Junior high school/middle school,Some high school,,
Q26[T],none,suggestions city would like make please provide,none,"get rid of the garbage ( container home someone calls a dwelling)  fix the city lights that someone cut down with a saw.
you know who it is","The City seems to focus its energy on tackling big lot redevelopment but fails to do much, if anything, with the surrounding neighborhoods. I often hear people who live in HOAs comment that services are okay with the City, but I think that's because many of those ""services"" are covered by the HOA. The downtown corridor needs to be re-imagined as a walkable, engaging community, as opposed to a series of one-off shiny redevelopments surrounded by blight; more must be done by the CRA to make the downtown area's neighborhoods vibrant, continuous, and visitor and resident-friendly. ","Clean up the crime and drugs and dealers, make it safe for future generations to come, I want to feel safe and be able to walk around my neighborhood, clean up the streets make it beautiful, create ways for homeowners to fix up their homes ",Start building a foundation for black ownership. Less apartments more homes so we can qualify for the ship program and build black generation wealth ,Practice more transparency in government operations; Less government in the City; Stop building the most expensive government buildings of all 40 cities in PBC - absurd; Focus on being efficient with taxpayer money instead of trying out how to spend more for government services.,Stop allowing the train to stop on the tracks for extended periods of time during the morning and evening rush hour. There needs to be a place in the city where people can socialize within the city. We need a real downtown district. Create opportunities for the many artists that live in the city not just the gate keepers. ,Please look at all departments where D.  Jacobs is the head.,Forensic accounting,I indicated that in my last message on the other page. Everything starts with the youth as well as the elders in the community. The police officers need to be a little bit more professional. I was pulled over on Blue Heron Boulevard for a bogus stop and the police proceeded to call backup just so they could flirt with me. There was no need for the stop or the fake ticket. It was the most uncomfortable I have ever been. Nothing was done by the city when reported. Now imagine how many other individuals experienced this. ,"WE NEED TO DEAL WITH THE SEAWALL ISSUE AND CONCENTRATE ON RESILIENCY, ENSURING BUILDING SAFETY AND RESILIENCY AGAINST FLOODING"
