Historical Question,Matched Template Question,Similarity Score,Confidence Level,Rank
major categories city services provided city [city name] listed 08 overall quality parks recreation programs facilities,Please rate each of the following major categories of services provided by the City of [city name]. [. Overall quality of customer service you receive from City employees],0.4970252770219077,Low,1
please rate satisfaction following parks recreation items 12 fees charged recreation programs,Please rate your satisfaction with each of the following parks and recreation items. [. Number of city parks],0.49685237471032995,Low,2
please rate following major categories services provided city [city name] 09 overall quality citys stormwater management system,"Please rate your overall satisfaction with major categories of services provided by the City of [city name]. [. Overall quality of police, fire, and emergency medical services]",0.49677865343762506,Low,3
please rate satisfaction following public safety services provided city [city name] 04 quickly police respond emergencies,Please rate your satisfaction with the following public safety services provided by the City of [city name]. [. The visibility of police in retail areas],0.4957492485195351,Low,4
please rate satisfaction following communication items 6 quality citys social media,Please rate your satisfaction with each of the following communication items. [. The quality of the City's website],0.4947953397238991,Low,5
two street infrastructure services listed think citys top priorities 1st,Which FOUR of the services listed above do you think should be the City's top priorities? [2nd:],0.49447533075749084,Low,6
please rate satisfaction following services provided city [city name] 12 condition landscaping streetscaping medians along streets,Maintenance. Please rate your satisfaction with the following services provided by the City of [city name]. [. Condition of major City streets],0.4944733422220684,Low,7
please indicate safe feel following situations 08 [city name] parks dark,Please rate how safe you feel in the following situations. [. In your neighborhood during the day],0.494442002938593,Low,8
please rate satisfaction following maintenance items 13 overall cleanliness city streets public areas,Please rate your satisfaction with each of the following maintenance items. [. Maintenance of major City streets],0.49425832732839864,Low,9
please rate satisfaction following code enforcement items 5 enforcing sign regulations,Please rate your satisfaction with each of the following code enforcement items. [. Enforcing the maintenance of commercial property in your neighborhood],0.4934635008884383,Low,10
please rate satisfaction following code enforcement items 5 enforcing sign regulations,Please rate your satisfaction with each of the following code enforcement items. [. Enforcing the maintenance of commercial property in your neighborhood],0.4934635008884383,Low,10
please rate satisfaction following public safety services provided city [city name] 11 professionalism employees police department,Please rate your satisfaction with the following public safety services provided by the City of [city name]. [. The visibility of police in retail areas],0.49290304735009854,Low,11
please rate satisfaction following public safety services provided city [city name] 08 overall quality local fire protectionemergency medical services,"Please rate your overall satisfaction with major categories of services provided by the City of [city name]. [. Overall quality of police, fire, and emergency medical services]",0.49266045572695044,Low,12
please rate level agreement following statements 3 city [city name] government listens diverse range people,Please rate your level of agreement with each of the following statements. [. The City of [city name] is a safe community],0.4923324019203174,Low,13
please rate satisfaction following communication items 2 city efforts keep informed local issues,Please rate your satisfaction with each of the following items concerning your trash service. [. City efforts to keep you informed about trash removal issues],0.4919498434595513,Low,14
please rate satisfaction park services listed 10 lew clarkson park,Please rate your satisfaction with each of the park services listed. [. The number of City parks],0.4907929713993975,Low,15
please indicate whether member household used following services past 12 months 02 art cultural programsfacilities,Major Categories of City Services. Please indicate whether you or any member of your household have used each of the following services in the past 12 months. [. Customer service provided by city employees],0.48973028163851196,Low,16
please rate satisfaction following city maintenance items 07 mowing trimming along city streets public areas,Please rate your satisfaction with each of the following maintenance items. [. Maintenance of major City streets],0.48712840680346464,Low,17
please rate following items circling corresponding number 01 [city name] place live,Please rate the City of [city name] with regard to the following. [. As a place to live],0.48641100514320734,Low,18
please rate satisfaction following parks recreation items 03 bikehike trails city,Please rate your satisfaction with each of the following parks and recreation items. [. Number of city parks],0.4856162440398753,Low,19
please rate satisfaction following parks recreation items 12 recreation programs offered kids,Please rate your satisfaction with each of the following parks and recreation items. [. Number of city parks],0.4851075700079339,Low,20
please rate safe feel following situations 5 commercial retail areas night,Please rate how safe you feel in the following situations. [. In your neighborhood during the day],0.48418101300126815,Low,21
please rate satisfaction following parks recreation items 14 quality citys indoor recreation facilities,Please rate your satisfaction with each of the following parks and recreation items. [. Number of city parks],0.4840008835924694,Low,22
please rate satisfaction following parks recreation items 14 fees charged recreation programs,Please rate your satisfaction with each of the following parks and recreation items. [. Number of city parks],0.4832643484433297,Low,23
major categories city services provided city [city name] listed 05 overall effectiveness communication city,Please rate each of the following major categories of services provided by the City of [city name]. [. Overall quality of customer service you receive from City employees],0.48210327273969406,Low,24
two solid waste services listed think citys top priorities 1st,Which FOUR of the services listed above do you think should be the City's top priorities? [2nd:],0.4809170854571662,Low,25
please rate satisfaction following code enforcement items 6 professionalism code enforcement employees,Please rate your satisfaction with each of the following code enforcement items. [. Enforcing the maintenance of commercial property in your neighborhood],0.48060483980741875,Low,26
please indicate whether member household used following services past 12 months 17 [city name] love field airport,Major Categories of City Services. Please indicate whether you or any member of your household have used each of the following services in the past 12 months. [. Customer service provided by city employees],0.48031764770981794,Low,27
please rate satisfaction services listed 08 overall quality city water services,Please rate your satisfaction with each of the following water services. [. Clarity of your tap water],0.47975137702552856,Low,28
gender listed birth certificate none,What is your gender?,0.47943440512411867,Low,29
please indicate whether member household used following services past 12 months 07 solid waste services eg garbage recycling collection,Major Categories of City Services. Please indicate whether you or any member of your household have used each of the following services in the past 12 months. [. Customer service provided by city employees],0.4787515512232831,Low,30
please rate citys performance following areas 04 recreation centersfacilities appearance quality safety,Parks and Recreation. Please rate the City's performance in the following areas. [. Appearance/maintenance of parks],0.4785550415076206,Low,31
please rate satisfaction following public safety items 08 overall quality local emergency medical service,"Please rate your overall satisfaction with major categories of services provided by the City of [city name]. [. Overall quality of police, fire, and emergency medical services]",0.4782837904574952,Low,32
please rate satisfaction following maintenance items 07 mowing trimming along city streets public areas,Please rate your satisfaction with each of the following maintenance items. [. Maintenance of major City streets],0.4780567359318778,Low,33
please rate following major categories services provided city [city name] 06 overall effectiveness city communication public,Please rate each of the following major categories of services provided by the City of [city name]. [. Overall quality of customer service you receive from City employees],0.4775994906807042,Low,34
please rate overall satisfaction major categories services provided city [city name] 09 overall flow traffic congestion management [city name],"Please rate your overall satisfaction with major categories of services provided by the City of [city name]. [. Overall quality of police, fire, and emergency medical services]",0.47488522061446253,Low,35
please rate following major categories services provided city [city name] 11 overall quality citys environmental sustainability programs,"Please rate your overall satisfaction with major categories of services provided by the City of [city name]. [. Overall quality of police, fire, and emergency medical services]",0.4741304285735512,Low,36
used [city name] trail past year none,Please CHECK ALL of the following information sources you have used to get information about the City of [city name] during the past year. [Other],0.4740749727293968,Low,37
please rate following items circling corresponding number 09 overall quality life [city name],Please indicate the extent to which you think each of the following are an issue in the City of [city name] by circling the corresponding number below. [. Other],0.4711736160046737,Low,38
please rate level agreement following statements 5 government leaders city [city name] ethical way conduct business,Please rate your level of agreement with each of the following statements. [. The City of [city name] is a safe community],0.4708132050651197,Low,39
please rate satisfaction following parks recreation items 05 city swimming pools,Please rate your satisfaction with each of the following parks and recreation items. [. Number of city parks],0.4687465675827432,Low,40
please rate satisfaction following parks recreation items 04 city swimming pools,Please rate your satisfaction with each of the following parks and recreation items. [. Number of city parks],0.4687465675827432,Low,40
please rate satisfaction following parks recreation items 05 city golf courses,Please rate your satisfaction with each of the following parks and recreation items. [. Number of city parks],0.46874656758274313,Low,41
please rate satisfaction following city maintenance items 03 maintenance traffic signals street signs,Please rate your satisfaction with each of the following maintenance items. [. Maintenance of major City streets],0.4659431075237002,Low,42
please indicate whether member household used following services past 12 months 08 land use planning zoning,Major Categories of City Services. Please indicate whether you or any member of your household have used each of the following services in the past 12 months. [. Customer service provided by city employees],0.46535737806488825,Low,43
please rate satisfaction following maintenance items 10 snow removal neighborhood streets,Please rate your satisfaction with each of the following maintenance items. [. Maintenance of major City streets],0.4645206198131382,Low,44
living [city name] none,Living in [city name]. Which ONE of the following is the primary reason you have chosen to live in [city name]?,0.46428638101770414,Low,45
please rate following items circling corresponding number 04 [city name] place work,Please indicate the extent to which you think each of the following are an issue in the City of [city name] by circling the corresponding number below. [. Other],0.46303576521739004,Low,46
please rate satisfaction following items concerning recycling service 2 professionalism employees pick items recycled,Please rate your satisfaction with each of the following items concerning your recycling service. [. Overall quality of the City's curbside recycling program],0.4626453805061782,Low,47
please rate satisfaction following maintenance items 06 snow removal neighborhood streets,Please rate your satisfaction with each of the following maintenance items. [. Maintenance of major City streets],0.4617434588898758,Low,48
please rate satisfaction following items may influence perception city [city name] 06 overall condition housing neighborhood,Perceptions of the Community. Please rate your satisfaction with each of the following items that may influence your perception of the City of [city name]. [. Overall quality of life in the City],0.4617173868763937,Low,49
please rate satisfaction following communication items 7 quality live streaming city meetings,Please rate your satisfaction with each of the following communication items. [. The quality of the City's website],0.46169435599009184,Low,50
please rate citys performance following areas 2 recycling,Please rate your satisfaction with each of the following items concerning your recycling service. [. Overall quality of the City's curbside recycling program],0.45840813028621813,Low,51
counting many people household ages 2534 ages 2534,"Counting yourself, how many people in your household are… [Ages 65-74:]",0.4580332002412722,Low,52
counting many people household ages 3544 ages 3544,"Counting yourself, how many people in your household are… [Ages 65-74:]",0.4580332002412722,Low,52
counting many people household ages 4554 ages 4554,"Counting yourself, how many people in your household are… [Ages 65-74:]",0.4580332002412722,Low,52
counting many people household ages 1519 ages 1519,"Counting yourself, how many people in your household are… [Ages 65-74:]",0.4580332002412722,Low,52
counting many people household ages 1014 ages 1014,"Counting yourself, how many people in your household are… [Ages 65-74:]",0.4580332002412722,Low,52
counting many people household ages 59 ages 59,"Counting yourself, how many people in your household are… [Ages 65-74:]",0.4580332002412722,Low,52
counting many people household ages 5564 ages 5564,"Counting yourself, how many people in your household are… [Ages 65-74:]",0.4580332002412722,Low,52
counting many people household ages 2024 ages 2024,"Counting yourself, how many people in your household are… [Ages 65-74:]",0.4580332002412722,Low,52
counting many people household ages 6574 ages 6574,"Counting yourself, how many people in your household are… [Ages 65-74:]",0.4580332002412722,Low,52
counting many people household ages 75 ages 75,"Counting yourself, how many people in your household are… [Ages 65-74:]",0.4580332002412722,Low,52
three quality life characteristics listed think citys top priorities 1st,Which FOUR of the services listed above do you think should be the City's top priorities? [2nd:],0.4580276987739094,Low,53
please rate satisfaction following environmental sustainability items 5 citys recycling waste diversion events recycling extravaganza mattress recycling pickup etc,Please rate your satisfaction with each of the following items concerning your recycling service. [. Overall quality of the City's curbside recycling program],0.45731097889894173,Low,54
please rate satisfaction following services provided city [city name] 09 cleanliness streets public areas,Maintenance. Please rate your satisfaction with the following services provided by the City of [city name]. [. Condition of major City streets],0.45672019695825583,Low,55
please rate following major categories services provided city [city name] 08 overall traffic flowcongestion management neighborhood streets city,Maintenance. Please rate your satisfaction with the following services provided by the City of [city name]. [. Condition of major City streets],0.45475155856130667,Low,56
please rate satisfaction services listed 14 overall quality maintenance city parks,Please rate your satisfaction with each of the park services listed. [. The number of City parks],0.45343936733793516,Low,57
think number variety places live work play [city name] would like see fewer following types places [city name] 01 educational facilities daycares trade schools private schools charter schools,"When you think about the number and variety of places to live, work and play in [city name], would you like to see more, about the same, or fewer of the following types of places in [city name]? [. Retail and shopping plazas]",0.45146161907622134,Low,58
please rate citys performance following areas 01 maintenance repair thoroughfares major streets,Please rate your satisfaction with each of the following maintenance items. [. Maintenance of major City streets],0.4501754607422955,Low,59
please rate satisfaction following maintenance items 11 quality landscaping median city streets,Please rate your satisfaction with each of the following maintenance items. [. Maintenance of major City streets],0.4501707883931177,Low,60
please rate following major categories services provided city [city name] 04 overall enforcement city codes ordinances,Please rate each of the following major categories of services provided by the City of [city name]. [. Overall quality of customer service you receive from City employees],0.44935706941089837,Low,61
three quality life characteristics listed think citys top priorities 3rd,Which FOUR of the services listed above do you think should be the City's top priorities? [2nd:],0.4474566737875063,Low,62
please rate satisfaction following transportation items 3 ease travel bicycle [city name],Please rate each of the following characteristics as they relate to [city name] as a whole. [. Ease of air travel in [city name]],0.446901408997413,Low,63
please rate satisfaction following parks recreation items 09 [city name] soccer complex,Please rate your satisfaction with each of the following parks and recreation items. [. Number of city parks],0.4466862227066138,Low,64
please rate satisfaction following communication items 1 availability information city programs services,Please rate your satisfaction with each of the following communication items. [. The quality of the City's website],0.446142171670735,Low,65
please rate following items circling corresponding number 06 [city name] place business,Please indicate the extent to which you think each of the following are an issue in the City of [city name] by circling the corresponding number below. [. Other],0.4460924211255701,Low,66
please rate satisfaction following items concerning city leadership 2 overall effectiveness city manager appointed staff,Please rate your satisfaction with each of the following items concerning city leadership. [. Overall quality of leadership provided by the City's elected officials],0.4453661722230823,Low,67
please rate citys performance following areas 03 visibility police neighborhoods,Please rate your satisfaction with the following public safety services provided by the City of [city name]. [. The visibility of police in retail areas],0.4447215460929112,Low,68
please rate satisfaction following parks recreation items 11 ease registering programs,Please rate your satisfaction with each of the following parks and recreation items. [. Number of city parks],0.443342103411616,Low,69
please rate satisfaction following parks recreation items 15 arts cultural programs,Please rate your satisfaction with each of the following parks and recreation items. [. Number of city parks],0.44232491419705694,Low,70
visited [city name] park past year none,"Please answer either ""Yes"" or ""No"" to each of the following questions. [. Have any of your household members visited downtown [city name] during the past year?]",0.44090528828996317,Low,71
major categories city services provided city [city name] listed 06 overall flow traffic congestion management streets city,Maintenance. Please rate your satisfaction with the following services provided by the City of [city name]. [. Condition of major City streets],0.4392709123835956,Low,72
please indicate safe feel following situations 06 [city name] restaurantretail areas dark,Please rate how safe you feel in the following situations. [. In your neighborhood during the day],0.43878388475530217,Low,73
please rate level agreement following statements 5 proud say enjoy working living playing city [city name],Please rate your level of agreement with each of the following statements. [. The City of [city name] is a safe community],0.43717344590672835,Low,74
please rate citys performance following areas 07 appearancemaintenance parks,Parks and Recreation. Please rate the City's performance in the following areas. [. Appearance/maintenance of parks],0.43366876520082837,Low,75
please rate satisfaction following items may influence perception city [city name] 04 well city planning redevelopment,Perceptions of the Community. Please rate your satisfaction with each of the following items that may influence your perception of the City of [city name]. [. Overall quality of life in the City],0.43274604841735553,Low,76
please rate safe feel following situations 7 targeted extremist violence,Please rate how safe you feel in the following situations. [. In your neighborhood during the day],0.43190288282646433,Low,77
please rate safe feel following situations 8 racismand hatebased crimes,Please rate how safe you feel in the following situations. [. In your neighborhood during the day],0.43190288282646433,Low,77
please rate satisfaction following parks recreation items 08 citys youth athletic programs,Please rate your satisfaction with each of the following parks and recreation items. [. Number of city parks],0.43185521797946447,Low,78
please rate satisfaction following services provided city [city name] 05 condition street signs traffic signals,Maintenance. Please rate your satisfaction with the following services provided by the City of [city name]. [. Condition of major City streets],0.43174989386679774,Low,79
following best describes raceethnicity ,Which of the following best describes your race/ethnicity? [Other],0.4286585405591414,Low,80
following best describes raceethnicity ,Which of the following best describes your race/ethnicity? [Other],0.4286585405591414,Low,80
following best describes raceethnicity ,Which of the following best describes your race/ethnicity? [Other],0.4286585405591414,Low,80
following best describes raceethnicity ,Which of the following best describes your race/ethnicity? [Other],0.4286585405591414,Low,80
major categories city services provided city [city name] listed 12 wastewatersanitary sewer services,Major Categories of City Services. Please indicate whether you or any member of your household have used each of the following services in the past 12 months. [. Customer service provided by city employees],0.42861776967844906,Low,81
please rate satisfaction following transportation items 4 ease pedestrian travel [city name],Please rate each of the following characteristics as they relate to [city name] as a whole. [. Ease of air travel in [city name]],0.42836802973026966,Low,82
please rate satisfaction following items may influence perception city [city name] 09 citys efforts promote diversity community,Perceptions of the Community. Please rate your satisfaction with each of the following items that may influence your perception of the City of [city name]. [. Overall quality of life in the City],0.42833009509779757,Low,83
please rate satisfaction following parks recreation items 09 citys adult athletic programs,Please rate your satisfaction with each of the following parks and recreation items. [. Number of city parks],0.42813359423430775,Low,84
please indicate safe feel following situations 04 [city name] downtown area dark,Please rate how safe you feel in the following situations. [. In your neighborhood during the day],0.42498425483689845,Low,85
please rate following items circling corresponding number 05 [city name] place retire,Please indicate the extent to which you think each of the following are an issue in the City of [city name] by circling the corresponding number below. [. Other],0.4248468928634878,Low,86
09 household members visited indooroutdoor city recreation facilitypool past year none,"Please answer either ""Yes"" or ""No"" to each of the following questions. [. Have any of your household members visited downtown [city name] during the past year?]",0.4247088114549687,Low,87
please rate satisfaction following services provided city [city name] 8 safety community parks facilities,Please rate your satisfaction with the following public safety services provided by the City of [city name]. [. The visibility of police in retail areas],0.4214980892595403,Low,88
please rate satisfaction following items may influence perception city [city name] 2 overall value receive city tax dollars fees,Perceptions of the Community. Please rate your satisfaction with each of the following items that may influence your perception of the City of [city name]. [. Overall quality of life in the City],0.4213615099728234,Low,89
please indicate whether member household used following services past 12 months 03 neighborhood code enforcement eg high weeds litter blight,Major Categories of City Services. Please indicate whether you or any member of your household have used each of the following services in the past 12 months. [. Customer service provided by city employees],0.4211432958410034,Low,90
please rate satisfaction following items may influence perception city [city name] 7 overall leadership city manager senior staff,Perceptions of the Community. Please rate your satisfaction with each of the following items that may influence your perception of the City of [city name]. [. Overall quality of life in the City],0.42089063933952037,Low,91
08 household members visited city park used city walkingbiking trail past year none,"Please answer either ""Yes"" or ""No"" to each of the following questions. [. Have any of your household members visited downtown [city name] during the past year?]",0.4204989248665462,Low,92
please rate satisfaction following items may influence perception city [city name] 03 well city planning new development,Perceptions of the Community. Please rate your satisfaction with each of the following items that may influence your perception of the City of [city name]. [. Overall quality of life in the City],0.4196865098539641,Low,93
rent home none,Do you own or rent your current residence?,0.41949794249248334,Low,94
please rate satisfaction following items concerning recycling service 7 household hazardous waste disposal service oil paint etc,Please rate your satisfaction with each of the following items concerning your recycling service. [. Overall quality of the City's curbside recycling program],0.417741633112263,Low,95
items selected would rate overall performance 12 communication city,Please rate your satisfaction with each of the following communication items. [. The quality of the City's website],0.4154688410931192,Low,96
items selected would rate overall performance 09 maintenance infrastructure eg city streets sidewalks,Please rate your satisfaction with each of the following maintenance items. [. Maintenance of major City streets],0.414817893858484,Low,97
please rate satisfaction following items may influence perception city [city name] 07 overall condition commercial retail centers,Perceptions of the Community. Please rate your satisfaction with each of the following items that may influence your perception of the City of [city name]. [. Overall quality of life in the City],0.41418890057327507,Low,98
please rate satisfaction public safety services listed 4 quickly emergency medical services respond emergencies,"Please rate your overall satisfaction with major categories of services provided by the City of [city name]. [. Overall quality of police, fire, and emergency medical services]",0.41404351153923447,Low,99
please rate satisfaction following public safety services provided city [city name] 09 quality animal control,Please rate your satisfaction with the following public safety services provided by the City of [city name]. [. The visibility of police in retail areas],0.41322370580441303,Low,100
please rate satisfaction following parks recreation items 06 quality outdoor athletic fields,Please rate your satisfaction with each of the following parks and recreation items. [. Number of city parks],0.413007899025739,Low,101
counting many people regularly live household none,"Counting yourself, how many people in your household are… [Ages 65-74:]",0.41269468885926763,Low,102
please rate overall satisfaction major categories services provided city [city name] 10 overall quality city olathes solid waste system trash recycling yard waste,"Please rate your overall satisfaction with major categories of services provided by the City of [city name]. [. Overall quality of police, fire, and emergency medical services]",0.4125351356806035,Low,103
please rate satisfaction following wastewater items 2 overall quality citys wastewater system,"For the items you selected, how would you rate the overall performance? [. Sewer services (e.g., sanitary sewer/wastewater)]",0.4115188957554084,Low,104
rent home [city name] none,Do you own or rent your current residence?,0.4106133653002097,Low,105
please rate satisfaction following services provided city [city name] 8 overall police involvement engagement community,"Please rate your overall satisfaction with major categories of services provided by the City of [city name]. [. Overall quality of police, fire, and emergency medical services]",0.40980411904652336,Low,106
please rate following items circling corresponding number 02 neighborhood place live,Please rate the City of [city name] with regard to the following. [. As a place to live],0.4085803279733328,Low,107
please indicate whether member household used following services past 12 months 20 311service request process call report problem,Major Categories of City Services. Please indicate whether you or any member of your household have used each of the following services in the past 12 months. [. Customer service provided by city employees],0.40778777205614497,Low,108
please rate satisfaction services listed 12 overall quality city streets system,"Please rate your overall satisfaction with major categories of services provided by the City of [city name]. [. Overall quality of police, fire, and emergency medical services]",0.40747857230735895,Low,109
please rate satisfaction following parks recreation items 18 quality services provided [city name] memorial cemetery,Please rate your satisfaction with each of the following parks and recreation items. [. Number of city parks],0.40669011037841585,Low,110
please rate satisfaction public safety services listed 5 overall quality local police protection,Please rate your satisfaction with the following public safety services provided by the City of [city name]. [. The visibility of police in retail areas],0.40629096760296307,Low,111
please rate satisfaction following maintenance items 08 maintenance city buildings eg city hall sanders justice center,Please rate your satisfaction with each of the following maintenance items. [. Maintenance of major City streets],0.4058324920068784,Low,112
please rate satisfaction following items may influence perception city [city name] 01 overall value receive city tax dollars fees,Perceptions of the Community. Please rate your satisfaction with each of the following items that may influence your perception of the City of [city name]. [. Overall quality of life in the City],0.40513679684432896,Low,113
please rate satisfaction following items may influence perception city [city name] 08 overall value receive city tax dollars fees,Perceptions of the Community. Please rate your satisfaction with each of the following items that may influence your perception of the City of [city name]. [. Overall quality of life in the City],0.4049048963499536,Low,114
please rate satisfaction following city maintenance items 05 maintenance city buildings city hall library police station fire stations,Please rate your satisfaction with each of the following maintenance items. [. Maintenance of major City streets],0.40323070702898717,Low,115
please indicate whether member household used following services past 12 months 21 animal services eg shelter adoptions animal control,Major Categories of City Services. Please indicate whether you or any member of your household have used each of the following services in the past 12 months. [. Customer service provided by city employees],0.4021096604982197,Low,116
please rate satisfaction following maintenance items 12 mowing trimming city parks,Please rate your satisfaction with each of the following parks and recreation items. [. Number of city parks],0.4002759793943309,Low,117
major categories city services provided city [city name] listed 10 overall enforcement local codes ordinances,"Please rate your overall satisfaction with major categories of services provided by the City of [city name]. [. Overall quality of police, fire, and emergency medical services]",0.4000118968276153,Low,118
please rate satisfaction following items may influence perception city [city name] 06 overall quality new commercial development city including architecture design,Perceptions of the Community. Please rate your satisfaction with each of the following items that may influence your perception of the City of [city name]. [. Overall quality of life in the City],0.39997832424515306,Low,119
please rate level agreement following statements 6 pleased direction city taking address racial ethnic disparities,Please rate your level of agreement with each of the following statements. [. The City of [city name] is a safe community],0.3979830997385286,Low,120
please rate following characteristics relate [city name] whole 17 overall imagereputation [city name],Please rate each of the following characteristics as they relate to [city name] as a whole. [. Ease of air travel in [city name]],0.3969357617583853,Low,121
items selected would rate overall performance 06 fire services,"For the items you selected, how would you rate the overall performance? [. Sewer services (e.g., sanitary sewer/wastewater)]",0.3928279033343423,Low,122
please rate satisfaction following parks recreation items 10 [city name] arboretum botanical gardens,Please rate your satisfaction with each of the following parks and recreation items. [. Number of city parks],0.39255358171300864,Low,123
please rate following characteristics relate [city name] whole 01 sense community,Please rate each of the following characteristics as they relate to [city name] as a whole. [. Ease of air travel in [city name]],0.39245932614704204,Low,124
please rate satisfaction following parks recreation items 07 courts fields athletic facilities,Please rate your satisfaction with each of the following parks and recreation items. [. Number of city parks],0.3918792424671496,Low,125
please rate satisfaction public safety services listed 6 quickly police respond emergencies,Please rate your satisfaction with the following public safety services provided by the City of [city name]. [. The visibility of police in retail areas],0.39168183308655613,Low,126
please rate satisfaction following public safety services provided city [city name] 10 professionalism employees fireemergency medical services,Please rate your satisfaction with the following public safety services provided by the City of [city name]. [. The visibility of police in retail areas],0.39145765917527164,Low,127
please rate following items circling corresponding number 07 [city name] place feel welcome,Please indicate the extent to which you think each of the following are an issue in the City of [city name] by circling the corresponding number below. [. Other],0.391272390283203,Low,128
please rate satisfaction following public safety services provided city [city name] 03 citys efforts prevent crime,Please rate your satisfaction with the following public safety services provided by the City of [city name]. [. The visibility of police in retail areas],0.38952230304163704,Low,129
please rate satisfaction following public safety services provided city [city name] 05 enforcement local traffic laws,Please rate your satisfaction with the following public safety services provided by the City of [city name]. [. The visibility of police in retail areas],0.3888248642648421,Low,130
major categories city services provided city [city name] listed 03 overall efforts city ensure community prepared emergencies,Please rate each of the following major categories of services provided by the City of [city name]. [. Overall quality of customer service you receive from City employees],0.3882355201634453,Low,131
please rate citys performance following areas 10 walking trails city access appearance quality,Parks and Recreation. Please rate the City's performance in the following areas. [. Appearance/maintenance of parks],0.38788081928270707,Low,132
please rate satisfaction park services listed 09 simpson barn,Please rate your satisfaction with each of the park services listed. [. The number of City parks],0.3874629737062262,Low,133
like city [city name] none,Please CHECK ALL of the following types of retail and restaurant options you would like to see in [city name]. [Other],0.3869245848328049,Low,134
think number variety places live work play [city name] would like see fewer following types places [city name] 03 small scale multiunit housing motherinlaw suite smaller units attached detached main house duplex triplex smaller size homes sharing lawn etc,"When you think about the number and variety of places to live, work and play in [city name], would you like to see more, about the same, or fewer of the following types of places in [city name]? [. Retail and shopping plazas]",0.38654580971977914,Low,135
please rate citys performance following areas 02 maintenance repair streets neighborhood,Please rate your satisfaction with each of the following maintenance items. [. Maintenance of major City streets],0.3854838447845132,Low,136
please rate satisfaction following 4 online services offered citys website,Please rate your satisfaction with each of the following communication items. [. The quality of the City's website],0.38539810661661583,Low,137
please rate satisfaction following wastewater items 3 charged wastewater services,"For the items you selected, how would you rate the overall performance? [. Sewer services (e.g., sanitary sewer/wastewater)]",0.3845865891706413,Low,138
please indicate safe feel following situations 10 property crime burglary theft,Please rate how safe you feel in the following situations. [. In your neighborhood during the day],0.38457095972305766,Low,139
please answer either yes following questions 5 rideshare applications uber lyft etc,"Please answer either ""Yes"" or ""No"" to each of the following questions. [. Have any of your household members visited downtown [city name] during the past year?]",0.3843477847751207,Low,140
please rate following items circling corresponding number 03 [city name] place raise children,Please indicate the extent to which you think each of the following are an issue in the City of [city name] by circling the corresponding number below. [. Other],0.38430138853083917,Low,141
please rate satisfaction following transportation items 1 ease northsouth travel [city name] car,Please rate each of the following characteristics as they relate to [city name] as a whole. [. Ease of air travel in [city name]],0.3789102071113693,Low,142
please rate satisfaction following transportation items 2 ease eastwest travel [city name] car,Please rate each of the following characteristics as they relate to [city name] as a whole. [. Ease of air travel in [city name]],0.3789102071113693,Low,142
please answer either yes following questions 2 bike lanes bike facilities,"Please answer either ""Yes"" or ""No"" to each of the following questions. [. Have any of your household members visited downtown [city name] during the past year?]",0.3776935289061786,Low,143
please check following done [city name] past year used professional services banking legal,Please CHECK ALL of the following information sources you have used to get information about the City of [city name] during the past year. [Other],0.3748743383594294,Low,144
please rate following characteristics relate [city name] whole 10 access quality education,Please rate each of the following characteristics as they relate to [city name] as a whole. [. Ease of air travel in [city name]],0.3748124232256275,Low,145
please rate satisfaction following services provided city [city name] 08 mowing tree trimming along streets public areas,Maintenance. Please rate your satisfaction with the following services provided by the City of [city name]. [. Condition of major City streets],0.3744583409778504,Low,146
please rate satisfaction following services provided city [city name] 4 quickly police respond emergencies,Please rate your satisfaction with the following public safety services provided by the City of [city name]. [. The visibility of police in retail areas],0.37441287166474974,Low,147
please rate satisfaction following leadership items 3 overall effectiveness city manager department directors,Please rate your satisfaction with each of the following items concerning city leadership. [. Overall quality of leadership provided by the City's elected officials],0.3692588757980716,Low,148
please rate satisfaction following public safety items 01 overall quality local police protection,Please rate your satisfaction with the following public safety services provided by the City of [city name]. [. The visibility of police in retail areas],0.3682659368052824,Low,149
please check following done [city name] past year gone shopping,Please CHECK ALL of the following information sources you have used to get information about the City of [city name] during the past year. [Other],0.36608236699658436,Low,150
please rate citys performance following areas 11 swimming facilities access appearance quality,Parks and Recreation. Please rate the City's performance in the following areas. [. Appearance/maintenance of parks],0.3619243140036763,Low,151
please rate satisfaction public safety services listed 7 overall competence police department employees,Please rate your satisfaction with the following public safety services provided by the City of [city name]. [. The visibility of police in retail areas],0.3607360549630232,Low,152
please rate satisfaction following services provided city [city name] 7 quality city sponsored special events,Maintenance. Please rate your satisfaction with the following services provided by the City of [city name]. [. Condition of major City streets],0.3604915226419937,Low,153
please indicate whether member household used following services past 12 months 19 social services community centers child care programs homeless programs senior programs,Major Categories of City Services. Please indicate whether you or any member of your household have used each of the following services in the past 12 months. [. Customer service provided by city employees],0.35655660312762644,Low,154
property [city name] none,Please rate your satisfaction with each of the following code enforcement items. [. Enforcing the maintenance of commercial property in your neighborhood],0.35628810535769867,Low,155
following best describes primary residence [city name] none,Do you own or rent your current residence?,0.3552202243160438,Low,156
please check following done [city name] past year visited city government offices,Please CHECK ALL of the following information sources you have used to get information about the City of [city name] during the past year. [Other],0.3550548015132541,Low,157
please check following done [city name] past year gone church,Please CHECK ALL of the following information sources you have used to get information about the City of [city name] during the past year. [Other],0.3535532039913894,Low,158
please check following done [city name] past year gone workemployment,Please CHECK ALL of the following information sources you have used to get information about the City of [city name] during the past year. [Other],0.3535532039913894,Low,158
please rate satisfaction services listed 07 overall effectiveness city communication public,Please rate your satisfaction with each of the following communication items. [. The quality of the City's website],0.3532744239786343,Low,159
items selected would rate overall performance 11 police services,"Please rate your overall satisfaction with major categories of services provided by the City of [city name]. [. Overall quality of police, fire, and emergency medical services]",0.35221707875998887,Low,160
please rate satisfaction following city maintenance items 04 adequacy city street lighting,Please rate your satisfaction with each of the following maintenance items. [. Maintenance of major City streets],0.3517308823570221,Low,161
please rate following characteristics relate [city name] whole 05 access affordable quality housing,Please rate each of the following characteristics as they relate to [city name] as a whole. [. Ease of air travel in [city name]],0.348763692335223,Low,162
sewer backup home past year none,"For the items you selected, how would you rate the overall performance? [. Sewer services (e.g., sanitary sewer/wastewater)]",0.3479583678252209,Low,163
please rate satisfaction following items 2 quality business development,Economic Development. Which TWO of the following benefits of economic development are MOST IMPORTANT to you? [Other],0.3472054953417065,Low,164
please rate satisfaction following services provided city [city name] 07 accessibility streets sidewalks buildings people disabilities,Maintenance. Please rate your satisfaction with the following services provided by the City of [city name]. [. Condition of major City streets],0.34594444023327847,Low,165
please rate satisfaction following items 3 quality residential development,Economic Development. Which TWO of the following benefits of economic development are MOST IMPORTANT to you? [Other],0.3447044024174768,Low,166
citys website opkansas none,Please rate your satisfaction with each of the following communication items. [. The quality of the City's website],0.34130867482393207,Low,167
please rate satisfaction following parks recreation items 10 city recreation programs classes special population trips special events,Please rate your satisfaction with each of the following parks and recreation items. [. Number of city parks],0.34028732837846515,Low,168
please rate satisfaction park services listed 08 crown point community center,Please rate your satisfaction with each of the park services listed. [. The number of City parks],0.340155030912153,Low,169
including many persons household ages 5064,"Including yourself, how many persons in your household are in each of the following age groups? [65-74 years:]",0.33992293225783865,Low,170
including many persons household ages 3549,"Including yourself, how many persons in your household are in each of the following age groups? [65-74 years:]",0.33992293225783865,Low,170
including many persons household ages 1834,"Including yourself, how many persons in your household are in each of the following age groups? [65-74 years:]",0.33992293225783865,Low,170
including many persons household ages 1217,"Including yourself, how many persons in your household are in each of the following age groups? [65-74 years:]",0.33992293225783865,Low,170
please indicate whether member household used following services past 12 months 16 traffic management traffic signals traffic flow signs parking,Major Categories of City Services. Please indicate whether you or any member of your household have used each of the following services in the past 12 months. [. Customer service provided by city employees],0.33907067236015376,Low,171
please rate satisfaction following maintenance items 09 adequacy city street lighting,Please rate your satisfaction with each of the following maintenance items. [. Maintenance of major City streets],0.33887758194374773,Low,172
please rate following characteristics relate [city name] whole 08 access affordable quality food,Please rate each of the following characteristics as they relate to [city name] as a whole. [. Ease of air travel in [city name]],0.3380788617736352,Low,173
please rate satisfaction following public safety services provided city [city name] 07 quickly fireemergency medical services personnel respond emergencies,Please rate your satisfaction with the following public safety services provided by the City of [city name]. [. The visibility of police in retail areas],0.3368620701490768,Low,174
please rate satisfaction following parks recreation items 08 deanna rose childrens farmstead,Please rate your satisfaction with each of the following parks and recreation items. [. Number of city parks],0.33645272361253425,Low,175
item please rate often employees contacted past year displayed behavior described 4 helped resolve issue satisfaction,Please rate the performance of the City employees who helped you the last time you contacted the City in the following areas. [. Courtesy],0.3358048149025302,Low,176
please rate satisfaction park services listed 13 [city name] town center splash pad,Please rate your satisfaction with each of the park services listed. [. The number of City parks],0.3354805861625342,Low,177
please rate satisfaction park services listed 14 [city name] town center skating rink,Please rate your satisfaction with each of the park services listed. [. The number of City parks],0.3344854967437522,Low,178
please rate satisfaction following public safety items 09 quickly public safety personnel respond emergencies,Please rate your satisfaction with the following public safety services provided by the City of [city name]. [. The visibility of police in retail areas],0.3332244869910098,Low,179
05 household members visited citys website olatheks none,"Please answer either ""Yes"" or ""No"" to each of the following questions. [. Have any of your household members visited downtown [city name] during the past year?]",0.3325180640650645,Low,180
please rate satisfaction park services listed 12 beaver creek water trail,Please rate your satisfaction with each of the park services listed. [. The number of City parks],0.3319721661022402,Low,181
please rate satisfaction following city maintenance items 09 overall satisfaction weekly curbside trash collection,Please rate your satisfaction with each of the following maintenance items. [. Maintenance of major City streets],0.33134653278483944,Low,182
items selected would rate overall performance 01 ambulanceemergency medical services,"Please rate your overall satisfaction with major categories of services provided by the City of [city name]. [. Overall quality of police, fire, and emergency medical services]",0.33129256351108505,Low,183
07 household members called 911 past year none,"Please answer either ""Yes"" or ""No"" to each of the following questions. [. Have any of your household members visited downtown [city name] during the past year?]",0.3295180794214895,Low,184
please rate satisfaction following parks recreation items 13 city recreation programs fitness classes special events eg fourth july fall festival,Please rate your satisfaction with each of the following parks and recreation items. [. Number of city parks],0.32758900059327395,Low,185
please rate citys performance following areas 05 accessibility parks ease access home,Parks and Recreation. Please rate the City's performance in the following areas. [. Appearance/maintenance of parks],0.3270259346044573,Low,186
following best describes raceethnicity black african american,Which of the following best describes your race/ethnicity? [American Indian or Alaska Native],0.32558684970278573,Low,187
following best describes raceethnicity black african american,Which of the following best describes your race/ethnicity? [American Indian or Alaska Native],0.32558684970278573,Low,187
following best describes raceethnicity black african american,Which of the following best describes your race/ethnicity? [American Indian or Alaska Native],0.32558684970278573,Low,187
following best describes raceethnicity black african american,Which of the following best describes your race/ethnicity? [American Indian or Alaska Native],0.32558684970278573,Low,187
please indicate whether member household used following services past 12 months 18 municipal court services eg traffic parking ticket processing misdemeanor court cases fine collection,Major Categories of City Services. Please indicate whether you or any member of your household have used each of the following services in the past 12 months. [. Customer service provided by city employees],0.3245870786362945,Low,188
items selected would rate overall performance 05 drinking water,Please rate your satisfaction with each of the following water services. [. Clarity of your tap water],0.3241021803970482,Low,189
please rate following items circling corresponding number 10 overall value receive city property tax dollars fees,Please indicate the extent to which you think each of the following are an issue in the City of [city name] by circling the corresponding number below. [. Other],0.32291251180517244,Low,190
please rate satisfaction services listed 04 overall maintenance city buildings facilities,Please rate your satisfaction with each of the following maintenance items. [. Maintenance of major City streets],0.32214503446898013,Low,191
please rate following characteristics relate [city name] whole 09 access livingwage jobs,Please rate each of the following characteristics as they relate to [city name] as a whole. [. Ease of air travel in [city name]],0.3215561825200529,Low,192
different housing types already offered [city name] help meet needs future generations community accessory dwelling units smaller independent residential dwelling units located lot singlefamily home also known granny flats carriage houses,The City is aware of a shortage of housing nationwide and locally. Different housing types not already offered in [city name] will help meet the needs of future generations in our community. Do you support the City facilitating more housing in [city name] through... [Fourplexes],0.32049463252199006,Low,193
please rate satisfaction following communication items 3 level public engagement local decisionmaking,Please rate your satisfaction with each of the following communication items. [. The quality of the City's website],0.3176123890189888,Low,194
please rate satisfaction following recreation items 2 communitys youth recreation programs,Please rate your satisfaction with each of the following parks and recreation items. [. Number of city parks],0.3175804655387013,Low,195
following best describes raceethnicity white,Which of the following best describes your race/ethnicity? [Other],0.3169483585617656,Low,196
please rate satisfaction following services provided city [city name] 6 enforcement local traffic laws,Maintenance. Please rate your satisfaction with the following services provided by the City of [city name]. [. Condition of major City streets],0.3161814711589258,Low,197
please rate satisfaction following items concerning trash service 9 bulky item pick upremoval services old furniture appliances etc,Please rate your satisfaction with each of the following items concerning your trash service. [. City efforts to keep you informed about trash removal issues],0.31546548957136467,Low,198
please rate satisfaction following public safety items 11 travel safety city roadways intersections,Please rate your satisfaction with the following public safety services provided by the City of [city name]. [. The visibility of police in retail areas],0.31386077827530023,Low,199
please indicate safe feel following situations 09 violent crime murder rape assault robbery,Please rate how safe you feel in the following situations. [. In your neighborhood during the day],0.31376011379188895,Low,200
please rate satisfaction following 1 availability information city programs services,Please CHECK ALL of the following information sources you have used to get information about the City of [city name] during the past year. [Other],0.3137345001800403,Low,201
please rate citys performance following areas 07 sidewalk maintenance,Parks and Recreation. Please rate the City's performance in the following areas. [. Appearance/maintenance of parks],0.31224242727997215,Low,202
following best describes raceethnicity chinese,Which of the following best describes your race/ethnicity? [Other],0.311875547144661,Low,203
following best describes raceethnicity chinese,Which of the following best describes your race/ethnicity? [Other],0.311875547144661,Low,203
following best describes raceethnicity korean,Which of the following best describes your race/ethnicity? [Other],0.311875547144661,Low,203
following best describes raceethnicity korean,Which of the following best describes your race/ethnicity? [Other],0.311875547144661,Low,203
following best describes raceethnicity chinese,Which of the following best describes your race/ethnicity? [Other],0.311875547144661,Low,203
following best describes raceethnicity korean,Which of the following best describes your race/ethnicity? [Other],0.311875547144661,Low,203
items selected would rate overall performance 03 neighborhood code enforcement eg high weeds litter blight,Please rate your satisfaction with each of the following code enforcement items. [. Enforcing the maintenance of commercial property in your neighborhood],0.31163702363361145,Low,204
please rate satisfaction following maintenance items 04 cleanliness city buildings city hall community center etc,Please rate your satisfaction with each of the following maintenance items. [. Maintenance of major City streets],0.30922536198107003,Low,205
please rate satisfaction following services provided city [city name] 4 quality outdoor athletic fields,Maintenance. Please rate your satisfaction with the following services provided by the City of [city name]. [. Condition of major City streets],0.30917549777445846,Low,206
please rate following characteristics relate [city name] whole 07 access affordable quality health care,Please rate each of the following characteristics as they relate to [city name] as a whole. [. Ease of air travel in [city name]],0.3074705566864797,Low,207
items selected would rate overall performance 10 park recreation system,"For the items you selected, how would you rate the overall performance? [. Sewer services (e.g., sanitary sewer/wastewater)]",0.30669930038179477,Low,208
please rate following characteristics relate [city name] whole 06 access affordable quality child care,Please rate each of the following characteristics as they relate to [city name] as a whole. [. Ease of air travel in [city name]],0.30593320503507004,Low,209
17 public gathering places plazas courtyards none,"When you think about the number and variety of places to live, work and play in [city name], would you like to see more, about the same, or fewer of the following types of places in [city name]? [. Retail and shopping plazas]",0.30529918627019914,Low,210
items selected would rate overall performance 13 public library services,"For the items you selected, how would you rate the overall performance? [. Sewer services (e.g., sanitary sewer/wastewater)]",0.30501680890829125,Low,211
please rate citys performance following areas 08 alley maintenance,Parks and Recreation. Please rate the City's performance in the following areas. [. Appearance/maintenance of parks],0.30446720334284516,Low,212
10 household members participated city recreation program class past year none,"Please answer either ""Yes"" or ""No"" to each of the following questions. [. Have any of your household members visited downtown [city name] during the past year?]",0.30374169274161883,Low,213
please rate satisfaction public safety services listed 1 overall quality local fire protection,Please rate your satisfaction with the following public safety services provided by the City of [city name]. [. The visibility of police in retail areas],0.30336650451877256,Low,214
please rate satisfaction following recreation items 5 overall variety recreation program services provided children,Please rate your satisfaction with each of the following parks and recreation items. [. Number of city parks],0.30237368320087865,Low,215
please rate satisfaction following city maintenance items 11 overall satisfaction weekly curbside yard waste collection,Please rate your satisfaction with each of the following maintenance items. [. Maintenance of major City streets],0.3012425428217084,Low,216
please rate satisfaction following environmental sustainability items 4 citys dropoff recycling center,Please rate your satisfaction with each of the following items concerning your recycling service. [. Overall quality of the City's curbside recycling program],0.3008564993345534,Low,217
please rate satisfaction following services provided city [city name] 7 professionalism police officers respond service calls,Please rate your satisfaction with the following public safety services provided by the City of [city name]. [. The visibility of police in retail areas],0.3006994706027003,Low,218
please rate satisfaction services listed 03 overall quality recreation programs facilities,"Please rate your overall satisfaction with major categories of services provided by the City of [city name]. [. Overall quality of police, fire, and emergency medical services]",0.29997020561641224,Low,219
please rate satisfaction following wastewater items 1 odor city wastewater treatment centers,"For the items you selected, how would you rate the overall performance? [. Sewer services (e.g., sanitary sewer/wastewater)]",0.2996441057140483,Low,220
please rate satisfaction following items 3 overall satisfaction [city name] public library,Please rate your satisfaction with the following public safety services provided by the City of [city name]. [. The visibility of police in retail areas],0.29917723990952755,Low,221
please rate citys performance following areas 07 response time fire medical emergencies,Please rate the performance of the City employees who helped you the last time you contacted the City in the following areas. [. Courtesy],0.29846160773676234,Low,222
please check following done [city name] past year eaten restaurant fast food,Please CHECK ALL of the following information sources you have used to get information about the City of [city name] during the past year. [Other],0.298249283813427,Low,223
please check following done [city name] past year eaten restaurant fast food,Please CHECK ALL of the following information sources you have used to get information about the City of [city name] during the past year. [Other],0.298249283813427,Low,223
please rate following characteristics relate [city name] whole 03 opportunities attend arts cultural events,Please rate each of the following characteristics as they relate to [city name] as a whole. [. Ease of air travel in [city name]],0.29368316916378095,Low,224
please rate satisfaction following items 4 diversity residential development,Economic Development. Which TWO of the following benefits of economic development are MOST IMPORTANT to you? [Other],0.2932077702236112,Low,225
please rate satisfaction following recreation items 6 overall variety recreation program services provided adults,Please rate your satisfaction with each of the following parks and recreation items. [. Number of city parks],0.2927448101989337,Low,226
please rate satisfaction services listed 13 overall quality city sidewalk trail system,"Please rate your overall satisfaction with major categories of services provided by the City of [city name]. [. Overall quality of police, fire, and emergency medical services]",0.29213711704652257,Low,227
please rate satisfaction following 2 overall feeling safety city,Please rate your satisfaction with the following public safety services provided by the City of [city name]. [. The visibility of police in retail areas],0.2908462338254507,Low,228
06 household members read citys newsletter olathelink past year none,"Please answer either ""Yes"" or ""No"" to each of the following questions. [. Have any of your household members visited downtown [city name] during the past year?]",0.28732293542891174,Low,229
please rate satisfaction following services provided city [city name] 13 appearance us 1 commercial corridor,Maintenance. Please rate your satisfaction with the following services provided by the City of [city name]. [. Condition of major City streets],0.2870451690909783,Low,230
following best describes current place employment none,Do you own or rent your current residence?,0.2866936425185031,Low,231
please rate satisfaction following recreation items 3 communitys adult recreation education programs,Please rate your satisfaction with each of the following parks and recreation items. [. Number of city parks],0.28658871224473137,Low,232
following best describes raceethnicity native hawaiian pacific islander,Which of the following best describes your race/ethnicity? [American Indian or Alaska Native],0.28589763925820416,Low,233
following best describes raceethnicity native hawaiian pacific islander,Which of the following best describes your race/ethnicity? [American Indian or Alaska Native],0.28589763925820416,Low,233
following best describes raceethnicity native hawaiian pacific islander,Which of the following best describes your race/ethnicity? [American Indian or Alaska Native],0.28589763925820416,Low,233
following best describes raceethnicity native hawaiian pacific islander,Which of the following best describes your race/ethnicity? [American Indian or Alaska Native],0.28589763925820416,Low,233
please rate satisfaction following parks recreation items 17 condition maintenance [city name] memorial cemetery located intersection harold northgate,Please rate your satisfaction with each of the following parks and recreation items. [. Number of city parks],0.2845861409745932,Low,234
please rate satisfaction following items 1 rate growth [city name],Please rate your satisfaction with each of the following communication items. [. The quality of the City's website],0.28385192333531506,Low,235
please rate satisfaction following services provided city [city name] 06 adequacy street lighting community,Maintenance. Please rate your satisfaction with the following services provided by the City of [city name]. [. Condition of major City streets],0.28342474025945674,Low,236
please rate satisfaction following public safety items 04 city efforts prevent crime,Please rate your satisfaction with the following public safety services provided by the City of [city name]. [. The visibility of police in retail areas],0.2824713781821432,Low,237
please rate citys performance following areas 06 accessibility recreation centersfacilities,Parks and Recreation. Please rate the City's performance in the following areas. [. Appearance/maintenance of parks],0.2823117366486914,Low,238
items selected would rate overall performance 07 solid waste services eg garbage recycling collection,Please rate your satisfaction with each of the following items concerning your recycling service. [. Overall quality of the City's curbside recycling program],0.2808081620191328,Low,239
please rate satisfaction following recreation items 4 communitys senior citizen recreation programs,Please rate your satisfaction with each of the following parks and recreation items. [. Number of city parks],0.2801906232981911,Low,240
many persons household employed following areas outside [city name] county within [city name] metro area,Please indicate how the City of [city name] compares to other cities in Des Moines metro areas in the following areas. [. City facilities],0.28016056087615604,Low,241
please rate satisfaction following items 6 availability affordable housing rent,Do you own or rent your current residence?,0.2800882801749432,Low,242
please rate satisfaction public safety services listed 9 police departments ongoing efforts build trust community,Please rate your satisfaction with the following public safety services provided by the City of [city name]. [. The visibility of police in retail areas],0.2791399032269042,Low,243
following best describes location home none,Which of the following best describes your race/ethnicity? [Other],0.2782283457266122,Low,244
please rate citys performance following areas 08 appearancemaintenance recreation centersfacilities,Parks and Recreation. Please rate the City's performance in the following areas. [. Appearance/maintenance of parks],0.2780203459112684,Low,245
please rate citys performance following areas 07 enforcement litter private property,Please rate your satisfaction with each of the following code enforcement items. [. Enforcing the maintenance of commercial property in your neighborhood],0.2767680982521817,Low,246
please rate satisfaction following parks recreation items 13 special events sponsored city park concerts amp july 4th fireworks,Please rate your satisfaction with each of the following parks and recreation items. [. Number of city parks],0.27663337669657695,Low,247
please rate citys performance following areas 4 bulk trash pickup,Please rate your satisfaction with each of the following items concerning your trash service. [. City efforts to keep you informed about trash removal issues],0.2756190662927492,Low,248
many persons household employed following areas outside [city name] metro area,Please indicate how the City of [city name] compares to other cities in Des Moines metro areas in the following areas. [. City facilities],0.27543852201087554,Low,249
city put emphasis bringing retail city none,Please rate your satisfaction with the following public safety services provided by the City of [city name]. [. The visibility of police in retail areas],0.2752219504597994,Low,250
please rate satisfaction following public safety items 05 city efforts prevent fires,Please rate your satisfaction with the following public safety services provided by the City of [city name]. [. The visibility of police in retail areas],0.2738138570039019,Low,251
following best describes raceethnicity prefer say,Which of the following best describes your race/ethnicity? [Other],0.27373247774434084,Low,252
following best describes raceethnicity prefer say,Which of the following best describes your race/ethnicity? [Other],0.27373247774434084,Low,252
following best describes raceethnicity prefer say,Which of the following best describes your race/ethnicity? [Other],0.27373247774434084,Low,252
please rate satisfaction following 4 overall image city,"Please rate your overall satisfaction with major categories of services provided by the City of [city name]. [. Overall quality of police, fire, and emergency medical services]",0.2734282438985944,Low,253
please rate satisfaction services listed 11 overall flow traffic city,Please rate your satisfaction with each of the park services listed. [. The number of City parks],0.27299849684467875,Low,254
please rate satisfaction following recreation items 7 overall variety recreation program services provided senior citizens,Please rate your satisfaction with each of the following parks and recreation items. [. Number of city parks],0.27293265377395737,Low,255
please rate citys performance following areas 05 response time police emergency calls,Please rate the performance of the City employees who helped you the last time you contacted the City in the following areas. [. Courtesy],0.27202519154566157,Low,256
please rate citys performance following areas 06 response time fire structure fires,Please rate the performance of the City employees who helped you the last time you contacted the City in the following areas. [. Courtesy],0.270638942876639,Low,257
please rate satisfaction following public safety items 07 overall quality local fire protection,Please rate your satisfaction with the following public safety services provided by the City of [city name]. [. The visibility of police in retail areas],0.2665444430539231,Low,258
please rate satisfaction services listed 10 overall quality citys stormwater drainage system,"Please rate your overall satisfaction with major categories of services provided by the City of [city name]. [. Overall quality of police, fire, and emergency medical services]",0.2664546669620852,Low,259
please rate following characteristics relate [city name] whole 02 openness acceptance community towards people diverse backgrounds,Please rate each of the following characteristics as they relate to [city name] as a whole. [. Ease of air travel in [city name]],0.2625231564609969,Low,260
following best describes raceethnicity asian asian indian,Which of the following best describes your race/ethnicity? [American Indian or Alaska Native],0.2609765507723325,Low,261
following best describes raceethnicity asian asian indian,Which of the following best describes your race/ethnicity? [American Indian or Alaska Native],0.2609765507723325,Low,261
following best describes raceethnicity asian asian indian,Which of the following best describes your race/ethnicity? [American Indian or Alaska Native],0.2609765507723325,Low,261
following best describes raceethnicity asian asian indian,Which of the following best describes your race/ethnicity? [American Indian or Alaska Native],0.2609765507723325,Low,261
please rate satisfaction following services provided city [city name] 3 quality facilities picnic shelters playgrounds,Maintenance. Please rate your satisfaction with the following services provided by the City of [city name]. [. Condition of major City streets],0.2604421247871458,Low,262
following best describes current employment status none,Do you own or rent your current residence?,0.2602621753521063,Low,263
following best describes raceethnicity white caucasian,Which of the following best describes your race/ethnicity? [Other],0.25999563311277574,Low,264
following best describes raceethnicity white caucasian,Which of the following best describes your race/ethnicity? [Other],0.25999563311277574,Low,264
following best describes raceethnicity white caucasian,Which of the following best describes your race/ethnicity? [Other],0.25999563311277574,Low,264
04 household members called visited done business building codes division none,"Please answer either ""Yes"" or ""No"" to each of the following questions. [. Have any of your household members visited downtown [city name] during the past year?]",0.25966672463218055,Low,265
please rate citys performance following areas 12 ease registering city recreation programsevents,Parks and Recreation. Please rate the City's performance in the following areas. [. Appearance/maintenance of parks],0.2577227641465913,Low,266
following best describes raceethnicity slaviceastern european,Which of the following best describes your race/ethnicity? [Other],0.25717341980202624,Low,267
following best describes raceethnicity slaviceastern european,Which of the following best describes your race/ethnicity? [Other],0.25717341980202624,Low,267
following best describes raceethnicity slaviceastern european,Which of the following best describes your race/ethnicity? [Other],0.25717341980202624,Low,267
following best describes raceethnicity unknowndont know,Which of the following best describes your race/ethnicity? [Other],0.25717341980202624,Low,267
following best describes raceethnicity unknowndont know,Which of the following best describes your race/ethnicity? [Other],0.25717341980202624,Low,267
following best describes raceethnicity unknowndont know,Which of the following best describes your race/ethnicity? [Other],0.25717341980202624,Low,267
please rate satisfaction following public safety items 10 overall quality animal control,Please rate your satisfaction with the following public safety services provided by the City of [city name]. [. The visibility of police in retail areas],0.2546332316090655,Low,268
please rate satisfaction following services provided city [city name] 5 efforts local government area prevent crime,Maintenance. Please rate your satisfaction with the following services provided by the City of [city name]. [. Condition of major City streets],0.25105819281295233,Low,269
please rate citys performance following areas 03 rangevariety recreation programs classes,Parks and Recreation. Please rate the City's performance in the following areas. [. Appearance/maintenance of parks],0.2509308212385074,Low,270
called emailed used online customer service system opcares visited city question problem complaint past year none,Major Categories of City Services. Please indicate whether you or any member of your household have used each of the following services in the past 12 months. [. Customer service provided by city employees],0.2508233614648841,Low,271
please rate satisfaction services listed 05 overall enforcement property code violations eg regulation weed control junk cars trash yards,Please rate your satisfaction with each of the following code enforcement items. [. Enforcing the maintenance of commercial property in your neighborhood],0.24962884098397412,Low,272
please rate satisfaction public safety services listed 2 quickly firefighters respond emergencies,Please rate your satisfaction with the following public safety services provided by the City of [city name]. [. The visibility of police in retail areas],0.24955422131389682,Low,273
best describes town grew none,Which of the following best describes your race/ethnicity? [Other],0.24843813646119595,Low,274
please rate citys performance following areas 06 enforcement bulkbrush trash violations,Please rate your satisfaction with each of the following items concerning your trash service. [. City efforts to keep you informed about trash removal issues],0.24265869644501956,Low,275
please rate satisfaction following public safety items 06 enforcement local traffic laws,Please rate your satisfaction with the following public safety services provided by the City of [city name]. [. The visibility of police in retail areas],0.24265798560433804,Low,276
11 household members usedread digital version [city name] parks recreation activity guide past year none,"Please answer either ""Yes"" or ""No"" to each of the following questions. [. Have any of your household members visited downtown [city name] during the past year?]",0.24226784363015452,Low,277
items selected would rate overall performance 15 storm drainage,"For the items you selected, how would you rate the overall performance? [. Sewer services (e.g., sanitary sewer/wastewater)]",0.2386221454268731,Low,278
please rate satisfaction following public safety items 12 enforcing cleanup litter debris city streets,Please rate your satisfaction with the following public safety services provided by the City of [city name]. [. The visibility of police in retail areas],0.23855335163323943,Low,279
please rate satisfaction following services provided city [city name] 10 onstreet bicycle infrastructure bike lanessignssharrows,Maintenance. Please rate your satisfaction with the following services provided by the City of [city name]. [. Condition of major City streets],0.2379578181059813,Low,280
please rate citys performance following areas 10 enforcement yard parking regulations neighborhood,Please rate your satisfaction with each of the following code enforcement items. [. Enforcing the maintenance of commercial property in your neighborhood],0.23356855211353897,Low,281
work none,"When you think about the number and variety of places to live, work and play in [city name], would you like to see more, about the same, or fewer of the following types of places in [city name]? [. Retail and shopping plazas]",0.23346876631358962,Low,282
please rate citys performance following areas 09 outdoor athletic facilities soccerbaseball fields tennis courts,"If you had a budget of $100 for services provided by the City of Riveria Beach, how would you allocate the funds among these categories? [Please be sure your total adds up to $100.] [Parks, Golf, and Open Spaces (including park, outdoor athletic fields and courts, trails, golf, open space, and trails.)]",0.2310957448792549,Low,283
please check following done [city name] past year attended live music performance concert parade festival,Please CHECK ALL of the following information sources you have used to get information about the City of [city name] during the past year. [Other],0.23090286953635583,Low,284
please rate satisfaction public safety services listed 8 officers attitudes professionalism toward citizens,Please rate your satisfaction with the following public safety services provided by the City of [city name]. [. The visibility of police in retail areas],0.23083704030739335,Low,285
please rate citys performance following areas 02 traffic enforcement,Parks and Recreation. Please rate the City's performance in the following areas. [. Appearance/maintenance of parks],0.2303339034607287,Low,286
please rate satisfaction following maintenance items 14 onstreet bicycle infrastructure bike lanespainted symbols,Please rate your satisfaction with each of the following maintenance items. [. Maintenance of major City streets],0.22796071474227603,Low,287
please rate citys performance following areas 02 services youth,Parks and Recreation. Please rate the City's performance in the following areas. [. Appearance/maintenance of parks],0.22735876117825107,Low,288
items selected would rate overall performance 02 art cultural programsfacilities,"For the items you selected, how would you rate the overall performance? [. Sewer services (e.g., sanitary sewer/wastewater)]",0.22276275342088592,Low,289
types businesses industries would like see riveria beach none,Please CHECK ALL of the following types of retail and restaurant options you would like to see in [city name]. [Other],0.22269213519702574,Low,290
used [city name] partnership food pantry past 2 years none,Please CHECK ALL of the following information sources you have used to get information about the City of [city name] during the past year. [Other],0.21936482121396503,Low,291
member family participated [city name] recreation program past year none,Please CHECK ALL of the following information sources you have used to get information about the City of [city name] during the past year. [Other],0.2185405443305097,Low,292
many years lived [city name] none,Which THREE of the City services listed in Question 1 do you think are most important for the City to emphasize over the next TWO years? [1st:],0.21673022675682657,Low,293
please rate citys performance following areas 01 services seniors,Parks and Recreation. Please rate the City's performance in the following areas. [. Appearance/maintenance of parks],0.21468538700145234,Low,294
many persons household employed following areas within city limits [city name],Please indicate how the City of [city name] compares to other cities in Des Moines metro areas in the following areas. [. City facilities],0.21330003949883913,Low,295
members household hearing disability none,"Please answer either ""Yes"" or ""No"" to each of the following questions. [. Have any of your household members visited downtown [city name] during the past year?]",0.2127816367181214,Low,296
please rate citys performance following areas 02 enforcement mowing weeds high grass private property,Please rate your satisfaction with each of the following code enforcement items. [. Enforcing the maintenance of commercial property in your neighborhood],0.21169504998727282,Low,297
12 aware citys online customer request system [city name] connect none,Major Categories of City Services. Please indicate whether you or any member of your household have used each of the following services in the past 12 months. [. Customer service provided by city employees],0.21155860432339288,Low,298
item please rate often employees contacted past year displayed behavior described 1 courteous polite,Please rate the performance of the City employees who helped you the last time you contacted the City in the following areas. [. Courtesy],0.20850309423729457,Low,299
items selected would rate overall performance 08 land use planning zoning,"For the items you selected, how would you rate the overall performance? [. Sewer services (e.g., sanitary sewer/wastewater)]",0.20788265372773618,Low,300
anyone household member lgbtq community none,Major Categories of City Services. Please indicate whether you or any member of your household have used each of the following services in the past 12 months. [. Customer service provided by city employees],0.20785660729780092,Low,301
primary language spoken home none,"Which of the following are your primary sources of information about City issues, services, and events?  [Other]",0.20699657826928214,Low,302
primary language spoken home none,"Which of the following are your primary sources of information about City issues, services, and events?  [Other]",0.20699657826928214,Low,302
please rate satisfaction following 3 overall value receive city tax dollars fees,Please rate each of the following major categories of services provided by the City of [city name]. [. Overall quality of customer service you receive from City employees],0.20674125060131207,Low,303
please rate citys performance following areas 05 street lighting,Parks and Recreation. Please rate the City's performance in the following areas. [. Appearance/maintenance of parks],0.20541194271554739,Low,304
items selected would rate overall performance 17 [city name] love field airport,"For the items you selected, how would you rate the overall performance? [. Sewer services (e.g., sanitary sewer/wastewater)]",0.2052237932373999,Low,305
following best describes raceethnicity middle eastern north african,Which of the following best describes your race/ethnicity? [Other],0.20489096124442857,Low,306
following best describes raceethnicity middle eastern north african,Which of the following best describes your race/ethnicity? [Other],0.20489096124442857,Low,306
following best describes raceethnicity middle eastern north african,Which of the following best describes your race/ethnicity? [Other],0.20489096124442857,Low,306
generally speaking happy would say none,Would you say your total annual household income is...,0.2043608883232443,Low,307
please rate satisfaction following items 3 efforts city expand preserve housing affordable,The City is aware of a shortage of housing nationwide and locally. Different housing types not already offered in [city name] will help meet the needs of future generations in our community. Do you support the City facilitating more housing in [city name] through... [Fourplexes],0.20428800790990725,Low,308
please rate citys performance following areas 09 enforcement food safety restaurants,Please rate your satisfaction with the following public safety services provided by the City of [city name]. [. The visibility of police in retail areas],0.20301149425682052,Low,309
please rate citys performance following areas 13 city golf courses,Parks and Recreation. Please rate the City's performance in the following areas. [. Appearance/maintenance of parks],0.20284223650982458,Low,310
please rate satisfaction following items 5 availability affordable housing sale,The City is aware of a shortage of housing nationwide and locally. Different housing types not already offered in [city name] will help meet the needs of future generations in our community. Do you support the City facilitating more housing in [city name] through... [Fourplexes],0.20103669728220663,Low,311
please rate citys performance following areas 1 garbage collections,Parks and Recreation. Please rate the City's performance in the following areas. [. Appearance/maintenance of parks],0.20051336842986187,Low,312
approximately many years lived city [city name] none,Which THREE of the City services listed in Question 1 do you think are most important for the City to emphasize over the next TWO years? [1st:],0.19904966245546635,Low,313
2 volunteered time past 6 months none,Major Categories of City Services. Please indicate whether you or any member of your household have used each of the following services in the past 12 months. [. Customer service provided by city employees],0.19838887919838608,Low,314
please rate citys performance following areas 04 street cleaning,Parks and Recreation. Please rate the City's performance in the following areas. [. Appearance/maintenance of parks],0.19592245088060975,Low,315
please rate citys performance following areas 03 street striping,Parks and Recreation. Please rate the City's performance in the following areas. [. Appearance/maintenance of parks],0.19592245088060975,Low,315
please rate citys performance following areas 08 fire prevention education,Parks and Recreation. Please rate the City's performance in the following areas. [. Appearance/maintenance of parks],0.19478034941037448,Low,316
item please rate often employees contacted past year displayed behavior described 3 said would timely manner,Please rate the performance of the City employees who helped you the last time you contacted the City in the following areas. [. Courtesy],0.19438846238902013,Low,317
please rate citys performance following areas 11 accessibility city facilitiesservices persons,Parks and Recreation. Please rate the City's performance in the following areas. [. Appearance/maintenance of parks],0.19337867698270622,Low,318
city put emphasis bringing restaurants city none,Which THREE of the items listed in Question 1 do you think should receive the MOST EMPHASIS from City leaders over the next TWO years? [2nd:],0.19293445809707074,Low,319
many persons household employed following areas outside [city name] within [city name] county,Please indicate how the City of [city name] compares to other cities in Des Moines metro areas in the following areas. [. City facilities],0.1925431104975051,Low,320
please rate citys performance following areas 3 yard waste pickup,Parks and Recreation. Please rate the City's performance in the following areas. [. Appearance/maintenance of parks],0.1905630720797424,Low,321
please rate citys performance following areas 09 curbs gutters,Parks and Recreation. Please rate the City's performance in the following areas. [. Appearance/maintenance of parks],0.19005710758946803,Low,322
please rate citys performance following areas 10 appearancemaintenance librariesfacilities,Parks and Recreation. Please rate the City's performance in the following areas. [. Appearance/maintenance of parks],0.18961729407688693,Low,323
please rate satisfaction following environmental sustainability items 2 citys water quality programs floating wetlands stream cleanup events stormwater cost share program etc,Please rate your satisfaction with each of the following water services. [. Clarity of your tap water],0.18932397474878948,Low,324
please rate citys performance following areas 09 variety library materials,Parks and Recreation. Please rate the City's performance in the following areas. [. Appearance/maintenance of parks],0.18446007786091317,Low,325
please rate citys performance following areas 04 enforcement sign regulations,Parks and Recreation. Please rate the City's performance in the following areas. [. Appearance/maintenance of parks],0.1833300613335641,Low,326
please rate citys performance following areas 10 mental health programs,Parks and Recreation. Please rate the City's performance in the following areas. [. Appearance/maintenance of parks],0.18279985006561708,Low,327
please rate satisfaction following items 1 availability housing options price range,Please CHECK ALL of the following types of retail and restaurant options you would like to see in [city name]. [Other],0.1816450725201461,Low,328
please rate satisfaction following recreation items 1 accessibility desired destinations via bike trail system,Please rate your satisfaction with each of the following parks and recreation items. [. Number of city parks],0.18161734651407674,Low,329
please rate citys performance following areas 12 variety arts cultural programs,Parks and Recreation. Please rate the City's performance in the following areas. [. Appearance/maintenance of parks],0.18158985482491283,Low,330
please rate citys performance following areas 04 services unhoused residents,Parks and Recreation. Please rate the City's performance in the following areas. [. Appearance/maintenance of parks],0.1811430859390969,Low,331
used dart des moines area regional transit authority bus services past 2 years none,Please indicate how the City of [city name] compares to other cities in Des Moines metro areas in the following areas. [. City facilities],0.18105781660498635,Low,332
please rate citys performance following areas 06 variety arts cultural programs,Parks and Recreation. Please rate the City's performance in the following areas. [. Appearance/maintenance of parks],0.18018153606651122,Low,333
please rate satisfaction following 2 level public involvement local decision making,Please rate your level of agreement with each of the following statements. [. The City of [city name] is a safe community],0.17943635110535752,Low,334
please rate satisfaction following 7 [city name] welcoming community people diverse backgrounds,Perceptions of the Community. Please rate your satisfaction with each of the following items that may influence your perception of the City of [city name]. [. Overall quality of life in the City],0.17822584883145542,Low,335
item please rate often employees contacted past year displayed behavior described 2 gave prompt accurate complete answers questions,"Please answer either ""Yes"" or ""No"" to each of the following questions. [. Have any of your household members visited downtown [city name] during the past year?]",0.17769223329554923,Low,336
items selected would rate overall performance 21 animal services eg shelter adoptions animal control,"For the items you selected, how would you rate the overall performance? [. Sewer services (e.g., sanitary sewer/wastewater)]",0.17578437995567198,Low,337
please rate citys performance following areas 5 household hazardous waste disposal,Parks and Recreation. Please rate the City's performance in the following areas. [. Appearance/maintenance of parks],0.17562516499932906,Low,338
items selected would rate overall performance 20 311service request process call report problem,"For the items you selected, how would you rate the overall performance? [. Sewer services (e.g., sanitary sewer/wastewater)]",0.17555658338915836,Low,339
please rate citys performance following areas 02 recreation programs classes classes offered activities resources,Parks and Recreation. Please rate the City's performance in the following areas. [. Appearance/maintenance of parks],0.1743222806638308,Low,340
highest level education attained none,Please rate your level of agreement with each of the following statements. [. The City of [city name] is a safe community],0.17399833750162763,Low,341
please rate satisfaction following 5 well city planning growth,Maintenance. Please rate your satisfaction with the following services provided by the City of [city name]. [. Condition of major City streets],0.17367001752491137,Low,342
please rate citys performance following areas 04 efforts police effectively deal problems neighborhood,Please rate your satisfaction with the following public safety services provided by the City of [city name]. [. The visibility of police in retail areas],0.17085946510355396,Low,343
ever made code compliance complaint code complaint filed none,Please rate your satisfaction with each of the following code enforcement items. [. Enforcing the maintenance of commercial property in your neighborhood],0.1705515286162965,Low,344
zip code work none,Please rate your satisfaction with each of the following code enforcement items. [. Enforcing the maintenance of commercial property in your neighborhood],0.17005952953456288,Low,345
please rate satisfaction following items 1 quality library programs story hours book discussion,Please rate your satisfaction with each of the following communication items. [. The quality of the City's website],0.16687361613462875,Low,346
city respond promptly requests service none,Please rate each of the following major categories of services provided by the City of [city name]. [. Overall quality of customer service you receive from City employees],0.1667808887189494,Low,347
please rate citys performance following areas 08 accessibility arts cultural centersfacilities,Parks and Recreation. Please rate the City's performance in the following areas. [. Appearance/maintenance of parks],0.16434633150120972,Low,348
01 currently child enrolled [city name] public school none,Please CHECK ALL of the following information sources you are currently using in daily life. [Other],0.16384682268817324,Low,349
please rate citys performance following areas 07 appearancemaintenance arts cultural centersfacilities,Parks and Recreation. Please rate the City's performance in the following areas. [. Appearance/maintenance of parks],0.16276043338351742,Low,350
please rate citys performance following areas 03 enforcement blighted residential properties,Parks and Recreation. Please rate the City's performance in the following areas. [. Appearance/maintenance of parks],0.16239132620624525,Low,351
1 talked connected neighbors past 6 months none,Major Categories of City Services. Please indicate whether you or any member of your household have used each of the following services in the past 12 months. [. Customer service provided by city employees],0.15782588904145808,Low,352
please rate citys performance following areas 06 traffic signs signal operations,Parks and Recreation. Please rate the City's performance in the following areas. [. Appearance/maintenance of parks],0.15653111704421444,Low,353
please rate citys performance following areas 01 enforcement multifamily building conditions,Parks and Recreation. Please rate the City's performance in the following areas. [. Appearance/maintenance of parks],0.1563957864686504,Low,354
live east west antioch none,Please rate the City of [city name] with regard to the following. [. As a place to live],0.15513556283675425,Low,355
suggestions city would like make please provide none,Please CHECK ALL of the following types of retail and restaurant options you would like to see in [city name]. [Other],0.1549781833798248,Low,356
one following entities receive majority services none,Please rate each of the following major categories of services provided by the City of [city name]. [. Overall quality of customer service you receive from City employees],0.15276846610648426,Low,357
please rate satisfaction following items 2 availability range housing types eg apartments townhomes condos duplexes single family,The City is aware of a shortage of housing nationwide and locally. Different housing types not already offered in [city name] will help meet the needs of future generations in our community. Do you support the City facilitating more housing in [city name] through... [Fourplexes],0.1527610037710297,Low,358
items selected would rate overall performance 19 social services community centers child care programs homeless programs senior programs,"For the items you selected, how would you rate the overall performance? [. Sewer services (e.g., sanitary sewer/wastewater)]",0.15230904339179596,Low,359
please rate citys performance following areas 11 quality volunteer disaster response programs community emergency response team,"Please rate your overall satisfaction with major categories of services provided by the City of [city name]. [. Overall quality of police, fire, and emergency medical services]",0.14794404126946487,Low,360
please rate citys performance following areas 10 bike lanes city shared protected multiuse,Parks and Recreation. Please rate the City's performance in the following areas. [. Appearance/maintenance of parks],0.14651098796485312,Low,361
please rate speed growth following categories [city name] past two years 2 retail growth stores restaurants etc,Please rate your satisfaction with the following public safety services provided by the City of [city name]. [. The visibility of police in retail areas],0.14484045077523963,Low,362
additional services would like see offered police department fire district none,"Please rate your overall satisfaction with major categories of services provided by the City of [city name]. [. Overall quality of police, fire, and emergency medical services]",0.1439380944978022,Low,363
could change one thing city [city name] would none,Maintenance. Please rate your satisfaction with the following services provided by the City of [city name]. [. Condition of major City streets],0.14220203508255436,Low,364
items selected would rate overall performance 16 traffic management traffic signals traffic flow signs parking,"For the items you selected, how would you rate the overall performance? [. Sewer services (e.g., sanitary sewer/wastewater)]",0.1409374368804625,Low,365
please rate citys performance following areas 08 city efforts survey abate mosquitos carrying viruses,Parks and Recreation. Please rate the City's performance in the following areas. [. Appearance/maintenance of parks],0.13705102893927917,Low,366
items selected would rate overall performance 18 municipal court services eg traffic parking ticket processing misdemeanor court cases fine collection,"For the items you selected, how would you rate the overall performance? [. Sewer services (e.g., sanitary sewer/wastewater)]",0.13672045541716404,Low,367
please rate satisfaction following environmental sustainability items 1 citys efforts protect natural resources environment,Please rate your satisfaction with each of the following items concerning your trash service. [. City efforts to keep you informed about trash removal issues],0.13658734485876245,Low,368
please rate citys performance following areas 05 housing services programs home repair loan assistance neighborhood grants etc,The City is aware of a shortage of housing nationwide and locally. Different housing types not already offered in [city name] will help meet the needs of future generations in our community. Do you support the City facilitating more housing in [city name] through... [Fourplexes],0.13491713118089607,Low,369
please rate citys performance following areas 13 services seek address racial ethnic disparities,Parks and Recreation. Please rate the City's performance in the following areas. [. Appearance/maintenance of parks],0.13288179861815222,Low,370
please rate speed growth following categories [city name] past two years 1 population growth,Major Categories of City Services. Please indicate whether you or any member of your household have used each of the following services in the past 12 months. [. Customer service provided by city employees],0.13277199702273032,Low,371
please rate speed growth following categories [city name] past two years 3 job growth,Major Categories of City Services. Please indicate whether you or any member of your household have used each of the following services in the past 12 months. [. Customer service provided by city employees],0.131480323068505,Low,372
additional comments would like share none,Please CHECK ALL of the following types of retail and restaurant options you would like to see in [city name]. [Other],0.12907545794164216,Low,373
please rate citys performance following areas 09 prevention programs youth pals afterschool programming etc,Parks and Recreation. Please rate the City's performance in the following areas. [. Appearance/maintenance of parks],0.12873390999778012,Low,374
library services none,"Please rate your overall satisfaction with major categories of services provided by the City of [city name]. [. Overall quality of police, fire, and emergency medical services]",0.12796816633496438,Low,375
please rate citys performance following areas 05 city efforts remove junk motor vehicles inoperative private property,Parks and Recreation. Please rate the City's performance in the following areas. [. Appearance/maintenance of parks],0.12764872986049766,Low,376
business [city name] none,Maintenance. Please rate your satisfaction with the following services provided by the City of [city name]. [. Condition of major City streets],0.12732813907183835,Low,377
anyone household disabled none,Would you say your total annual household income is...,0.12595426074649385,Low,378
would describe overall state health none,"Please rate your overall satisfaction with major categories of services provided by the City of [city name]. [. Overall quality of police, fire, and emergency medical services]",0.12209676125723139,Low,379
3 able get help either family friends neighbors time need none,Please rate the performance of the City employees who helped you the last time you contacted the City in the following areas. [. Courtesy],0.12144669626122825,Low,380
top priority terms recreation none,Please rate your satisfaction with each of the following parks and recreation items. [. Number of city parks],0.11934946807893475,Low,381
please rate satisfaction following transportation items 5 reliability traffic signal timing progression,"To meet the needs of future generations, the City is considering changes to the transportation infrastructure and network to better accommodate walking, biking, using public transit and charging electric vehicles. Do you support the City's transportation network to better accommodate multimodal transportation by... [Providing safe walking options to and from home, work, school, parks, grocery stores, etc.]",0.11839448262393662,Low,382
increases tax [city name] would require community approval future election none,The City is aware of a shortage of housing nationwide and locally. Different housing types not already offered in [city name] will help meet the needs of future generations in our community. Do you support the City facilitating more housing in [city name] through... [Fourplexes],0.11464679003613938,Low,383
please rate satisfaction following environmental sustainability items 3 health citys tree canopy,Please rate your satisfaction with each of the following communication items. [. The quality of the City's website],0.11245018967487784,Low,384
often typically go outside [city name] city limits shop none,Maintenance. Please rate your satisfaction with the following services provided by the City of [city name]. [. Condition of major City streets],0.10490273633236383,Low,385
please rate citys performance following areas 03 services underserved communities including populations face barriers low income lower levels education limited english proficiency mental physical disabilities,Would you say your total annual household income is...,0.09958283076945343,Low,386
please rate satisfaction following environmental sustainability items 6 citys promotion sustainable practices residents businesses,Please rate your satisfaction with each of the following communication items. [. The quality of the City's website],0.09041752095553515,Low,387
aware receive property tax bill polk county paying taxes seven separate entities none,Please rate your satisfaction with each of the following code enforcement items. [. Enforcing the maintenance of commercial property in your neighborhood],0.08600262800630602,Low,388
would willing participate future surveys sponsored city insertans8245x10302x182318comname none,The City is aware of a shortage of housing nationwide and locally. Different housing types not already offered in [city name] will help meet the needs of future generations in our community. Do you support the City facilitating more housing in [city name] through... [Fourplexes],0.08293806005890796,Low,389
long lived [city name] none,Maintenance. Please rate your satisfaction with the following services provided by the City of [city name]. [. Condition of major City streets],0.07654439047082823,Low,390
2 quality library materials books dvds magazines etc none,Please rate your satisfaction with each of the following communication items. [. The quality of the City's website],0.07390903407037226,Low,391
4 [city name] provide opportunities connect others none,Maintenance. Please rate your satisfaction with the following services provided by the City of [city name]. [. Condition of major City streets],0.06500457395992286,Low,392
kinds additional outdoor recreational opportunities needed none,"If you had a budget of $100 for services provided by the City of Riveria Beach, how would you allocate the funds among these categories? [Please be sure your total adds up to $100.] [Parks, Golf, and Open Spaces (including park, outdoor athletic fields and courts, trails, golf, open space, and trails.)]",0.06407997420618905,Low,393
permanent seasonal resident [city name] none,Maintenance. Please rate your satisfaction with the following services provided by the City of [city name]. [. Condition of major City streets],0.06009947718333795,Low,394
problem resolved satisfaction none,Please rate your satisfaction with each of the park services listed. [. The number of City parks],0.05572806486499987,Low,395
please selfdescribe none,Which FOUR of the services listed above do you think should be the City's top priorities? [2nd:],0.0,Low,396
kinds additional indoor recreational opportunities needed none,Which FOUR of the services listed above do you think should be the City's top priorities? [2nd:],0.0,Low,396
please describe raceethnicity none,Which FOUR of the services listed above do you think should be the City's top priorities? [2nd:],0.0,Low,396
please describe raceethnicity none,Which FOUR of the services listed above do you think should be the City's top priorities? [2nd:],0.0,Low,396
would interested learning olathes survey research panel none,Which FOUR of the services listed above do you think should be the City's top priorities? [2nd:],0.0,Low,396
easy contact person needed reach none,Which FOUR of the services listed above do you think should be the City's top priorities? [2nd:],0.0,Low,396
 none,Which FOUR of the services listed above do you think should be the City's top priorities? [2nd:],0.0,Low,396
dissatisfied none,Which FOUR of the services listed above do you think should be the City's top priorities? [2nd:],0.0,Low,396
dissatisfied none,Which FOUR of the services listed above do you think should be the City's top priorities? [2nd:],0.0,Low,396
dissatisfied none,Which FOUR of the services listed above do you think should be the City's top priorities? [2nd:],0.0,Low,396
backup caused problems citys system none,Which FOUR of the services listed above do you think should be the City's top priorities? [2nd:],0.0,Low,396
please describe raceethnicity none,Which FOUR of the services listed above do you think should be the City's top priorities? [2nd:],0.0,Low,396
please describe raceethnicity none,Which FOUR of the services listed above do you think should be the City's top priorities? [2nd:],0.0,Low,396
