historical_question,best_generic_question,similarity_score,confidence_level,Rank
please rate following items circling corresponding number 01 [city name] place live,Please rate the City of [city name] with regard to the following. [. As a place to live],0.48766405114424904,Medium,405
please rate following items circling corresponding number 02 neighborhood place live,Please rate the City of [city name] with regard to the following. [. As a place to live],0.40992624032802993,Low,491
please rate following items circling corresponding number 03 [city name] place raise children,Please indicate the extent to which you think each of the following are an issue in the City of [city name] by circling the corresponding number below. [. Other],0.38430138853083917,Low,526
please rate following items circling corresponding number 04 [city name] place work,Please indicate the extent to which you think each of the following are an issue in the City of [city name] by circling the corresponding number below. [. Other],0.46303576521739004,Medium,433
please rate following items circling corresponding number 05 [city name] place retire,Please indicate the extent to which you think each of the following are an issue in the City of [city name] by circling the corresponding number below. [. Other],0.4248468928634878,Low,471
please rate following items circling corresponding number 06 [city name] place business,Please indicate the extent to which you think each of the following are an issue in the City of [city name] by circling the corresponding number below. [. Other],0.4460924211255701,Low,453
please rate following items circling corresponding number 07 [city name] place feel welcome,Please indicate the extent to which you think each of the following are an issue in the City of [city name] by circling the corresponding number below. [. Other],0.391272390283203,Low,514
please rate following items circling corresponding number 08 quality economic development [city name],Economic Development. Which TWO of the following benefits of economic development are MOST IMPORTANT to you? [Other],0.5323892694247941,Medium,356
please rate following items circling corresponding number 09 overall quality life [city name],Please indicate the extent to which you think each of the following are an issue in the City of [city name] by circling the corresponding number below. [. Other],0.4711736160046737,Medium,427
please rate following items circling corresponding number 10 overall value receive city property tax dollars fees,Please indicate the extent to which you think each of the following are an issue in the City of [city name] by circling the corresponding number below. [. Other],0.32291251180517244,Low,574
please rate following characteristics relate [city name] whole 01 sense community,Please rate each of the following characteristics as they relate to [city name] as a whole. [. Ease of air travel in [city name]],0.39245932614704204,Low,510
please rate following characteristics relate [city name] whole 02 openness acceptance community towards people diverse backgrounds,Please rate each of the following characteristics as they relate to [city name] as a whole. [. Ease of air travel in [city name]],0.2625231564609969,Low,641
please rate following characteristics relate [city name] whole 03 opportunities attend arts cultural events,Please rate each of the following characteristics as they relate to [city name] as a whole. [. Ease of air travel in [city name]],0.29368316916378095,Low,607
please rate following characteristics relate [city name] whole 04 air quality,Please rate each of the following characteristics as they relate to [city name] as a whole. [. Ease of air travel in [city name]],0.6899411366369501,High,202
please rate following characteristics relate [city name] whole 05 access affordable quality housing,Please rate each of the following characteristics as they relate to [city name] as a whole. [. Ease of air travel in [city name]],0.348763692335223,Low,545
please rate following characteristics relate [city name] whole 06 access affordable quality child care,Please rate each of the following characteristics as they relate to [city name] as a whole. [. Ease of air travel in [city name]],0.30593320503507004,Low,593
please rate following characteristics relate [city name] whole 07 access affordable quality health care,Please rate each of the following characteristics as they relate to [city name] as a whole. [. Ease of air travel in [city name]],0.3074705566864797,Low,591
please rate following characteristics relate [city name] whole 08 access affordable quality food,Please rate each of the following characteristics as they relate to [city name] as a whole. [. Ease of air travel in [city name]],0.3380788617736352,Low,557
please rate following characteristics relate [city name] whole 09 access livingwage jobs,Please rate each of the following characteristics as they relate to [city name] as a whole. [. Ease of air travel in [city name]],0.3215561825200529,Low,576
please rate following characteristics relate [city name] whole 10 access quality education,Please rate each of the following characteristics as they relate to [city name] as a whole. [. Ease of air travel in [city name]],0.3748124232256275,Low,528
please rate following characteristics relate [city name] whole 11 ease car travel [city name],Please rate each of the following characteristics as they relate to [city name] as a whole. [. Ease of air travel in [city name]],0.7004094740595377,High,191
please rate following characteristics relate [city name] whole 12 ease bus travel [city name],Please rate each of the following characteristics as they relate to [city name] as a whole. [. Ease of air travel in [city name]],0.700370591430754,High,192
please rate following characteristics relate [city name] whole 13 ease rail travel [city name],Please rate each of the following characteristics as they relate to [city name] as a whole. [. Ease of air travel in [city name]],0.6735768782705357,High,216
please rate following characteristics relate [city name] whole 14 ease air travel [city name],Please rate each of the following characteristics as they relate to [city name] as a whole. [. Ease of air travel in [city name]],0.9212601194088172,High,23
please rate following characteristics relate [city name] whole 15 ease bicycle travel [city name],Please rate each of the following characteristics as they relate to [city name] as a whole. [. Ease of air travel in [city name]],0.6894836747632573,High,203
please rate following characteristics relate [city name] whole 16 ease walking [city name],Please rate each of the following characteristics as they relate to [city name] as a whole. [. Ease of air travel in [city name]],0.5707221310289925,Medium,313
please rate following characteristics relate [city name] whole 17 overall imagereputation [city name],Please rate each of the following characteristics as they relate to [city name] as a whole. [. Ease of air travel in [city name]],0.3969357617583853,Low,507
three quality life characteristics listed think citys top priorities 1st,Which FOUR of the services listed above do you think should be the City's top priorities? [2nd:],0.4580276987739094,Medium,440
three quality life characteristics listed think citys top priorities 2nd,Which FOUR of the services listed above do you think should be the City's top priorities? [2nd:],0.6714769526477754,High,218
three quality life characteristics listed think citys top priorities 3rd,Which FOUR of the services listed above do you think should be the City's top priorities? [2nd:],0.4474566737875063,Low,449
please rate speed growth following categories [city name] past two years 1 population growth,Major Categories of City Services. Please indicate whether you or any member of your household have used each of the following services in the past 12 months. [. Customer service provided by city employees],0.13277199702273032,Low,753
please rate speed growth following categories [city name] past two years 2 retail growth stores restaurants etc,Please rate your satisfaction with the following public safety services provided by the City of [city name]. [. The visibility of police in retail areas],0.14487379862940739,Low,743
please rate speed growth following categories [city name] past two years 3 job growth,Major Categories of City Services. Please indicate whether you or any member of your household have used each of the following services in the past 12 months. [. Customer service provided by city employees],0.131480323068505,Low,755
please indicate extent think following issue city [city name] circling corresponding number 01 crime,Please indicate the extent to which you think each of the following are an issue in the City of [city name] by circling the corresponding number below. [. Other],0.8521753621411801,High,61
please indicate extent think following issue city [city name] circling corresponding number 02 drugs,Please indicate the extent to which you think each of the following are an issue in the City of [city name] by circling the corresponding number below. [. Other],0.8195184928842446,High,91
please indicate extent think following issue city [city name] circling corresponding number 03 high weeds,Please indicate the extent to which you think each of the following are an issue in the City of [city name] by circling the corresponding number below. [. Other],0.7802999718190787,High,108
please indicate extent think following issue city [city name] circling corresponding number 04 noise,Please indicate the extent to which you think each of the following are an issue in the City of [city name] by circling the corresponding number below. [. Other],0.8195184928842446,High,91
please indicate extent think following issue city [city name] circling corresponding number 05 blighted buildings,Please indicate the extent to which you think each of the following are an issue in the City of [city name] by circling the corresponding number below. [. Other],0.7755542083603663,High,112
please indicate extent think following issue city [city name] circling corresponding number 06 homelessness,Please indicate the extent to which you think each of the following are an issue in the City of [city name] by circling the corresponding number below. [. Other],0.8195184928842446,High,91
please indicate extent think following issue city [city name] circling corresponding number 07 environmental hazards air quality toxic waste,Please indicate the extent to which you think each of the following are an issue in the City of [city name] by circling the corresponding number below. [. Other],0.6201403029975228,Medium,265
please indicate extent think following issue city [city name] circling corresponding number 08 loose dogs unrestrained pets,Please indicate the extent to which you think each of the following are an issue in the City of [city name] by circling the corresponding number below. [. Other],0.626567940442145,Medium,259
please indicate extent think following issue city [city name] circling corresponding number 09 litter,Please indicate the extent to which you think each of the following are an issue in the City of [city name] by circling the corresponding number below. [. Other],0.8476634832594976,High,65
please indicate extent think following issue city [city name] circling corresponding number 10 infrastructurestreets,Please indicate the extent to which you think each of the following are an issue in the City of [city name] by circling the corresponding number below. [. Other],0.8229803315166013,High,86
please indicate extent think following issue city [city name] circling corresponding number 11 aggressive solicitationpanhandling,Please indicate the extent to which you think each of the following are an issue in the City of [city name] by circling the corresponding number below. [. Other],0.7352370535400231,High,164
please indicate extent think following issue city [city name] circling corresponding number 12 climate change extreme heat flooding tree canopy etc,Please indicate the extent to which you think each of the following are an issue in the City of [city name] by circling the corresponding number below. [. Other],0.5389600586267899,Medium,345
please indicate extent think following issue city [city name] circling corresponding number 13 racial ethnic inequities,Please indicate the extent to which you think each of the following are an issue in the City of [city name] by circling the corresponding number below. [. Other],0.6885097260585515,High,204
please indicate extent think following issue city [city name] circling corresponding number 14,Please indicate the extent to which you think each of the following are an issue in the City of [city name] by circling the corresponding number below. [. Other],0.9156622408352523,High,26
please define ,"Please define ""Other.""",1.0,High,3
please indicate safe feel following situations 01 neighborhood day,Please rate how safe you feel in the following situations. [. In your neighborhood during the day],0.8750873714812702,High,49
please indicate safe feel following situations 02 neighborhood dark,Please rate how safe you feel in the following situations. [. In your neighborhood during the day],0.6329626510873388,Medium,251
please indicate safe feel following situations 03 [city name] downtown area day,Please rate how safe you feel in the following situations. [. In your neighborhood during the day],0.6271386366054019,Medium,256
please indicate safe feel following situations 04 [city name] downtown area dark,Please rate how safe you feel in the following situations. [. In your neighborhood during the day],0.42318389170835546,Low,472
please indicate safe feel following situations 05 [city name] restaurantretail areas day,Please rate how safe you feel in the following situations. [. In your neighborhood during the day],0.6511806221602491,High,235
please indicate safe feel following situations 06 [city name] restaurantretail areas dark,Please rate how safe you feel in the following situations. [. In your neighborhood during the day],0.43885780721710954,Low,459
please indicate safe feel following situations 07 [city name] parks day,Please rate how safe you feel in the following situations. [. In your neighborhood during the day],0.7379433720305701,High,162
please indicate safe feel following situations 08 [city name] parks dark,Please rate how safe you feel in the following situations. [. In your neighborhood during the day],0.494442002938593,Medium,396
please indicate safe feel following situations 09 violent crime murder rape assault robbery,Please rate how safe you feel in the following situations. [. In your neighborhood during the day],0.31376011379188895,Low,585
please indicate safe feel following situations 10 property crime burglary theft,Please rate how safe you feel in the following situations. [. In your neighborhood during the day],0.38457095972305766,Low,525
please indicate safe feel following situations 11 fire,Please rate how safe you feel in the following situations. [. In your neighborhood during the day],0.6085015050018263,Medium,277
please indicate whether member household used following services past 12 months 01 ambulanceemergency medical services,Major Categories of City Services. Please indicate whether you or any member of your household have used each of the following services in the past 12 months. [. Customer service provided by city employees],0.5680533126908668,Medium,315
please indicate whether member household used following services past 12 months 02 art cultural programsfacilities,Major Categories of City Services. Please indicate whether you or any member of your household have used each of the following services in the past 12 months. [. Customer service provided by city employees],0.48973028163851196,Medium,404
please indicate whether member household used following services past 12 months 03 neighborhood code enforcement eg high weeds litter blight,Major Categories of City Services. Please indicate whether you or any member of your household have used each of the following services in the past 12 months. [. Customer service provided by city employees],0.4211432958410034,Low,475
please indicate whether member household used following services past 12 months 04 customer service provided city employees,Major Categories of City Services. Please indicate whether you or any member of your household have used each of the following services in the past 12 months. [. Customer service provided by city employees],0.8794941678010922,High,44
please indicate whether member household used following services past 12 months 05 drinking water,Major Categories of City Services. Please indicate whether you or any member of your household have used each of the following services in the past 12 months. [. Customer service provided by city employees],0.5442910768196461,Medium,338
please indicate whether member household used following services past 12 months 06 fire services,Major Categories of City Services. Please indicate whether you or any member of your household have used each of the following services in the past 12 months. [. Customer service provided by city employees],0.6844032402661265,High,207
please indicate whether member household used following services past 12 months 07 solid waste services eg garbage recycling collection,Major Categories of City Services. Please indicate whether you or any member of your household have used each of the following services in the past 12 months. [. Customer service provided by city employees],0.4787515512232831,Medium,418
please indicate whether member household used following services past 12 months 08 land use planning zoning,Major Categories of City Services. Please indicate whether you or any member of your household have used each of the following services in the past 12 months. [. Customer service provided by city employees],0.46535737806488825,Medium,431
please indicate whether member household used following services past 12 months 09 maintenance infrastructure eg city streets sidewalks,Major Categories of City Services. Please indicate whether you or any member of your household have used each of the following services in the past 12 months. [. Customer service provided by city employees],0.540451981885038,Medium,342
please indicate whether member household used following services past 12 months 10 park recreation system,Major Categories of City Services. Please indicate whether you or any member of your household have used each of the following services in the past 12 months. [. Customer service provided by city employees],0.6039568858417221,Medium,281
please indicate whether member household used following services past 12 months 11 police services,Major Categories of City Services. Please indicate whether you or any member of your household have used each of the following services in the past 12 months. [. Customer service provided by city employees],0.6463102900664599,Medium,243
please indicate whether member household used following services past 12 months 12 communication city,Major Categories of City Services. Please indicate whether you or any member of your household have used each of the following services in the past 12 months. [. Customer service provided by city employees],0.6559886842954088,High,228
please indicate whether member household used following services past 12 months 13 public library services,Major Categories of City Services. Please indicate whether you or any member of your household have used each of the following services in the past 12 months. [. Customer service provided by city employees],0.5973215930477219,Medium,288
please indicate whether member household used following services past 12 months 14 sewer services eg sanitary sewerwastewater,Major Categories of City Services. Please indicate whether you or any member of your household have used each of the following services in the past 12 months. [. Customer service provided by city employees],0.5116496004481104,Medium,381
please indicate whether member household used following services past 12 months 15 storm drainage,Major Categories of City Services. Please indicate whether you or any member of your household have used each of the following services in the past 12 months. [. Customer service provided by city employees],0.5142697281139128,Medium,376
please indicate whether member household used following services past 12 months 16 traffic management traffic signals traffic flow signs parking,Major Categories of City Services. Please indicate whether you or any member of your household have used each of the following services in the past 12 months. [. Customer service provided by city employees],0.33907067236015376,Low,554
please indicate whether member household used following services past 12 months 17 [city name] love field airport,Major Categories of City Services. Please indicate whether you or any member of your household have used each of the following services in the past 12 months. [. Customer service provided by city employees],0.48031764770981794,Medium,415
please indicate whether member household used following services past 12 months 18 municipal court services eg traffic parking ticket processing misdemeanor court cases fine collection,Major Categories of City Services. Please indicate whether you or any member of your household have used each of the following services in the past 12 months. [. Customer service provided by city employees],0.3245870786362945,Low,571
please indicate whether member household used following services past 12 months 19 social services community centers child care programs homeless programs senior programs,Major Categories of City Services. Please indicate whether you or any member of your household have used each of the following services in the past 12 months. [. Customer service provided by city employees],0.35655660312762644,Low,538
please indicate whether member household used following services past 12 months 20 311service request process call report problem,Major Categories of City Services. Please indicate whether you or any member of your household have used each of the following services in the past 12 months. [. Customer service provided by city employees],0.40778777205614497,Low,493
please indicate whether member household used following services past 12 months 21 animal services eg shelter adoptions animal control,Major Categories of City Services. Please indicate whether you or any member of your household have used each of the following services in the past 12 months. [. Customer service provided by city employees],0.4021096604982197,Low,502
items selected would rate overall performance 01 ambulanceemergency medical services,"Please rate your overall satisfaction with major categories of services provided by the City of [city name]. [. Overall quality of police, fire, and emergency medical services]",0.33129256351108505,Low,566
items selected would rate overall performance 02 art cultural programsfacilities,"For the items you selected, how would you rate the overall performance? [. Sewer services (e.g., sanitary sewer/wastewater)]",0.22276275342088592,Low,670
items selected would rate overall performance 03 neighborhood code enforcement eg high weeds litter blight,Please rate your satisfaction with each of the following code enforcement items. [. Enforcing the maintenance of commercial property in your neighborhood],0.31163702363361145,Low,588
items selected would rate overall performance 04 customer service provided city employees,Please rate each of the following major categories of services provided by the City of [city name]. [. Overall quality of customer service you receive from City employees],0.5964277694736952,Medium,289
items selected would rate overall performance 05 drinking water,Please rate your satisfaction with each of the following water services. [. Clarity of your tap water],0.3241021803970482,Low,573
items selected would rate overall performance 06 fire services,"For the items you selected, how would you rate the overall performance? [. Sewer services (e.g., sanitary sewer/wastewater)]",0.3928279033343423,Low,508
items selected would rate overall performance 07 solid waste services eg garbage recycling collection,Please rate your satisfaction with each of the following items concerning your recycling service. [. Overall quality of the City's curbside recycling program],0.2808081620191328,Low,621
items selected would rate overall performance 08 land use planning zoning,"For the items you selected, how would you rate the overall performance? [. Sewer services (e.g., sanitary sewer/wastewater)]",0.20788265372773618,Low,680
items selected would rate overall performance 09 maintenance infrastructure eg city streets sidewalks,Please rate your satisfaction with each of the following maintenance items. [. Maintenance of major City streets],0.414817893858484,Low,481
items selected would rate overall performance 10 park recreation system,"For the items you selected, how would you rate the overall performance? [. Sewer services (e.g., sanitary sewer/wastewater)]",0.30669930038179477,Low,592
items selected would rate overall performance 11 police services,"Please rate your overall satisfaction with major categories of services provided by the City of [city name]. [. Overall quality of police, fire, and emergency medical services]",0.35221707875998887,Low,543
items selected would rate overall performance 12 communication city,Please rate your satisfaction with each of the following communication items. [. The quality of the City's website],0.4154688410931192,Low,480
items selected would rate overall performance 13 public library services,"For the items you selected, how would you rate the overall performance? [. Sewer services (e.g., sanitary sewer/wastewater)]",0.30501680890829125,Low,595
items selected would rate overall performance 14 sewer services eg sanitary sewerwastewater,"For the items you selected, how would you rate the overall performance? [. Sewer services (e.g., sanitary sewer/wastewater)]",0.6957772049796364,High,198
items selected would rate overall performance 15 storm drainage,"For the items you selected, how would you rate the overall performance? [. Sewer services (e.g., sanitary sewer/wastewater)]",0.2386221454268731,Low,658
items selected would rate overall performance 16 traffic management traffic signals traffic flow signs parking,"For the items you selected, how would you rate the overall performance? [. Sewer services (e.g., sanitary sewer/wastewater)]",0.1409374368804625,Low,747
items selected would rate overall performance 17 [city name] love field airport,"For the items you selected, how would you rate the overall performance? [. Sewer services (e.g., sanitary sewer/wastewater)]",0.2052237932373999,Low,683
items selected would rate overall performance 18 municipal court services eg traffic parking ticket processing misdemeanor court cases fine collection,"For the items you selected, how would you rate the overall performance? [. Sewer services (e.g., sanitary sewer/wastewater)]",0.13672045541716404,Low,749
items selected would rate overall performance 19 social services community centers child care programs homeless programs senior programs,"For the items you selected, how would you rate the overall performance? [. Sewer services (e.g., sanitary sewer/wastewater)]",0.15230904339179596,Low,740
items selected would rate overall performance 20 311service request process call report problem,"For the items you selected, how would you rate the overall performance? [. Sewer services (e.g., sanitary sewer/wastewater)]",0.17555658338915836,Low,716
items selected would rate overall performance 21 animal services eg shelter adoptions animal control,"For the items you selected, how would you rate the overall performance? [. Sewer services (e.g., sanitary sewer/wastewater)]",0.17578437995567198,Low,715
four services listed think citys top priorities 1st,Which FOUR of the services listed above do you think should be the City's top priorities? [2nd:],0.651645055435492,High,234
four services listed think citys top priorities 2nd,Which FOUR of the services listed above do you think should be the City's top priorities? [2nd:],0.9225540222253351,High,21
four services listed think citys top priorities 3rd,Which FOUR of the services listed above do you think should be the City's top priorities? [2nd:],0.6280456085212159,Medium,255
four services listed think citys top priorities 4th,Which FOUR of the services listed above do you think should be the City's top priorities? [2nd:],0.5673369716367047,Medium,317
please rate citys performance following areas 01 visibility police commercial retail areas,Please rate your satisfaction with the following public safety services provided by the City of [city name]. [. The visibility of police in retail areas],0.5851970044062864,Medium,297
please rate citys performance following areas 02 traffic enforcement,Parks and Recreation. Please rate the City's performance in the following areas. [. Appearance/maintenance of parks],0.2298914924209316,Low,666
please rate citys performance following areas 03 visibility police neighborhoods,Please rate your satisfaction with the following public safety services provided by the City of [city name]. [. The visibility of police in retail areas],0.4444625080295795,Low,455
please rate citys performance following areas 04 efforts police effectively deal problems neighborhood,Please rate your satisfaction with the following public safety services provided by the City of [city name]. [. The visibility of police in retail areas],0.1705787100709359,Low,721
please rate citys performance following areas 05 response time police emergency calls,Please rate the performance of the City employees who helped you the last time you contacted the City in the following areas. [. Courtesy],0.27178865311388706,Low,636
please rate citys performance following areas 06 response time fire structure fires,Please rate the performance of the City employees who helped you the last time you contacted the City in the following areas. [. Courtesy],0.27040318357339127,Low,637
please rate citys performance following areas 07 response time fire medical emergencies,Please rate the performance of the City employees who helped you the last time you contacted the City in the following areas. [. Courtesy],0.298211506793413,Low,605
please rate citys performance following areas 08 fire prevention education,Parks and Recreation. Please rate the City's performance in the following areas. [. Appearance/maintenance of parks],0.1943869725992863,Low,696
please rate citys performance following areas 09 prevention programs youth pals afterschool programming etc,Parks and Recreation. Please rate the City's performance in the following areas. [. Appearance/maintenance of parks],0.12845593605646727,Low,757
please rate citys performance following areas 10 mental health programs,Parks and Recreation. Please rate the City's performance in the following areas. [. Appearance/maintenance of parks],0.18242526165540526,Low,706
please rate citys performance following areas 11 quality volunteer disaster response programs community emergency response team,"Please rate your overall satisfaction with major categories of services provided by the City of [city name]. [. Overall quality of police, fire, and emergency medical services]",0.14795540380820288,Low,741
two public safety services listed think citys top priorities 1st,Which FOUR of the services listed above do you think should be the City's top priorities? [2nd:],0.5564401229252789,Medium,329
two public safety services listed think citys top priorities 2nd,Which FOUR of the services listed above do you think should be the City's top priorities? [2nd:],0.7873399499382644,High,104
please rate citys performance following areas 01 city parks appearance quality amenities,Parks and Recreation. Please rate the City's performance in the following areas. [. Appearance/maintenance of parks],0.6004844193070951,Medium,284
please rate citys performance following areas 02 recreation programs classes classes offered activities resources,Parks and Recreation. Please rate the City's performance in the following areas. [. Appearance/maintenance of parks],0.17408244853250016,Low,718
please rate citys performance following areas 03 rangevariety recreation programs classes,Parks and Recreation. Please rate the City's performance in the following areas. [. Appearance/maintenance of parks],0.2506104049944131,Low,651
please rate citys performance following areas 04 recreation centersfacilities appearance quality safety,Parks and Recreation. Please rate the City's performance in the following areas. [. Appearance/maintenance of parks],0.4783236760482092,Medium,419
please rate citys performance following areas 05 accessibility parks ease access home,Parks and Recreation. Please rate the City's performance in the following areas. [. Appearance/maintenance of parks],0.32674878547420705,Low,569
please rate citys performance following areas 06 accessibility recreation centersfacilities,Parks and Recreation. Please rate the City's performance in the following areas. [. Appearance/maintenance of parks],0.28196559245102326,Low,620
please rate citys performance following areas 07 appearancemaintenance parks,Parks and Recreation. Please rate the City's performance in the following areas. [. Appearance/maintenance of parks],0.4333599344993351,Low,461
please rate citys performance following areas 08 appearancemaintenance recreation centersfacilities,Parks and Recreation. Please rate the City's performance in the following areas. [. Appearance/maintenance of parks],0.27767743358682395,Low,626
please rate citys performance following areas 09 outdoor athletic facilities soccerbaseball fields tennis courts,"If you had a budget of $100 for services provided by the City of Riveria Beach, how would you allocate the funds among these categories? [Please be sure your total adds up to $100.] [Parks, Golf, and Open Spaces (including park, outdoor athletic fields and courts, trails, golf, open space, and trails.)]",0.23111965205837415,Low,663
please rate citys performance following areas 10 walking trails city access appearance quality,Parks and Recreation. Please rate the City's performance in the following areas. [. Appearance/maintenance of parks],0.38762684282479465,Low,518
please rate citys performance following areas 11 swimming facilities access appearance quality,Parks and Recreation. Please rate the City's performance in the following areas. [. Appearance/maintenance of parks],0.3616665702619172,Low,535
please rate citys performance following areas 12 ease registering city recreation programsevents,Parks and Recreation. Please rate the City's performance in the following areas. [. Appearance/maintenance of parks],0.2574181074603498,Low,646
please rate citys performance following areas 13 city golf courses,Parks and Recreation. Please rate the City's performance in the following areas. [. Appearance/maintenance of parks],0.20247372464966773,Low,688
three park recreation services listed think citys top priorities 1st,Which FOUR of the services listed above do you think should be the City's top priorities? [2nd:],0.5469860647731115,Medium,337
three park recreation services listed think citys top priorities 2nd,Which FOUR of the services listed above do you think should be the City's top priorities? [2nd:],0.7739245851353939,High,115
three park recreation services listed think citys top priorities 3rd,Which FOUR of the services listed above do you think should be the City's top priorities? [2nd:],0.5328036566056911,Medium,355
please rate citys performance following areas 01 enforcement multifamily building conditions,Parks and Recreation. Please rate the City's performance in the following areas. [. Appearance/maintenance of parks],0.15606614632917112,Low,736
please rate citys performance following areas 02 enforcement mowing weeds high grass private property,Please rate your satisfaction with each of the following code enforcement items. [. Enforcing the maintenance of commercial property in your neighborhood],0.211720201592112,Low,676
please rate citys performance following areas 03 enforcement blighted residential properties,Parks and Recreation. Please rate the City's performance in the following areas. [. Appearance/maintenance of parks],0.1620510782923722,Low,732
please rate citys performance following areas 04 enforcement sign regulations,Parks and Recreation. Please rate the City's performance in the following areas. [. Appearance/maintenance of parks],0.18295461914241606,Low,705
please rate citys performance following areas 05 city efforts remove junk motor vehicles inoperative private property,Parks and Recreation. Please rate the City's performance in the following areas. [. Appearance/maintenance of parks],0.12739969265052967,Low,759
please rate citys performance following areas 06 enforcement bulkbrush trash violations,Please rate your satisfaction with each of the following items concerning your trash service. [. City efforts to keep you informed about trash removal issues],0.24270073358331845,Low,656
please rate citys performance following areas 07 enforcement litter private property,Please rate your satisfaction with each of the following code enforcement items. [. Enforcing the maintenance of commercial property in your neighborhood],0.27682431122883155,Low,627
please rate citys performance following areas 08 city efforts survey abate mosquitos carrying viruses,Parks and Recreation. Please rate the City's performance in the following areas. [. Appearance/maintenance of parks],0.13678549010047975,Low,748
please rate citys performance following areas 09 enforcement food safety restaurants,Please rate your satisfaction with the following public safety services provided by the City of [city name]. [. The visibility of police in retail areas],0.2026627381609879,Low,687
please rate citys performance following areas 10 enforcement yard parking regulations neighborhood,Please rate your satisfaction with each of the following code enforcement items. [. Enforcing the maintenance of commercial property in your neighborhood],0.233606849184466,Low,661
two code enforcement services listed think citys top priorities 1st,Which FOUR of the services listed above do you think should be the City's top priorities? [2nd:],0.5329747207022668,Medium,353
two code enforcement services listed think citys top priorities 2nd,Which FOUR of the services listed above do you think should be the City's top priorities? [2nd:],0.7540460218214771,High,144
please rate citys performance following areas 1 garbage collections,Parks and Recreation. Please rate the City's performance in the following areas. [. Appearance/maintenance of parks],0.2001113849095895,Low,690
please rate citys performance following areas 2 recycling,Please rate your satisfaction with each of the following items concerning your recycling service. [. Overall quality of the City's curbside recycling program],0.458659667657954,Medium,438
please rate citys performance following areas 3 yard waste pickup,Parks and Recreation. Please rate the City's performance in the following areas. [. Appearance/maintenance of parks],0.19017618731635091,Low,698
please rate citys performance following areas 4 bulk trash pickup,Please rate your satisfaction with each of the following items concerning your trash service. [. City efforts to keep you informed about trash removal issues],0.2756806698906352,Low,629
please rate citys performance following areas 5 household hazardous waste disposal,Parks and Recreation. Please rate the City's performance in the following areas. [. Appearance/maintenance of parks],0.17526232564614674,Low,717
two solid waste services listed think citys top priorities 1st,Which FOUR of the services listed above do you think should be the City's top priorities? [2nd:],0.4809170854571662,Medium,413
two solid waste services listed think citys top priorities 2nd,Which FOUR of the services listed above do you think should be the City's top priorities? [2nd:],0.6802254394803321,High,213
please rate citys performance following areas 01 maintenance repair thoroughfares major streets,Please rate your satisfaction with each of the following maintenance items. [. Maintenance of major City streets],0.4502541330409885,Medium,446
please rate citys performance following areas 02 maintenance repair streets neighborhood,Please rate your satisfaction with each of the following maintenance items. [. Maintenance of major City streets],0.3855722409638781,Low,522
please rate citys performance following areas 03 street striping,Parks and Recreation. Please rate the City's performance in the following areas. [. Appearance/maintenance of parks],0.19552733920437104,Low,694
please rate citys performance following areas 04 street cleaning,Parks and Recreation. Please rate the City's performance in the following areas. [. Appearance/maintenance of parks],0.19552733920437104,Low,694
please rate citys performance following areas 05 street lighting,Parks and Recreation. Please rate the City's performance in the following areas. [. Appearance/maintenance of parks],0.20500280989831857,Low,684
please rate citys performance following areas 06 traffic signs signal operations,Parks and Recreation. Please rate the City's performance in the following areas. [. Appearance/maintenance of parks],0.1562012350020833,Low,735
please rate citys performance following areas 07 sidewalk maintenance,Parks and Recreation. Please rate the City's performance in the following areas. [. Appearance/maintenance of parks],0.31187562477506614,Low,586
please rate citys performance following areas 08 alley maintenance,Parks and Recreation. Please rate the City's performance in the following areas. [. Appearance/maintenance of parks],0.3041050800362879,Low,596
please rate citys performance following areas 09 curbs gutters,Parks and Recreation. Please rate the City's performance in the following areas. [. Appearance/maintenance of parks],0.18967101070078282,Low,699
please rate citys performance following areas 10 bike lanes city shared protected multiuse,Parks and Recreation. Please rate the City's performance in the following areas. [. Appearance/maintenance of parks],0.14622924260613854,Low,742
two street infrastructure services listed think citys top priorities 1st,Which FOUR of the services listed above do you think should be the City's top priorities? [2nd:],0.49447533075749084,Medium,394
two street infrastructure services listed think citys top priorities 2nd,Which FOUR of the services listed above do you think should be the City's top priorities? [2nd:],0.6994464869469789,High,193
please rate citys performance following areas 01 services seniors,Parks and Recreation. Please rate the City's performance in the following areas. [. Appearance/maintenance of parks],0.21426325364467355,Low,675
please rate citys performance following areas 02 services youth,Parks and Recreation. Please rate the City's performance in the following areas. [. Appearance/maintenance of parks],0.22692003945349198,Low,668
please rate citys performance following areas 03 services underserved communities including populations face barriers low income lower levels education limited english proficiency mental physical disabilities,What is your total annual household income?,0.11326795455201501,Low,767
please rate citys performance following areas 04 services unhoused residents,Parks and Recreation. Please rate the City's performance in the following areas. [. Appearance/maintenance of parks],0.18077117833085027,Low,711
please rate citys performance following areas 05 housing services programs home repair loan assistance neighborhood grants etc,The City is aware of a shortage of housing nationwide and locally. Different housing types not already offered in [city name] will help meet the needs of future generations in our community. Do you support the City facilitating more housing in [city name] through... [Fourplexes],0.13493025914347026,Low,752
please rate citys performance following areas 06 variety arts cultural programs,Parks and Recreation. Please rate the City's performance in the following areas. [. Appearance/maintenance of parks],0.17981119329885897,Low,712
please rate citys performance following areas 07 appearancemaintenance arts cultural centersfacilities,Parks and Recreation. Please rate the City's performance in the following areas. [. Appearance/maintenance of parks],0.16241953981517704,Low,731
please rate citys performance following areas 08 accessibility arts cultural centersfacilities,Parks and Recreation. Please rate the City's performance in the following areas. [. Appearance/maintenance of parks],0.16400267375340552,Low,728
please rate citys performance following areas 09 variety library materials,Parks and Recreation. Please rate the City's performance in the following areas. [. Appearance/maintenance of parks],0.1840828228004512,Low,704
please rate citys performance following areas 10 appearancemaintenance librariesfacilities,Parks and Recreation. Please rate the City's performance in the following areas. [. Appearance/maintenance of parks],0.18923188360616408,Low,701
please rate citys performance following areas 11 accessibility city facilitiesservices persons,How many persons in your household are employed in each of the following areas? [Within the City limits of [city name]:],0.2641222607086266,Low,640
please rate citys performance following areas 12 variety arts cultural programs,Parks and Recreation. Please rate the City's performance in the following areas. [. Appearance/maintenance of parks],0.18121722237291643,Low,709
please rate citys performance following areas 13 services seek address racial ethnic disparities,Parks and Recreation. Please rate the City's performance in the following areas. [. Appearance/maintenance of parks],0.13259581076297808,Low,754
customer service ,Please rate each of the following major categories of services provided by the City of [city name]. [. Overall quality of customer service you receive from City employees],0.5141468004258178,Medium,377
please rate performance city employees helped last time contacted city following areas 1 knowledge,Please rate the performance of the City employees who helped you the last time you contacted the City in the following areas. [. Courtesy],0.7610415245702948,High,135
please rate performance city employees helped last time contacted city following areas 2 responsiveness,Please rate the performance of the City employees who helped you the last time you contacted the City in the following areas. [. Courtesy],0.7716562766577357,High,116
please rate performance city employees helped last time contacted city following areas 3 courtesy,Please rate the performance of the City employees who helped you the last time you contacted the City in the following areas. [. Courtesy],1.0,High,3
please rate performance city employees helped last time contacted city following areas 4 overall,Please rate the performance of the City employees who helped you the last time you contacted the City in the following areas. [. Courtesy],0.8550532825964019,High,59
please rate level agreement following statements 1 pleased overall direction city [city name] taking,Please rate your level of agreement with each of the following statements. [. The City of [city name] is a safe community],0.5430696708990229,Medium,339
please rate level agreement following statements 2 city [city name] government welcomes resident involvement,Please rate your level of agreement with each of the following statements. [. The City of [city name] is a safe community],0.5115219795500354,Medium,382
please rate level agreement following statements 3 city [city name] government listens diverse range people,Please rate your level of agreement with each of the following statements. [. The City of [city name] is a safe community],0.4936495017882413,Medium,398
please rate level agreement following statements 4 employees city [city name] ethical way conduct city business,Please rate your level of agreement with each of the following statements. [. The City of [city name] is a safe community],0.5124375176257953,Medium,380
please rate level agreement following statements 5 government leaders city [city name] ethical way conduct business,Please rate your level of agreement with each of the following statements. [. The City of [city name] is a safe community],0.4719646422106134,Medium,426
please rate level agreement following statements 6 pleased direction city taking address racial ethnic disparities,Please rate your level of agreement with each of the following statements. [. The City of [city name] is a safe community],0.3979830997385286,Low,506
many years lived [city name] ,Which THREE of the City services listed in Question 1 do you think are most important for the City to emphasize over the next TWO years? [1st:],0.21673022675682657,Low,674
age ,What is your age?,1.0,High,3
gender ,What is your gender?,1.0,High,3
hispanic latino spanish origin ,"Which of the following best describes your race/ethnicity? [Hispanic, Spanish, or Latino/a/x]",0.5616832788056823,Medium,323
following best describes raceethnicity asian asian indian,Which of the following best describes your race/ethnicity? [American Indian or Alaska Native],0.2609765507723325,Low,642
following best describes raceethnicity black african american,Which of the following best describes your race/ethnicity? [American Indian or Alaska Native],0.32558684970278573,Low,570
following best describes raceethnicity american indian alaska native,Which of the following best describes your race/ethnicity? [American Indian or Alaska Native],0.774741671635878,High,113
following best describes raceethnicity white caucasian,Which of the following best describes your race/ethnicity? [Other],0.25999563311277574,Low,645
following best describes raceethnicity native hawaiian pacific islander,Which of the following best describes your race/ethnicity? [American Indian or Alaska Native],0.28589763925820416,Low,615
following best describes raceethnicity hispanic spanish latinoax,"Which of the following best describes your race/ethnicity? [Hispanic, Spanish, or Latino/a/x]",0.5283100531798128,Medium,360
following best describes raceethnicity korean,Which of the following best describes your race/ethnicity? [Other],0.311875547144661,Low,587
following best describes raceethnicity chinese,Which of the following best describes your race/ethnicity? [Other],0.311875547144661,Low,587
following best describes raceethnicity middle eastern north african,Which of the following best describes your race/ethnicity? [Other],0.20489096124442857,Low,685
following best describes raceethnicity slaviceastern european,Which of the following best describes your race/ethnicity? [Other],0.25717341980202624,Low,647
following best describes raceethnicity unknowndont know,Which of the following best describes your race/ethnicity? [Other],0.25717341980202624,Low,647
following best describes raceethnicity prefer say,Which of the following best describes your race/ethnicity? [Other],0.27190879910410415,Low,635
following best describes raceethnicity ,Which of the following best describes your race/ethnicity? [Other],0.4286585405591414,Low,466
please describe raceethnicity ,Which FOUR of the services listed above do you think should be the City's top priorities? [2nd:],0.0,Low,782
including many persons household age 12,"Including yourself, how many persons in your household are in each of the following age groups? [65-74 years:]",0.5574770283936532,Medium,328
including many persons household ages 1217,"Including yourself, how many persons in your household are in each of the following age groups? [65-74 years:]",0.33844561760093106,Low,556
including many persons household ages 1834,"Including yourself, how many persons in your household are in each of the following age groups? [65-74 years:]",0.33844561760093106,Low,556
including many persons household ages 3549,"Including yourself, how many persons in your household are in each of the following age groups? [65-74 years:]",0.33844561760093106,Low,556
including many persons household ages 5064,"Including yourself, how many persons in your household are in each of the following age groups? [65-74 years:]",0.33844561760093106,Low,556
including many persons household ages 65,"Including yourself, how many persons in your household are in each of the following age groups? [65-74 years:]",0.6110776640323115,Medium,273
primary language spoken home ,"Which of the following are your primary sources of information about City issues, services, and events?  [Other]",0.21113008613469486,Low,678
please define ,"Please define ""Other.""",1.0,High,3
total annual household income ,What is your total annual household income?,1.0,High,3
rent home ,Do you own or rent your current residence?,0.41949794249248334,Low,478
anyone household disabled ,What is your total annual household income?,0.14325764054933562,Low,745
anyone household member lgbtq community ,Major Categories of City Services. Please indicate whether you or any member of your household have used each of the following services in the past 12 months. [. Customer service provided by city employees],0.20785660729780092,Low,681
would willing participate future surveys sponsored city insertans8245x10302x182318comname ,The City is aware of a shortage of housing nationwide and locally. Different housing types not already offered in [city name] will help meet the needs of future generations in our community. Do you support the City facilitating more housing in [city name] through... [Fourplexes],0.08293806005890796,Low,773
please rate overall satisfaction major categories services provided city [city name] 01 overall quality police fire emergency medical services,"Please rate your overall satisfaction with major categories of services provided by the City of [city name]. [. Overall quality of police, fire, and emergency medical services]",0.9542832901060609,High,9
please rate overall satisfaction major categories services provided city [city name] 02 overall quality city parks recreation programs facilities,"Please rate your overall satisfaction with major categories of services provided by the City of [city name]. [. Overall quality of police, fire, and emergency medical services]",0.5874903882227486,Medium,295
please rate overall satisfaction major categories services provided city [city name] 03 overall maintenance city streets buildings facilities,Maintenance. Please rate your satisfaction with the following services provided by the City of [city name]. [. Condition of major City streets],0.5751035800735431,Medium,307
please rate overall satisfaction major categories services provided city [city name] 04 overall quality city water sewer utilities,"Please rate your overall satisfaction with major categories of services provided by the City of [city name]. [. Overall quality of police, fire, and emergency medical services]",0.5364425633216242,Medium,350
please rate overall satisfaction major categories services provided city [city name] 05 overall enforcement city codes ordinances,"Please rate your overall satisfaction with major categories of services provided by the City of [city name]. [. Overall quality of police, fire, and emergency medical services]",0.5133601900578004,Medium,379
please rate overall satisfaction major categories services provided city [city name] 06 overall quality customer service receive city employees,Please rate each of the following major categories of services provided by the City of [city name]. [. Overall quality of customer service you receive from City employees],0.9201511548038108,High,24
please rate overall satisfaction major categories services provided city [city name] 07 overall effectiveness city communication public,"Please rate your overall satisfaction with major categories of services provided by the City of [city name]. [. Overall quality of police, fire, and emergency medical services]",0.5413818745298522,Medium,341
please rate overall satisfaction major categories services provided city [city name] 08 overall quality citys stormwater runoffstormwater management system,"Please rate your overall satisfaction with major categories of services provided by the City of [city name]. [. Overall quality of police, fire, and emergency medical services]",0.508473119140831,Medium,384
please rate overall satisfaction major categories services provided city [city name] 09 overall flow traffic congestion management [city name],"Please rate your overall satisfaction with major categories of services provided by the City of [city name]. [. Overall quality of police, fire, and emergency medical services]",0.47488522061446253,Medium,423
please rate overall satisfaction major categories services provided city [city name] 10 overall quality city olathes solid waste system trash recycling yard waste,"Please rate your overall satisfaction with major categories of services provided by the City of [city name]. [. Overall quality of police, fire, and emergency medical services]",0.4125351356806035,Low,486
please rate overall satisfaction major categories services provided city [city name] 11 overall quality city libraries,"Please rate your overall satisfaction with major categories of services provided by the City of [city name]. [. Overall quality of police, fire, and emergency medical services]",0.6101911938505219,Medium,274
three major categories city services listed question 1 think receive emphasis city leaders next two years 1st,Which THREE of the items listed in Question 1 do you think should receive the MOST EMPHASIS from City leaders over the next TWO years? [2nd:],0.7174195864399799,High,179
three major categories city services listed question 1 think receive emphasis city leaders next two years 2nd,Which THREE of the items listed in Question 1 do you think should receive the MOST EMPHASIS from City leaders over the next TWO years? [2nd:],0.855211618509573,High,58
three major categories city services listed question 1 think receive emphasis city leaders next two years 3rd,Which THREE of the items listed in Question 1 do you think should receive the MOST EMPHASIS from City leaders over the next TWO years? [2nd:],0.7049912418606322,High,187
please rate satisfaction following items may influence perception city [city name] 01 overall quality services provided city [city name],Perceptions of the Community. Please rate your satisfaction with each of the following items that may influence your perception of the City of [city name]. [. Overall quality of life in the City],0.636893408747282,Medium,248
please rate satisfaction following items may influence perception city [city name] 02 overall image city,Perceptions of the Community. Please rate your satisfaction with each of the following items that may influence your perception of the City of [city name]. [. Overall quality of life in the City],0.5392553231566166,Medium,344
please rate satisfaction following items may influence perception city [city name] 03 overall quality life city,Perceptions of the Community. Please rate your satisfaction with each of the following items that may influence your perception of the City of [city name]. [. Overall quality of life in the City],0.7415284432202048,High,157
please rate satisfaction following items may influence perception city [city name] 04 overall quality neighborhood,Perceptions of the Community. Please rate your satisfaction with each of the following items that may influence your perception of the City of [city name]. [. Overall quality of life in the City],0.5976718459497414,Medium,287
please rate satisfaction following items may influence perception city [city name] 05 overall quality new residential development city,Perceptions of the Community. Please rate your satisfaction with each of the following items that may influence your perception of the City of [city name]. [. Overall quality of life in the City],0.500545361398236,Medium,388
please rate satisfaction following items may influence perception city [city name] 06 overall quality new commercial development city including architecture design,Perceptions of the Community. Please rate your satisfaction with each of the following items that may influence your perception of the City of [city name]. [. Overall quality of life in the City],0.39997832424515306,Low,505
please rate satisfaction following items may influence perception city [city name] 07 overall quality public education [city name],Perceptions of the Community. Please rate your satisfaction with each of the following items that may influence your perception of the City of [city name]. [. Overall quality of life in the City],0.5656239517265161,Medium,320
please rate satisfaction following items may influence perception city [city name] 08 overall value receive city tax dollars fees,Perceptions of the Community. Please rate your satisfaction with each of the following items that may influence your perception of the City of [city name]. [. Overall quality of life in the City],0.4049048963499536,Low,499
please rate satisfaction following items may influence perception city [city name] 09 citys efforts promote diversity community,Perceptions of the Community. Please rate your satisfaction with each of the following items that may influence your perception of the City of [city name]. [. Overall quality of life in the City],0.42833009509779757,Low,469
please rate satisfaction following items may influence perception city [city name] 10 overall quality downtown [city name],Perceptions of the Community. Please rate your satisfaction with each of the following items that may influence your perception of the City of [city name]. [. Overall quality of life in the City],0.5897165614478321,Medium,291
please rate satisfaction following items may influence perception city [city name] 11 overall sense community [city name],Perceptions of the Community. Please rate your satisfaction with each of the following items that may influence your perception of the City of [city name]. [. Overall quality of life in the City],0.5888577996683871,Medium,293
please rate satisfaction following items concerning city leadership 1 overall quality leadership provided citys elected officials,Please rate your satisfaction with each of the following items concerning city leadership. [. Overall quality of leadership provided by the City's elected officials],0.9792510523046245,High,6
please rate satisfaction following items concerning city leadership 2 overall effectiveness city manager appointed staff,Please rate your satisfaction with each of the following items concerning city leadership. [. Overall quality of leadership provided by the City's elected officials],0.4453661722230823,Low,454
please rate satisfaction following maintenance items 01 overall maintenance city streets,Please rate your satisfaction with each of the following maintenance items. [. Maintenance of major City streets],0.7948349765623259,High,102
please rate satisfaction following maintenance items 02 maintenance streets neighborhood,Please rate your satisfaction with each of the following maintenance items. [. Maintenance of major City streets],0.7389570353534176,High,160
please rate satisfaction following maintenance items 03 maintenance sidewalks [city name],Please rate your satisfaction with each of the following maintenance items. [. Maintenance of major City streets],0.6218792456067682,Medium,264
please rate satisfaction following maintenance items 04 cleanliness city buildings city hall community center etc,Please rate your satisfaction with each of the following maintenance items. [. Maintenance of major City streets],0.30922536198107003,Low,589
please rate satisfaction following maintenance items 05 snow removal major city streets,Please rate your satisfaction with each of the following maintenance items. [. Maintenance of major City streets],0.6164671081223783,Medium,266
please rate satisfaction following maintenance items 06 snow removal neighborhood streets,Please rate your satisfaction with each of the following maintenance items. [. Maintenance of major City streets],0.4617434588898758,Medium,435
please rate satisfaction following maintenance items 07 mowing trimming along city streets public areas,Please rate your satisfaction with each of the following maintenance items. [. Maintenance of major City streets],0.4781609443414948,Medium,421
please rate satisfaction following maintenance items 08 overall cleanliness city streets,Please rate your satisfaction with each of the following maintenance items. [. Maintenance of major City streets],0.556355748369372,Medium,330
please rate satisfaction following maintenance items 09 adequacy city street lighting,Please rate your satisfaction with each of the following maintenance items. [. Maintenance of major City streets],0.33887758194374773,Low,555
please rate satisfaction following maintenance items 10 maintenance curbs gutters city streets,Please rate your satisfaction with each of the following maintenance items. [. Maintenance of major City streets],0.613752093632825,Medium,271
please rate satisfaction following maintenance items 11 quality landscaping median city streets,Please rate your satisfaction with each of the following maintenance items. [. Maintenance of major City streets],0.4501707883931177,Medium,447
two city maintenance services listed question 5 think receive emphasis city leaders next two years 1st,Which THREE of the items listed in Question 1 do you think should receive the MOST EMPHASIS from City leaders over the next TWO years? [2nd:],0.7618699063619668,High,134
two city maintenance services listed question 5 think receive emphasis city leaders next two years 2nd,Which THREE of the items listed in Question 1 do you think should receive the MOST EMPHASIS from City leaders over the next TWO years? [2nd:],0.9083077203048268,High,33
please rate satisfaction following water services 1 water pressure typical day,Please rate your satisfaction with each of the following water services. [. Clarity of your tap water],0.5259215692455219,Medium,363
please rate satisfaction following water services 2 taste tap water,Please rate your satisfaction with each of the following water services. [. Clarity of your tap water],0.7625263588600042,High,132
please rate satisfaction following water services 3 smell tap water,Please rate your satisfaction with each of the following water services. [. Clarity of your tap water],0.7625263588600042,High,132
please rate satisfaction following water services 4 clarity tap water,Please rate your satisfaction with each of the following water services. [. Clarity of your tap water],1.0000000000000002,High,2
please rate satisfaction following water services 5 city keeps informed tap water quality issues,Please rate your satisfaction with each of the following water services. [. Clarity of your tap water],0.6681079514223036,High,221
please rate satisfaction following water services 6 well city keeps informed disruptions water service,Please rate your satisfaction with each of the following water services. [. Clarity of your tap water],0.5181679143894886,Medium,373
please rate satisfaction following water services 7 charged water,Please rate your satisfaction with each of the following water services. [. Clarity of your tap water],0.6712007817627414,High,219
please rate satisfaction following water services 8 overall quality water service,Please rate your satisfaction with each of the following water services. [. Clarity of your tap water],0.6693063007881778,High,220
dissatisfied ,Which FOUR of the services listed above do you think should be the City's top priorities? [2nd:],0.0,Low,782
please rate satisfaction following items concerning trash service 1 timeliness trash service,Please rate your satisfaction with each of the following items concerning your trash service. [. City efforts to keep you informed about trash removal issues],0.6617260799331895,High,224
please rate satisfaction following items concerning trash service 2 professionalism employees pick trash,Please rate your satisfaction with each of the following items concerning your trash service. [. City efforts to keep you informed about trash removal issues],0.600930510279825,Medium,283
please rate satisfaction following items concerning trash service 3 overall effort employees ensure trash removed,Please rate your satisfaction with each of the following items concerning your trash service. [. City efforts to keep you informed about trash removal issues],0.5294564056951336,Medium,359
please rate satisfaction following items concerning trash service 4 city efforts keep informed trash removal issues,Please rate your satisfaction with each of the following items concerning your trash service. [. City efforts to keep you informed about trash removal issues],1.0,High,3
please rate satisfaction following items concerning trash service 5 city efforts keep informed disruptions trash service,Please rate your satisfaction with each of the following items concerning your trash service. [. City efforts to keep you informed about trash removal issues],0.8001411840674065,High,100
please rate satisfaction following items concerning trash service 6 quickly city personnel respond trash service requests,Please rate your satisfaction with each of the following items concerning your trash service. [. City efforts to keep you informed about trash removal issues],0.5731798817093353,Medium,310
please rate satisfaction following items concerning trash service 7 charged trash service,Please rate your satisfaction with each of the following items concerning your trash service. [. City efforts to keep you informed about trash removal issues],0.6732060659965544,High,217
please rate satisfaction following items concerning trash service 8 overall quality trash service,Please rate your satisfaction with each of the following items concerning your trash service. [. City efforts to keep you informed about trash removal issues],0.6981038571104698,High,197
please rate satisfaction following items concerning trash service 9 bulky item pick upremoval services old furniture appliances etc,Please rate your satisfaction with each of the following items concerning your trash service. [. City efforts to keep you informed about trash removal issues],0.31546548957136467,Low,582
dissatisfied ,Which FOUR of the services listed above do you think should be the City's top priorities? [2nd:],0.0,Low,782
please rate satisfaction following items concerning recycling service 1 timeliness recycling pickups,Please rate your satisfaction with each of the following items concerning your recycling service. [. Overall quality of the City's curbside recycling program],0.6350174838805499,Medium,250
please rate satisfaction following items concerning recycling service 2 professionalism employees pick items recycled,Please rate your satisfaction with each of the following items concerning your recycling service. [. Overall quality of the City's curbside recycling program],0.4626453805061782,Medium,434
please rate satisfaction following items concerning recycling service 3 overall effort employees ensure recycling pickup complete,Please rate your satisfaction with each of the following items concerning your recycling service. [. Overall quality of the City's curbside recycling program],0.5641311277264821,Medium,321
please rate satisfaction following items concerning recycling service 4 well city keeps informed curbside recycling issues,Please rate your satisfaction with each of the following items concerning your recycling service. [. Overall quality of the City's curbside recycling program],0.7242411787194565,High,174
please rate satisfaction following items concerning recycling service 5 quickly city personnel respond requests curbside recycling,Please rate your satisfaction with each of the following items concerning your recycling service. [. Overall quality of the City's curbside recycling program],0.679758995506118,High,214
please rate satisfaction following items concerning recycling service 6 overall quality citys curbside recycling program,Please rate your satisfaction with each of the following items concerning your recycling service. [. Overall quality of the City's curbside recycling program],0.9766180977932544,High,7
please rate satisfaction following items concerning recycling service 7 household hazardous waste disposal service oil paint etc,Please rate your satisfaction with each of the following items concerning your recycling service. [. Overall quality of the City's curbside recycling program],0.417741633112263,Low,479
dissatisfied ,Which FOUR of the services listed above do you think should be the City's top priorities? [2nd:],0.0,Low,782
please rate satisfaction following transportation items 1 ease northsouth travel [city name] car,Please rate each of the following characteristics as they relate to [city name] as a whole. [. Ease of air travel in [city name]],0.3789102071113693,Low,527
please rate satisfaction following transportation items 2 ease eastwest travel [city name] car,Please rate each of the following characteristics as they relate to [city name] as a whole. [. Ease of air travel in [city name]],0.3789102071113693,Low,527
please rate satisfaction following transportation items 3 ease travel bicycle [city name],Please rate each of the following characteristics as they relate to [city name] as a whole. [. Ease of air travel in [city name]],0.446901408997413,Low,450
please rate satisfaction following transportation items 4 ease pedestrian travel [city name],Please rate each of the following characteristics as they relate to [city name] as a whole. [. Ease of air travel in [city name]],0.42836802973026966,Low,468
please rate satisfaction following transportation items 5 reliability traffic signal timing progression,"To meet the needs of future generations, the City is considering changes to the transportation infrastructure and network to better accommodate walking, biking, using public transit and charging electric vehicles. Do you support the City's transportation network to better accommodate multimodal transportation by... [Providing safe walking options to and from home, work, school, parks, grocery stores, etc.]",0.11839448262393662,Low,765
two transportation services listed question 10 think receive emphasis city leaders next two years 1st,Which THREE of the items listed in Question 1 do you think should receive the MOST EMPHASIS from City leaders over the next TWO years? [2nd:],0.6907290324333418,High,199
two transportation services listed question 10 think receive emphasis city leaders next two years 2nd,Which THREE of the items listed in Question 1 do you think should receive the MOST EMPHASIS from City leaders over the next TWO years? [2nd:],0.8268622257168411,High,81
please answer either yes following questions 1 sidewalkstrails,Please rate your satisfaction with each of the following communication items. [. The quality of the City's website],0.01737788408126826,Low,780
please answer either yes following questions 2 bike lanes bike facilities,Please indicate how the City of [city name] compares to other cities in Des Moines metro areas in the following areas. [. City facilities],0.08850202386780226,Low,771
please answer either yes following questions 3 streets,Please rate your satisfaction with each of the following maintenance items. [. Maintenance of major City streets],0.167809115615424,Low,725
please answer either yes following questions 4 public transportation,"To meet the needs of future generations, the City is considering changes to the transportation infrastructure and network to better accommodate walking, biking, using public transit and charging electric vehicles. Do you support the City's transportation network to better accommodate multimodal transportation by... [Providing safe walking options to and from home, work, school, parks, grocery stores, etc.]",0.1846395073362238,Low,703
please answer either yes following questions 5 rideshare applications uber lyft etc,Please rate your satisfaction with each of the following communication items. [. The quality of the City's website],0.012444286113758373,Low,781
please rate satisfaction following code enforcement items 1 enforcing cleanup debris private property,Please rate your satisfaction with each of the following code enforcement items. [. Enforcing the maintenance of commercial property in your neighborhood],0.5399773145607001,Medium,343
please rate satisfaction following code enforcement items 2 enforcing mowing cutting weeds private property,Please rate your satisfaction with each of the following code enforcement items. [. Enforcing the maintenance of commercial property in your neighborhood],0.5059154388941433,Medium,387
please rate satisfaction following code enforcement items 3 enforcing exterior maintenance residential property,Please rate your satisfaction with each of the following code enforcement items. [. Enforcing the maintenance of commercial property in your neighborhood],0.6504913652567377,High,237
please rate satisfaction following code enforcement items 4 enforcing exterior maintenance business property,Please rate your satisfaction with each of the following code enforcement items. [. Enforcing the maintenance of commercial property in your neighborhood],0.6524589752981924,High,233
please rate satisfaction following code enforcement items 5 enforcing sign regulations,Please rate your satisfaction with each of the following code enforcement items. [. Enforcing the maintenance of commercial property in your neighborhood],0.4934635008884383,Medium,399
please rate satisfaction following code enforcement items 6 professionalism code enforcement employees,Please rate your satisfaction with each of the following code enforcement items. [. Enforcing the maintenance of commercial property in your neighborhood],0.48060483980741875,Medium,414
two code enforcement services think receive emphasis city leaders next two years 1st,Which THREE of the items listed in Question 1 do you think should receive the MOST EMPHASIS from City leaders over the next TWO years? [2nd:],0.5710713261352938,Medium,312
two code enforcement services think receive emphasis city leaders next two years 2nd,Which THREE of the items listed in Question 1 do you think should receive the MOST EMPHASIS from City leaders over the next TWO years? [2nd:],0.7212981438329772,High,176
please rate satisfaction following parks recreation items 01 maintenance city parks,Please rate your satisfaction with each of the following parks and recreation items. [. Number of city parks],0.7831989714192577,High,107
please rate satisfaction following parks recreation items 02 number city parks,Please rate your satisfaction with each of the following parks and recreation items. [. Number of city parks],0.9119949218613665,High,30
please rate satisfaction following parks recreation items 03 number walking biking trails,Please rate your satisfaction with each of the park services listed. [. Number of walking and biking trails in the City],0.7055695694413882,High,186
please rate satisfaction following parks recreation items 04 maintenance walking biking trails,Please rate your satisfaction with each of the park services listed. [. Number of walking and biking trails in the City],0.6145646381391585,Medium,270
please rate satisfaction following parks recreation items 05 city swimming pools,Please rate your satisfaction with each of the following parks and recreation items. [. Number of city parks],0.4687465675827432,Medium,428
please rate satisfaction following parks recreation items 06 quality outdoor athletic fields,Please rate your satisfaction with each of the following parks and recreation items. [. Number of city parks],0.413007899025739,Low,485
please rate satisfaction following parks recreation items 07 senior recreation opportunities,Please rate your satisfaction with each of the following parks and recreation items. [. Number of city parks],0.5207189665911316,Medium,368
please rate satisfaction following parks recreation items 08 citys youth athletic programs,Please rate your satisfaction with each of the following parks and recreation items. [. Number of city parks],0.43185521797946447,Low,464
please rate satisfaction following parks recreation items 09 citys adult athletic programs,Please rate your satisfaction with each of the following parks and recreation items. [. Number of city parks],0.42813359423430775,Low,470
please rate satisfaction following parks recreation items 10 city recreation programs classes special population trips special events,Please rate your satisfaction with each of the following parks and recreation items. [. Number of city parks],0.34028732837846515,Low,552
please rate satisfaction following parks recreation items 11 ease registering programs,Please rate your satisfaction with each of the following parks and recreation items. [. Number of city parks],0.443342103411616,Low,456
please rate satisfaction following parks recreation items 12 fees charged recreation programs,Please rate your satisfaction with each of the following parks and recreation items. [. Number of city parks],0.49685237471032995,Medium,390
please rate satisfaction following parks recreation items 13 special events sponsored city park concerts amp july 4th fireworks,Please rate your satisfaction with each of the following parks and recreation items. [. Number of city parks],0.27663337669657695,Low,628
please rate satisfaction following parks recreation items 14 quality citys indoor recreation facilities,Please rate your satisfaction with each of the following parks and recreation items. [. Number of city parks],0.4840008835924694,Medium,410
please rate satisfaction following parks recreation items 15 condition restrooms public parks,Please rate your satisfaction with each of the following parks and recreation items. [. Number of city parks],0.5886189961107617,Medium,294
please rate satisfaction following parks recreation items 16 quality [city name] parks recreation activity guide,Please rate your satisfaction with each of the following parks and recreation items. [. Number of city parks],0.6028173368549469,Medium,282
please rate satisfaction following parks recreation items 17 condition maintenance [city name] memorial cemetery located intersection harold northgate,Please rate your satisfaction with each of the following parks and recreation items. [. Number of city parks],0.2845861409745932,Low,616
please rate satisfaction following parks recreation items 18 quality services provided [city name] memorial cemetery,Please rate your satisfaction with each of the following parks and recreation items. [. Number of city parks],0.40669011037841585,Low,495
please rate satisfaction following parks recreation items 19 professionalism parks recreation employees,Please rate your satisfaction with each of the following parks and recreation items. [. Number of city parks],0.651170664870529,High,236
two parks recreation items listed question 15 think receive emphasis city leaders next two years 1st,Which THREE of the items listed in Question 1 do you think should receive the MOST EMPHASIS from City leaders over the next TWO years? [2nd:],0.7036108795614537,High,190
two parks recreation items listed question 15 think receive emphasis city leaders next two years 2nd,Which THREE of the items listed in Question 1 do you think should receive the MOST EMPHASIS from City leaders over the next TWO years? [2nd:],0.835266337976322,High,75
please rate satisfaction following wastewater items 1 odor city wastewater treatment centers,"For the items you selected, how would you rate the overall performance? [. Sewer services (e.g., sanitary sewer/wastewater)]",0.2996441057140483,Low,603
please rate satisfaction following wastewater items 2 overall quality citys wastewater system,"For the items you selected, how would you rate the overall performance? [. Sewer services (e.g., sanitary sewer/wastewater)]",0.4115188957554084,Low,489
please rate satisfaction following wastewater items 3 charged wastewater services,"For the items you selected, how would you rate the overall performance? [. Sewer services (e.g., sanitary sewer/wastewater)]",0.3845865891706413,Low,524
sewer backup home past year ,"For the items you selected, how would you rate the overall performance? [. Sewer services (e.g., sanitary sewer/wastewater)]",0.3479583678252209,Low,546
backup caused problems citys system ,Which FOUR of the services listed above do you think should be the City's top priorities? [2nd:],0.0,Low,782
city respond promptly requests service ,Please rate each of the following major categories of services provided by the City of [city name]. [. Overall quality of customer service you receive from City employees],0.1667808887189494,Low,727
problem resolved satisfaction ,Please rate your satisfaction with each of the park services listed. [. The number of City parks],0.05572806486499987,Low,779
please rate [city name] regard following 1 place live,Please rate the City of [city name] with regard to the following. [. As a place to live],0.984911999145399,High,5
please rate [city name] regard following 2 place raise children,Please rate the City of [city name] with regard to the following. [. As a place to live],0.5661757380239422,Medium,319
please rate [city name] regard following 3 place work,Please rate the City of [city name] with regard to the following. [. As a place to live],0.7480661428404553,High,150
please rate [city name] regard following 4 place would buy next home,Please rate the City of [city name] with regard to the following. [. As a place to live],0.5676362183243681,Medium,316
1 talked connected neighbors past 6 months ,Major Categories of City Services. Please indicate whether you or any member of your household have used each of the following services in the past 12 months. [. Customer service provided by city employees],0.15782588904145808,Low,733
2 volunteered time past 6 months ,Major Categories of City Services. Please indicate whether you or any member of your household have used each of the following services in the past 12 months. [. Customer service provided by city employees],0.19838887919838608,Low,692
3 able get help either family friends neighbors time need ,Please rate the performance of the City employees who helped you the last time you contacted the City in the following areas. [. Courtesy],0.12146738289298592,Low,762
4 [city name] provide opportunities connect others ,Maintenance. Please rate your satisfaction with the following services provided by the City of [city name]. [. Condition of major City streets],0.06500457395992286,Low,776
thinking life please check following obstacles barriers make difficult involved community inflexible demanding work schedule,"Thinking of your own life, please check if any of the following obstacles or barriers make it difficult for you to be involved with your community. [None]",0.7443492758177855,High,154
thinking life please check following obstacles barriers make difficult involved community inadequate childcare,"Thinking of your own life, please check if any of the following obstacles or barriers make it difficult for you to be involved with your community. [None]",0.8401042021614397,High,71
thinking life please check following obstacles barriers make difficult involved community inadequate transportation,"Thinking of your own life, please check if any of the following obstacles or barriers make it difficult for you to be involved with your community. [None]",0.8771103580285311,High,47
thinking life please check following obstacles barriers make difficult involved community feeling somewhat unwelcome,"Thinking of your own life, please check if any of the following obstacles or barriers make it difficult for you to be involved with your community. [None]",0.7776639042378625,High,111
thinking life please check following obstacles barriers make difficult involved community concerns safety,"Thinking of your own life, please check if any of the following obstacles or barriers make it difficult for you to be involved with your community. [None]",0.8740614611418992,High,51
thinking life please check following obstacles barriers make difficult involved community lack information,"Thinking of your own life, please check if any of the following obstacles or barriers make it difficult for you to be involved with your community. [None]",0.8776717458607659,High,46
thinking life please check following obstacles barriers make difficult involved community feeling cant make difference,"Thinking of your own life, please check if any of the following obstacles or barriers make it difficult for you to be involved with your community. [None]",0.8398090259355375,High,73
thinking life please check following obstacles barriers make difficult involved community inadequate healthcare,"Thinking of your own life, please check if any of the following obstacles or barriers make it difficult for you to be involved with your community. [None]",0.8401042021614397,High,71
thinking life please check following obstacles barriers make difficult involved community inadequate resourcesincome,"Thinking of your own life, please check if any of the following obstacles or barriers make it difficult for you to be involved with your community. [None]",0.8401042021614397,High,71
thinking life please check following obstacles barriers make difficult involved community none,"Thinking of your own life, please check if any of the following obstacles or barriers make it difficult for you to be involved with your community. [None]",1.0000000000000002,High,2
would describe overall state health ,"Please rate your overall satisfaction with major categories of services provided by the City of [city name]. [. Overall quality of police, fire, and emergency medical services]",0.12209676125723139,Low,761
generally speaking happy would say ,Which FOUR of the services listed above do you think should be the City's top priorities? [2nd:],0.0,Low,782
please rate satisfaction following public safety services provided city [city name] 01 visibility police neighborhoods,Please rate your satisfaction with the following public safety services provided by the City of [city name]. [. The visibility of police in retail areas],0.717178054459802,High,180
please rate satisfaction following public safety services provided city [city name] 02 visibility police retail areas,Please rate your satisfaction with the following public safety services provided by the City of [city name]. [. The visibility of police in retail areas],0.9387331391395802,High,15
please rate satisfaction following public safety services provided city [city name] 03 citys efforts prevent crime,Please rate your satisfaction with the following public safety services provided by the City of [city name]. [. The visibility of police in retail areas],0.3896119860886546,Low,515
please rate satisfaction following public safety services provided city [city name] 04 quickly police respond emergencies,Please rate your satisfaction with the following public safety services provided by the City of [city name]. [. The visibility of police in retail areas],0.4958633891035704,Medium,392
please rate satisfaction following public safety services provided city [city name] 05 enforcement local traffic laws,Please rate your satisfaction with the following public safety services provided by the City of [city name]. [. The visibility of police in retail areas],0.38891438673457285,Low,516
please rate satisfaction following public safety services provided city [city name] 06 overall quality local police protection,Please rate your satisfaction with the following public safety services provided by the City of [city name]. [. The visibility of police in retail areas],0.5109486000792041,Medium,383
please rate satisfaction following public safety services provided city [city name] 07 quickly fireemergency medical services personnel respond emergencies,Please rate your satisfaction with the following public safety services provided by the City of [city name]. [. The visibility of police in retail areas],0.3369396287808669,Low,558
please rate satisfaction following public safety services provided city [city name] 08 overall quality local fire protectionemergency medical services,"Please rate your overall satisfaction with major categories of services provided by the City of [city name]. [. Overall quality of police, fire, and emergency medical services]",0.49266045572695044,Medium,401
please rate satisfaction following public safety services provided city [city name] 09 quality animal control,Please rate your satisfaction with the following public safety services provided by the City of [city name]. [. The visibility of police in retail areas],0.41331884582783945,Low,484
please rate satisfaction following public safety services provided city [city name] 10 professionalism employees fireemergency medical services,Please rate your satisfaction with the following public safety services provided by the City of [city name]. [. The visibility of police in retail areas],0.39154778781586325,Low,513
please rate satisfaction following public safety services provided city [city name] 11 professionalism employees police department,Please rate your satisfaction with the following public safety services provided by the City of [city name]. [. The visibility of police in retail areas],0.4930165326289271,Medium,400
two public safety items listed question 21 think receive emphasis city leaders next two years 1st,Which THREE of the items listed in Question 1 do you think should receive the MOST EMPHASIS from City leaders over the next TWO years? [2nd:],0.6812740247423681,High,211
two public safety items listed question 21 think receive emphasis city leaders next two years 2nd,Which THREE of the items listed in Question 1 do you think should receive the MOST EMPHASIS from City leaders over the next TWO years? [2nd:],0.8087068373609988,High,96
01 currently child enrolled [city name] public school ,Please CHECK ALL of the following information sources you are currently using in daily life. [Other],0.16389424383647797,Low,729
02 household members visited downtown [city name] past year ,Please CHECK ALL of the following that you have done in [city name] over the past year. [Visited City government offices],0.40306082065484117,Low,501
03 household members visited [city name] library past year ,Please CHECK ALL of the following that you have done in [city name] over the past year. [Visited City government offices],0.4121576574118518,Low,488
04 household members called visited done business building codes division ,Please CHECK ALL of the following that you have done in [city name] over the past year. [Visited City government offices],0.13587102639181076,Low,751
05 household members visited citys website olatheks ,Please rate your satisfaction with each of the following communication items. [. The quality of the City's website],0.2414304101073362,Low,657
06 household members read citys newsletter olathelink past year ,Please CHECK ALL of the following information sources you have used to get information about the City of [city name] during the past year. [Other],0.16265259860340647,Low,730
07 household members called 911 past year ,Please CHECK ALL of the following information sources you have used to get information about the City of [city name] during the past year. [Other],0.18644435386384023,Low,702
08 household members visited city park used city walkingbiking trail past year ,Please CHECK ALL of the following that you have done in [city name] over the past year. [Visited City government offices],0.3446233055393312,Low,550
09 household members visited indooroutdoor city recreation facilitypool past year ,Please CHECK ALL of the following that you have done in [city name] over the past year. [Visited City government offices],0.32972870102730856,Low,567
10 household members participated city recreation program class past year ,Please CHECK ALL of the following information sources you have used to get information about the City of [city name] during the past year. [Other],0.19571236729483854,Low,693
11 household members usedread digital version [city name] parks recreation activity guide past year ,Please rate your satisfaction with each of the following parks and recreation items. [. Number of city parks],0.22194179237670048,Low,671
12 aware citys online customer request system [city name] connect ,Major Categories of City Services. Please indicate whether you or any member of your household have used each of the following services in the past 12 months. [. Customer service provided by city employees],0.21155860432339288,Low,677
please indicate likely would recommend community 1 recommend community place live,Please indicate how likely you would be to recommend your community. [. Recommend the community as a place to live],1.0,High,3
please indicate likely would recommend community 2 recommend community place business,Please indicate how likely you would be to recommend your community. [. Recommend the community as a place to live],0.9194348499299712,High,25
please indicate likely would recommend community 3 recommend community moving right direction,Please indicate how likely you would be to recommend your community. [. Recommend the community as a place to live],0.7461918214620673,High,152
would recommend community ,Please indicate how likely you would be to recommend your community. [. Recommend the community as a place to live],0.82995645209359,High,79
following best describes raceethnicity asian asian indian,Which of the following best describes your race/ethnicity? [American Indian or Alaska Native],0.2609765507723325,Low,642
following best describes raceethnicity black african american,Which of the following best describes your race/ethnicity? [American Indian or Alaska Native],0.32558684970278573,Low,570
following best describes raceethnicity american indian alaska native,Which of the following best describes your race/ethnicity? [American Indian or Alaska Native],0.774741671635878,High,113
following best describes raceethnicity white,Which of the following best describes your race/ethnicity? [Other],0.3169483585617656,Low,580
following best describes raceethnicity native hawaiian pacific islander,Which of the following best describes your race/ethnicity? [American Indian or Alaska Native],0.28589763925820416,Low,615
following best describes raceethnicity hispanic spanish latinoax,"Which of the following best describes your race/ethnicity? [Hispanic, Spanish, or Latino/a/x]",0.5283100531798128,Medium,360
following best describes raceethnicity ,Which of the following best describes your race/ethnicity? [Other],0.4286585405591414,Low,466
please describe raceethnicity ,Which FOUR of the services listed above do you think should be the City's top priorities? [2nd:],0.0,Low,782
following best describes current employment status ,Do you own or rent your current residence?,0.2602621753521063,Low,644
zip code work ,Please rate your satisfaction with each of the following code enforcement items. [. Enforcing the maintenance of commercial property in your neighborhood],0.17005952953456288,Low,723
age ,What is your age?,1.0,High,3
rent current residence ,Do you own or rent your current residence?,1.0000000000000004,High,1
members household hearing disability ,What is your total annual household income?,0.0954953703959844,Low,769
would say total annual household income ,What is your total annual household income?,0.8746105400596242,High,50
gender ,What is your gender?,1.0,High,3
would interested learning olathes survey research panel ,Which FOUR of the services listed above do you think should be the City's top priorities? [2nd:],0.0,Low,782
please rate satisfaction following 1 overall quality city services,"Please rate your overall satisfaction with major categories of services provided by the City of [city name]. [. Overall quality of police, fire, and emergency medical services]",0.5954512141579712,Medium,290
please rate satisfaction following 2 overall feeling safety city,Please rate your satisfaction with the following public safety services provided by the City of [city name]. [. The visibility of police in retail areas],0.2909131978381899,Low,611
please rate satisfaction following 3 overall value receive city tax dollars fees,Please rate each of the following major categories of services provided by the City of [city name]. [. Overall quality of customer service you receive from City employees],0.20674125060131207,Low,682
please rate satisfaction following 4 overall image city,"Please rate your overall satisfaction with major categories of services provided by the City of [city name]. [. Overall quality of police, fire, and emergency medical services]",0.2734282438985944,Low,632
please rate satisfaction following 5 well city planning growth,Maintenance. Please rate your satisfaction with the following services provided by the City of [city name]. [. Condition of major City streets],0.17367001752491137,Low,720
please rate satisfaction following 6 overall quality life city,Perceptions of the Community. Please rate your satisfaction with each of the following items that may influence your perception of the City of [city name]. [. Overall quality of life in the City],0.5773922913041929,Medium,305
please rate satisfaction following 7 [city name] welcoming community people diverse backgrounds,Perceptions of the Community. Please rate your satisfaction with each of the following items that may influence your perception of the City of [city name]. [. Overall quality of life in the City],0.17822584883145542,Low,714
please rate satisfaction services listed 01 overall quality fire emergency medical services,"Please rate your overall satisfaction with major categories of services provided by the City of [city name]. [. Overall quality of police, fire, and emergency medical services]",0.6902370173545145,High,201
please rate satisfaction services listed 02 overall quality police services,"Please rate your overall satisfaction with major categories of services provided by the City of [city name]. [. Overall quality of police, fire, and emergency medical services]",0.5378045904663712,Medium,349
please rate satisfaction services listed 03 overall quality recreation programs facilities,"Please rate your overall satisfaction with major categories of services provided by the City of [city name]. [. Overall quality of police, fire, and emergency medical services]",0.29997020561641224,Low,602
please rate satisfaction services listed 04 overall maintenance city buildings facilities,Please rate your satisfaction with each of the following maintenance items. [. Maintenance of major City streets],0.32214503446898013,Low,575
please rate satisfaction services listed 05 overall enforcement property code violations eg regulation weed control junk cars trash yards,Please rate your satisfaction with each of the following code enforcement items. [. Enforcing the maintenance of commercial property in your neighborhood],0.24962884098397412,Low,652
please rate satisfaction services listed 06 overall quality customer service receive city employees,Please rate each of the following major categories of services provided by the City of [city name]. [. Overall quality of customer service you receive from City employees],0.7294761788890856,High,169
please rate satisfaction services listed 07 overall effectiveness city communication public,Please rate your satisfaction with each of the following communication items. [. The quality of the City's website],0.3532744239786343,Low,541
please rate satisfaction services listed 08 overall quality city water services,Please rate your satisfaction with each of the following water services. [. Clarity of your tap water],0.47975137702552856,Medium,416
please rate satisfaction services listed 09 overall quality citys sanitary sewer system,"For the items you selected, how would you rate the overall performance? [. Sewer services (e.g., sanitary sewer/wastewater)]",0.6270053832340015,Medium,258
please rate satisfaction services listed 10 overall quality citys stormwater drainage system,"Please rate your overall satisfaction with major categories of services provided by the City of [city name]. [. Overall quality of police, fire, and emergency medical services]",0.2664546669620852,Low,639
please rate satisfaction services listed 11 overall flow traffic city,Please rate your satisfaction with each of the park services listed. [. The number of City parks],0.27299849684467875,Low,633
please rate satisfaction services listed 12 overall quality city streets system,"Please rate your overall satisfaction with major categories of services provided by the City of [city name]. [. Overall quality of police, fire, and emergency medical services]",0.40747857230735895,Low,494
please rate satisfaction services listed 13 overall quality city sidewalk trail system,"Please rate your overall satisfaction with major categories of services provided by the City of [city name]. [. Overall quality of police, fire, and emergency medical services]",0.29213711704652257,Low,610
please rate satisfaction services listed 14 overall quality maintenance city parks,Please rate your satisfaction with each of the park services listed. [. The number of City parks],0.45343936733793516,Medium,444
two items listed think receive emphasis city leaders next two years 1st,Which THREE of the items listed in Question 1 do you think should receive the MOST EMPHASIS from City leaders over the next TWO years? [2nd:],0.7647873684306101,High,128
two items listed think receive emphasis city leaders next two years 2nd,Which THREE of the items listed in Question 1 do you think should receive the MOST EMPHASIS from City leaders over the next TWO years? [2nd:],0.9338719003794776,High,17
please rate satisfaction public safety services listed 1 overall quality local fire protection,Please rate your satisfaction with the following public safety services provided by the City of [city name]. [. The visibility of police in retail areas],0.30343635118037804,Low,597
please rate satisfaction public safety services listed 2 quickly firefighters respond emergencies,Please rate your satisfaction with the following public safety services provided by the City of [city name]. [. The visibility of police in retail areas],0.24961167831389086,Low,653
please rate satisfaction public safety services listed 3 quality emergency medical services,"Please rate your overall satisfaction with major categories of services provided by the City of [city name]. [. Overall quality of police, fire, and emergency medical services]",0.5854885869236879,Medium,296
please rate satisfaction public safety services listed 4 quickly emergency medical services respond emergencies,"Please rate your overall satisfaction with major categories of services provided by the City of [city name]. [. Overall quality of police, fire, and emergency medical services]",0.41404351153923447,Low,483
please rate satisfaction public safety services listed 5 overall quality local police protection,Please rate your satisfaction with the following public safety services provided by the City of [city name]. [. The visibility of police in retail areas],0.4063845114428558,Low,496
please rate satisfaction public safety services listed 6 quickly police respond emergencies,Please rate your satisfaction with the following public safety services provided by the City of [city name]. [. The visibility of police in retail areas],0.3917720133406221,Low,512
please rate satisfaction public safety services listed 7 overall competence police department employees,Please rate your satisfaction with the following public safety services provided by the City of [city name]. [. The visibility of police in retail areas],0.3608191103062618,Low,536
please rate satisfaction public safety services listed 8 officers attitudes professionalism toward citizens,Please rate your satisfaction with the following public safety services provided by the City of [city name]. [. The visibility of police in retail areas],0.23089018789092747,Low,664
please rate satisfaction public safety services listed 9 police departments ongoing efforts build trust community,Please rate your satisfaction with the following public safety services provided by the City of [city name]. [. The visibility of police in retail areas],0.27920417199115755,Low,624
two public safety items listed think receive emphasis city leaders next two years 1st,Which THREE of the items listed in Question 1 do you think should receive the MOST EMPHASIS from City leaders over the next TWO years? [2nd:],0.6816407865492172,High,210
two public safety items listed think receive emphasis city leaders next two years 2nd,Which THREE of the items listed in Question 1 do you think should receive the MOST EMPHASIS from City leaders over the next TWO years? [2nd:],0.8321028364994421,High,77
additional services would like see offered police department fire district ,"Please rate your overall satisfaction with major categories of services provided by the City of [city name]. [. Overall quality of police, fire, and emergency medical services]",0.1439380944978022,Low,744
visited [city name] park past year ,Please CHECK ALL of the following that you have done in [city name] over the past year. [Visited City government offices],0.5598151181557255,Medium,325
member family participated [city name] recreation program past year ,Please CHECK ALL of the following information sources you have used to get information about the City of [city name] during the past year. [Other],0.2186069980501906,Low,673
used [city name] trail past year ,Please CHECK ALL of the following information sources you have used to get information about the City of [city name] during the past year. [Other],0.4742191292539538,Medium,424
please rate satisfaction park services listed 01 maintenance city parks,Please rate your satisfaction with each of the park services listed. [. The number of City parks],0.7176851196891072,High,178
please rate satisfaction park services listed 02 number city parks,Please rate your satisfaction with each of the park services listed. [. The number of City parks],0.8867839790651068,High,38
please rate satisfaction park services listed 03 maintenance city park restrooms shelters,Please rate your satisfaction with each of the park services listed. [. The number of City parks],0.5139311501889392,Medium,378
please rate satisfaction park services listed 04 number city park restrooms shelters,Please rate your satisfaction with each of the park services listed. [. The number of City parks],0.6256839023025071,Medium,260
please rate satisfaction park services listed 05 maintenance walking biking trails city,Please rate your satisfaction with each of the park services listed. [. Number of walking and biking trails in the City],0.8498200517368001,High,63
please rate satisfaction park services listed 06 number walking biking trails city,Please rate your satisfaction with each of the park services listed. [. Number of walking and biking trails in the City],0.9382851221219907,High,16
please rate satisfaction park services listed 07 safety trails parks city,Please rate your satisfaction with each of the park services listed. [. The number of City parks],0.6253792293744236,Medium,261
please rate satisfaction park services listed 08 crown point community center,Please rate your satisfaction with each of the park services listed. [. The number of City parks],0.340155030912153,Low,553
please rate satisfaction park services listed 09 simpson barn,Please rate your satisfaction with each of the park services listed. [. The number of City parks],0.3874629737062262,Low,519
please rate satisfaction park services listed 10 lew clarkson park,Please rate your satisfaction with each of the park services listed. [. The number of City parks],0.4907929713993975,Medium,403
please rate satisfaction park services listed 11 terra park,Please rate your satisfaction with each of the park services listed. [. The number of City parks],0.5539112622477236,Medium,332
please rate satisfaction park services listed 12 beaver creek water trail,Please rate your satisfaction with each of the park services listed. [. The number of City parks],0.3319721661022402,Low,564
please rate satisfaction park services listed 13 [city name] town center splash pad,Please rate your satisfaction with each of the park services listed. [. The number of City parks],0.3354805861625342,Low,561
please rate satisfaction park services listed 14 [city name] town center skating rink,Please rate your satisfaction with each of the park services listed. [. The number of City parks],0.3344854967437522,Low,562
please rate satisfaction park services listed 15 [city name] commons park,Please rate your satisfaction with each of the park services listed. [. The number of City parks],0.5601206366601674,Medium,324
please rate satisfaction following recreation items 1 accessibility desired destinations via bike trail system,Please rate your satisfaction with each of the following parks and recreation items. [. Number of city parks],0.18161734651407674,Low,708
please rate satisfaction following recreation items 2 communitys youth recreation programs,Please rate your satisfaction with each of the following parks and recreation items. [. Number of city parks],0.3175804655387013,Low,579
please rate satisfaction following recreation items 3 communitys adult recreation education programs,Please rate your satisfaction with each of the following parks and recreation items. [. Number of city parks],0.28658871224473137,Low,614
please rate satisfaction following recreation items 4 communitys senior citizen recreation programs,Please rate your satisfaction with each of the following parks and recreation items. [. Number of city parks],0.2801906232981911,Low,622
please rate satisfaction following recreation items 5 overall variety recreation program services provided children,Please rate your satisfaction with each of the following parks and recreation items. [. Number of city parks],0.30237368320087865,Low,598
please rate satisfaction following recreation items 6 overall variety recreation program services provided adults,Please rate your satisfaction with each of the following parks and recreation items. [. Number of city parks],0.2927448101989337,Low,609
please rate satisfaction following recreation items 7 overall variety recreation program services provided senior citizens,Please rate your satisfaction with each of the following parks and recreation items. [. Number of city parks],0.27293265377395737,Low,634
kinds additional outdoor recreational opportunities needed ,"If you had a budget of $100 for services provided by the City of Riveria Beach, how would you allocate the funds among these categories? [Please be sure your total adds up to $100.] [Parks, Golf, and Open Spaces (including park, outdoor athletic fields and courts, trails, golf, open space, and trails.)]",0.06407997420618905,Low,777
kinds additional indoor recreational opportunities needed ,Which FOUR of the services listed above do you think should be the City's top priorities? [2nd:],0.0,Low,782
top priority terms recreation ,Please rate your satisfaction with each of the following parks and recreation items. [. Number of city parks],0.11934946807893475,Low,764
please rate satisfaction following city maintenance items 01 maintenance city streets,Please rate your satisfaction with each of the following maintenance items. [. Maintenance of major City streets],0.821554592660313,High,88
please rate satisfaction following city maintenance items 02 maintenance sidewalks trails,Please rate your satisfaction with each of the following maintenance items. [. Maintenance of major City streets],0.5636265016301429,Medium,322
please rate satisfaction following city maintenance items 03 maintenance traffic signals street signs,Please rate your satisfaction with each of the following maintenance items. [. Maintenance of major City streets],0.4659431075237002,Medium,430
please rate satisfaction following city maintenance items 04 adequacy city street lighting,Please rate your satisfaction with each of the following maintenance items. [. Maintenance of major City streets],0.3517308823570221,Low,544
please rate satisfaction following city maintenance items 05 maintenance city buildings city hall library police station fire stations,Please rate your satisfaction with each of the following maintenance items. [. Maintenance of major City streets],0.40323070702898717,Low,500
please rate satisfaction following city maintenance items 06 snow removal city streets,Please rate your satisfaction with each of the following maintenance items. [. Maintenance of major City streets],0.5229361773160678,Medium,366
please rate satisfaction following city maintenance items 07 mowing trimming along city streets public areas,Please rate your satisfaction with each of the following maintenance items. [. Maintenance of major City streets],0.4872293105402302,Medium,406
please rate satisfaction following city maintenance items 08 overall condition city streets,Maintenance. Please rate your satisfaction with the following services provided by the City of [city name]. [. Condition of major City streets],0.7046043847768152,High,188
please rate satisfaction following city maintenance items 09 overall satisfaction weekly curbside trash collection,Please rate your satisfaction with each of the following maintenance items. [. Maintenance of major City streets],0.33134653278483944,Low,565
please rate satisfaction following city maintenance items 10 overall satisfaction weekly curbside recycling collection,Please rate your satisfaction with each of the following items concerning your recycling service. [. Overall quality of the City's curbside recycling program],0.5190910005386947,Medium,371
please rate satisfaction following city maintenance items 11 overall satisfaction weekly curbside yard waste collection,Please rate your satisfaction with each of the following maintenance items. [. Maintenance of major City streets],0.3012425428217084,Low,599
two city maintenance items listed think receive emphasis city leaders next two years 1st,Which THREE of the items listed in Question 1 do you think should receive the MOST EMPHASIS from City leaders over the next TWO years? [2nd:],0.7234985492131532,High,175
two city maintenance items listed think receive emphasis city leaders next two years 2nd,Which THREE of the items listed in Question 1 do you think should receive the MOST EMPHASIS from City leaders over the next TWO years? [2nd:],0.8787006618156908,High,45
please rate satisfaction following items 1 rate growth [city name],Please rate your satisfaction with each of the following communication items. [. The quality of the City's website],0.28385192333531506,Low,617
please rate satisfaction following items 2 quality business development,Economic Development. Which TWO of the following benefits of economic development are MOST IMPORTANT to you? [Other],0.3472054953417065,Low,547
please rate satisfaction following items 3 quality residential development,Economic Development. Which TWO of the following benefits of economic development are MOST IMPORTANT to you? [Other],0.3447044024174768,Low,549
please rate satisfaction following items 4 diversity residential development,Economic Development. Which TWO of the following benefits of economic development are MOST IMPORTANT to you? [Other],0.2932077702236112,Low,608
please rate satisfaction following items 5 availability affordable housing sale,The City is aware of a shortage of housing nationwide and locally. Different housing types not already offered in [city name] will help meet the needs of future generations in our community. Do you support the City facilitating more housing in [city name] through... [Fourplexes],0.20103669728220663,Low,689
please rate satisfaction following items 6 availability affordable housing rent,Do you own or rent your current residence?,0.2800882801749432,Low,623
library services ,"Please rate your overall satisfaction with major categories of services provided by the City of [city name]. [. Overall quality of police, fire, and emergency medical services]",0.12796816633496438,Low,758
please rate satisfaction following items 1 quality library programs story hours book discussion,Please rate your satisfaction with each of the following communication items. [. The quality of the City's website],0.16687361613462875,Low,726
2 quality library materials books dvds magazines etc ,Please rate your satisfaction with each of the following communication items. [. The quality of the City's website],0.07390903407037226,Low,775
please rate satisfaction following items 3 overall satisfaction [city name] public library,Please rate your satisfaction with the following public safety services provided by the City of [city name]. [. The visibility of police in retail areas],0.2992461220409586,Low,604
please check following information sources used get information city [city name] past year citys website,Please CHECK ALL of the following information sources you have used to get information about the City of [city name] during the past year. [Other],0.8842136978389583,High,41
please check following information sources used get information city [city name] past year citys facebookinstagram page,Please CHECK ALL of the following information sources you have used to get information about the City of [city name] during the past year. [Other],0.7624803207923558,High,133
please check following information sources used get information city [city name] past year citys x formerly twitter feed,Please CHECK ALL of the following information sources you have used to get information about the City of [city name] during the past year. [Other],0.7595878825711543,High,138
please check following information sources used get information city [city name] past year des moines register,Please CHECK ALL of the following information sources you have used to get information about the City of [city name] during the past year. [Other],0.7538795057305455,High,145
please check following information sources used get information city [city name] past year des moines business record,Please CHECK ALL of the following information sources you have used to get information about the City of [city name] during the past year. [Other],0.7104457933098423,High,181
please check following information sources used get information city [city name] past year [city name] living magazine,Please CHECK ALL of the following information sources you have used to get information about the City of [city name] during the past year. [Other],0.809157293350843,High,95
please check following information sources used get information city [city name] past year citys weeklymonthly enewsletter,Please CHECK ALL of the following information sources you have used to get information about the City of [city name] during the past year. [Other],0.7595878825711543,High,138
please check following information sources used get information city [city name] past year utility bill,Please CHECK ALL of the following information sources you have used to get information about the City of [city name] during the past year. [Other],0.8550085844359686,High,60
please check following information sources used get information city [city name] past year videos citys social media youtubefacebook,Please CHECK ALL of the following information sources you have used to get information about the City of [city name] during the past year. [Other],0.6587252692921463,High,225
please check following information sources used get information city [city name] past year news alert notifications city website,Please CHECK ALL of the following information sources you have used to get information about the City of [city name] during the past year. [Other],0.6987725632593041,High,195
please check following information sources used get information city [city name] past year [city name] living weekly enewsletter,Please CHECK ALL of the following information sources you have used to get information about the City of [city name] during the past year. [Other],0.7481044954339905,High,149
please check following information sources used get information city [city name] past year nextdoor,Please CHECK ALL of the following information sources you have used to get information about the City of [city name] during the past year. [Other],0.8550085844359686,High,60
please check following information sources used get information city [city name] past year city [city name] mobile app,Please CHECK ALL of the following information sources you have used to get information about the City of [city name] during the past year. [Other],0.7681094252355555,High,123
please check following information sources used get information city [city name] past year ,Please CHECK ALL of the following information sources you have used to get information about the City of [city name] during the past year. [Other],1.0,High,3
please define ,"Please define ""Other.""",1.0,High,3
please rate satisfaction following 1 availability information city programs services,Please CHECK ALL of the following information sources you have used to get information about the City of [city name] during the past year. [Other],0.3138299004390314,Low,584
please rate satisfaction following 2 level public involvement local decision making,Please rate your level of agreement with each of the following statements. [. The City of [city name] is a safe community],0.17943635110535752,Low,713
please rate satisfaction following 3 quality citys website,Please rate your satisfaction with each of the following communication items. [. The quality of the City's website],0.7069501662227128,High,185
please rate satisfaction following 4 online services offered citys website,Please rate your satisfaction with each of the following communication items. [. The quality of the City's website],0.38539810661661583,Low,523
please check following information sources currently using daily life facebookinstagram,Please CHECK ALL of the following information sources you are currently using in daily life. [Other],0.8730975139522358,High,52
please check following information sources currently using daily life x formerly twitter,Please CHECK ALL of the following information sources you are currently using in daily life. [Other],0.8818349704878249,High,43
please check following information sources currently using daily life youtube,Please CHECK ALL of the following information sources you are currently using in daily life. [Other],0.8606057198094538,High,55
please check following information sources currently using daily life tiktok,Please CHECK ALL of the following information sources you are currently using in daily life. [Other],0.8606057198094538,High,55
please check following information sources currently using daily life snapchat,Please CHECK ALL of the following information sources you are currently using in daily life. [Other],0.8606057198094538,High,55
please check following information sources currently using daily life sms text messaging,Please CHECK ALL of the following information sources you are currently using in daily life. [Other],0.6983385271705086,High,196
please check following information sources currently using daily life print publications,Please CHECK ALL of the following information sources you are currently using in daily life. [Other],0.7668839716836358,High,126
please check following information sources currently using daily life email,Please CHECK ALL of the following information sources you are currently using in daily life. [Other],0.8606057198094538,High,55
please check following information sources currently using daily life chat bots,Please CHECK ALL of the following information sources you are currently using in daily life. [Other],0.7668839716836358,High,126
please check following information sources currently using daily life ,Please CHECK ALL of the following information sources you are currently using in daily life. [Other],1.0000000000000002,High,2
please define ,"Please define ""Other.""",1.0,High,3
please indicate city [city name] compares cities des moines metro areas following areas 1 city facilities,Please indicate how the City of [city name] compares to other cities in Des Moines metro areas in the following areas. [. City facilities],0.9999999999999999,High,4
please indicate city [city name] compares cities des moines metro areas following areas 2 city parks,Please indicate how the City of [city name] compares to other cities in Des Moines metro areas in the following areas. [. City facilities],0.925443720274797,High,20
please indicate city [city name] compares cities des moines metro areas following areas 3 ems,Please indicate how the City of [city name] compares to other cities in Des Moines metro areas in the following areas. [. City facilities],0.8499185266074811,High,62
please indicate city [city name] compares cities des moines metro areas following areas 4 fire,Please indicate how the City of [city name] compares to other cities in Des Moines metro areas in the following areas. [. City facilities],0.9468481186616189,High,13
please indicate city [city name] compares cities des moines metro areas following areas 5 library,Please indicate how the City of [city name] compares to other cities in Des Moines metro areas in the following areas. [. City facilities],0.8866581462664828,High,39
please indicate city [city name] compares cities des moines metro areas following areas 6 police,Please indicate how the City of [city name] compares to other cities in Des Moines metro areas in the following areas. [. City facilities],0.908922113842862,High,32
please indicate city [city name] compares cities des moines metro areas following areas 7 road conditions,Please indicate how the City of [city name] compares to other cities in Des Moines metro areas in the following areas. [. City facilities],0.7847504487919001,High,105
please indicate city [city name] compares cities des moines metro areas following areas 8 snow removal trails roads,Please indicate how the City of [city name] compares to other cities in Des Moines metro areas in the following areas. [. City facilities],0.7308930304570262,High,167
please indicate city [city name] compares cities des moines metro areas following areas 9 trails,Please indicate how the City of [city name] compares to other cities in Des Moines metro areas in the following areas. [. City facilities],0.8939423014796427,High,37
two following benefits economic development important jobs [city name],Economic Development. Which TWO of the following benefits of economic development are MOST IMPORTANT to you? [Other],0.7842940427819075,High,106
two following benefits economic development important new existing companies openingexpanding [city name],Economic Development. Which TWO of the following benefits of economic development are MOST IMPORTANT to you? [Other],0.5597552698734227,Medium,326
two following benefits economic development important improved awareness reputation city,Economic Development. Which TWO of the following benefits of economic development are MOST IMPORTANT to you? [Other],0.6001655828003088,Medium,285
two following benefits economic development important tourists visiting region,Economic Development. Which TWO of the following benefits of economic development are MOST IMPORTANT to you? [Other],0.6099943478610316,Medium,275
two following benefits economic development important better lifestyle amenities,Economic Development. Which TWO of the following benefits of economic development are MOST IMPORTANT to you? [Other],0.6397904412621341,Medium,245
two following benefits economic development important better educational opportunities,Economic Development. Which TWO of the following benefits of economic development are MOST IMPORTANT to you? [Other],0.6579673769183159,High,226
two following benefits economic development important higher standard living,Economic Development. Which TWO of the following benefits of economic development are MOST IMPORTANT to you? [Other],0.6233174458676697,Medium,263
two following benefits economic development important increased tax base,Economic Development. Which TWO of the following benefits of economic development are MOST IMPORTANT to you? [Other],0.62708111802614,Medium,257
two following benefits economic development important diversity housing options,Economic Development. Which TWO of the following benefits of economic development are MOST IMPORTANT to you? [Other],0.6906300588790226,High,200
two following benefits economic development important ,Economic Development. Which TWO of the following benefits of economic development are MOST IMPORTANT to you? [Other],0.9487096779156281,High,12
please define ,"Please define ""Other.""",1.0,High,3
often typically go outside [city name] city limits shop ,How many persons in your household are employed in each of the following areas? [Within the City limits of [city name]:],0.32429458780834786,Low,572
city put emphasis bringing retail city ,Please rate your satisfaction with the following public safety services provided by the City of [city name]. [. The visibility of police in retail areas],0.2752853171603211,Low,630
city put emphasis bringing restaurants city ,Which THREE of the items listed in Question 1 do you think should receive the MOST EMPHASIS from City leaders over the next TWO years? [2nd:],0.19293445809707074,Low,697
please check following types retail restaurant options would like see [city name] clothing stores,Please CHECK ALL of the following types of retail and restaurant options you would like to see in [city name]. [Other],0.7654276355123705,High,127
please check following types retail restaurant options would like see [city name] casual dining,Please CHECK ALL of the following types of retail and restaurant options you would like to see in [city name]. [Other],0.7540817421328145,High,143
please check following types retail restaurant options would like see [city name] fine dining,Please CHECK ALL of the following types of retail and restaurant options you would like to see in [city name]. [Other],0.7703739649229973,High,118
please check following types retail restaurant options would like see [city name] fast food,Please CHECK ALL of the following types of retail and restaurant options you would like to see in [city name]. [Other],0.7902326574675852,High,103
please check following types retail restaurant options would like see [city name] big box retail,Please CHECK ALL of the following types of retail and restaurant options you would like to see in [city name]. [Other],0.7696896899397265,High,121
please check following types retail restaurant options would like see [city name] specialty shops,Please CHECK ALL of the following types of retail and restaurant options you would like to see in [city name]. [Other],0.7605182305892976,High,137
please check following types retail restaurant options would like see [city name] brewery,Please CHECK ALL of the following types of retail and restaurant options you would like to see in [city name]. [Other],0.8447712657036878,High,66
please check following types retail restaurant options would like see [city name] sports bar,Please CHECK ALL of the following types of retail and restaurant options you would like to see in [city name]. [Other],0.744830779243431,High,153
please check following types retail restaurant options would like see [city name] entertainment options,Please CHECK ALL of the following types of retail and restaurant options you would like to see in [city name]. [Other],0.8582022237946322,High,57
please check following types retail restaurant options would like see [city name] ,Please CHECK ALL of the following types of retail and restaurant options you would like to see in [city name]. [Other],1.0,High,3
please define ,"Please define ""Other.""",1.0,High,3
please check following done [city name] past year eaten restaurant fast food,Please CHECK ALL of the following information sources you have used to get information about the City of [city name] during the past year. [Other],0.29789191561872164,Low,606
please check following done [city name] past year eaten restaurant fast food,Please CHECK ALL of the following information sources you have used to get information about the City of [city name] during the past year. [Other],0.29789191561872164,Low,606
please check following done [city name] past year attended live music performance concert parade festival,Please CHECK ALL of the following information sources you have used to get information about the City of [city name] during the past year. [Other],0.230511767213452,Low,665
please check following done [city name] past year visited city government offices,Please CHECK ALL of the following that you have done in [city name] over the past year. [Visited City government offices],1.0000000000000002,High,2
please check following done [city name] past year gone shopping,Please CHECK ALL of the following information sources you have used to get information about the City of [city name] during the past year. [Other],0.3656837141635183,Low,534
please check following done [city name] past year used professional services banking legal,Please CHECK ALL of the following information sources you have used to get information about the City of [city name] during the past year. [Other],0.3745783448888978,Low,529
please check following done [city name] past year gone workemployment,Please CHECK ALL of the following information sources you have used to get information about the City of [city name] during the past year. [Other],0.35316046576056553,Low,542
please check following done [city name] past year gone church,Please CHECK ALL of the following information sources you have used to get information about the City of [city name] during the past year. [Other],0.35316046576056553,Low,542
please check following done [city name] past year none,Please CHECK ALL of the following information sources you have used to get information about the City of [city name] during the past year. [Other],0.6117910559995775,Medium,272
living [city name] ,Maintenance. Please rate your satisfaction with the following services provided by the City of [city name]. [. Condition of major City streets],0.12025379441268455,Low,763
please define ,"Please define ""Other.""",1.0,High,3
used dart des moines area regional transit authority bus services past 2 years ,Please indicate how the City of [city name] compares to other cities in Des Moines metro areas in the following areas. [. City facilities],0.18115664633557924,Low,710
please check following items would make try dart cause ride often nothing,Please CHECK ALL of the following items that would make you try DART or cause you to ride more often. [More convenient routes],0.8168919211819163,High,93
please check following items would make try dart cause ride often frequent buses,Please CHECK ALL of the following items that would make you try DART or cause you to ride more often. [More convenient routes],0.6556965404406244,High,229
please check following items would make try dart cause ride often convenient routes,Please CHECK ALL of the following items that would make you try DART or cause you to ride more often. [More convenient routes],0.9999999999999999,High,4
please check following items would make try dart cause ride often intersuburb routes,Please CHECK ALL of the following items that would make you try DART or cause you to ride more often. [More convenient routes],0.8177751737708575,High,92
please check following items would make try dart cause ride often parkandride locations,Please CHECK ALL of the following items that would make you try DART or cause you to ride more often. [More convenient routes],0.6490417552202256,Medium,241
please check following items would make try dart cause ride often express buses,Please CHECK ALL of the following items that would make you try DART or cause you to ride more often. [More convenient routes],0.6556965404406244,High,229
used [city name] partnership food pantry past 2 years ,Please CHECK ALL of the following information sources you have used to get information about the City of [city name] during the past year. [Other],0.21943152557942475,Low,672
aware receive property tax bill polk county paying taxes seven separate entities ,Please rate your satisfaction with each of the following code enforcement items. [. Enforcing the maintenance of commercial property in your neighborhood],0.08600262800630602,Low,772
one following entities receive majority services ,Please rate each of the following major categories of services provided by the City of [city name]. [. Overall quality of customer service you receive from City employees],0.15276846610648426,Low,738
receive information citys budget money spent social media,How do you receive information about the city's budget and how money is spent? [Other],0.7669338086287018,High,125
receive information citys budget money spent newsletter,How do you receive information about the city's budget and how money is spent? [Other],0.8351742474589962,High,76
receive information citys budget money spent council meetings,How do you receive information about the city's budget and how money is spent? [Other],0.7262465812467533,High,170
receive information citys budget money spent monthly [city name] living magazine,How do you receive information about the city's budget and how money is spent? [Other],0.6867350898300553,High,206
receive information citys budget money spent budget page citys website,How do you receive information about the city's budget and how money is spent? [Other],0.7506113788463229,High,147
receive information citys budget money spent ,How do you receive information about the city's budget and how money is spent? [Other],0.9534661517315051,High,10
receive information citys budget money spent important,How do you receive information about the city's budget and how money is spent? [Other],0.8833921776260129,High,42
please define ,"Please define ""Other.""",1.0,High,3
like city [city name] ,Please CHECK ALL of the following types of retail and restaurant options you would like to see in [city name]. [Other],0.3870529055350296,Low,520
could change one thing city [city name] would ,Maintenance. Please rate your satisfaction with the following services provided by the City of [city name]. [. Condition of major City streets],0.14220203508255436,Low,746
additional comments would like share ,Please CHECK ALL of the following types of retail and restaurant options you would like to see in [city name]. [Other],0.12911826487108605,Low,756
following best describes current place employment ,Do you own or rent your current residence?,0.2866936425185031,Low,613
work ,"When you think about the number and variety of places to live, work and play in [city name], would you like to see more, about the same, or fewer of the following types of places in [city name]? [. Retail and shopping plazas]",0.23338565710388037,Low,662
 ,Which FOUR of the services listed above do you think should be the City's top priorities? [2nd:],0.0,Low,782
best describes town grew ,Which of the following best describes your race/ethnicity? [Other],0.24843813646119595,Low,654
following best describes raceethnicity asian asian indian,Which of the following best describes your race/ethnicity? [American Indian or Alaska Native],0.2609765507723325,Low,642
following best describes raceethnicity black african american,Which of the following best describes your race/ethnicity? [American Indian or Alaska Native],0.32558684970278573,Low,570
following best describes raceethnicity american indian alaska native,Which of the following best describes your race/ethnicity? [American Indian or Alaska Native],0.774741671635878,High,113
following best describes raceethnicity white caucasian,Which of the following best describes your race/ethnicity? [Other],0.25999563311277574,Low,645
following best describes raceethnicity native hawaiian pacific islander,Which of the following best describes your race/ethnicity? [American Indian or Alaska Native],0.28589763925820416,Low,615
following best describes raceethnicity hispanic spanish latinoax,"Which of the following best describes your race/ethnicity? [Hispanic, Spanish, or Latino/a/x]",0.5283100531798128,Medium,360
following best describes raceethnicity korean,Which of the following best describes your race/ethnicity? [Other],0.311875547144661,Low,587
following best describes raceethnicity chinese,Which of the following best describes your race/ethnicity? [Other],0.311875547144661,Low,587
following best describes raceethnicity middle eastern north african,Which of the following best describes your race/ethnicity? [Other],0.20489096124442857,Low,685
following best describes raceethnicity slaviceastern european,Which of the following best describes your race/ethnicity? [Other],0.25717341980202624,Low,647
following best describes raceethnicity unknowndont know,Which of the following best describes your race/ethnicity? [Other],0.25717341980202624,Low,647
following best describes raceethnicity prefer say,Which of the following best describes your race/ethnicity? [Other],0.27190879910410415,Low,635
following best describes raceethnicity ,Which of the following best describes your race/ethnicity? [Other],0.4286585405591414,Low,466
please describe raceethnicity ,Which FOUR of the services listed above do you think should be the City's top priorities? [2nd:],0.0,Low,782
age ,What is your age?,1.0,High,3
counting many people household age 5 age 5,What is your age?,0.7715953709966192,High,117
counting many people household ages 59 ages 59,"Counting yourself, how many people in your household are… [Ages 65-74:]",0.4580332002412722,Medium,439
counting many people household ages 1014 ages 1014,"Counting yourself, how many people in your household are… [Ages 65-74:]",0.4580332002412722,Medium,439
counting many people household ages 1519 ages 1519,"Counting yourself, how many people in your household are… [Ages 65-74:]",0.4580332002412722,Medium,439
counting many people household ages 2024 ages 2024,"Counting yourself, how many people in your household are… [Ages 65-74:]",0.4580332002412722,Medium,439
counting many people household ages 2534 ages 2534,"Counting yourself, how many people in your household are… [Ages 65-74:]",0.4580332002412722,Medium,439
counting many people household ages 3544 ages 3544,"Counting yourself, how many people in your household are… [Ages 65-74:]",0.4580332002412722,Medium,439
counting many people household ages 4554 ages 4554,"Counting yourself, how many people in your household are… [Ages 65-74:]",0.4580332002412722,Medium,439
counting many people household ages 5564 ages 5564,"Counting yourself, how many people in your household are… [Ages 65-74:]",0.4580332002412722,Medium,439
counting many people household ages 6574 ages 6574,"Counting yourself, how many people in your household are… [Ages 65-74:]",0.4580332002412722,Medium,439
counting many people household ages 75 ages 75,"Counting yourself, how many people in your household are… [Ages 65-74:]",0.4580332002412722,Medium,439
rent current residence ,Do you own or rent your current residence?,1.0000000000000004,High,1
gender ,What is your gender?,1.0,High,3
please rate following major categories services provided city [city name] 01 overall quality police fire emergency medical services,"Please rate your overall satisfaction with major categories of services provided by the City of [city name]. [. Overall quality of police, fire, and emergency medical services]",0.9118242520746453,High,31
please rate following major categories services provided city [city name] 02 overall quality city parks facilities,Please rate each of the following major categories of services provided by the City of [city name]. [. Overall quality of customer service you receive from City employees],0.5829252830834717,Medium,300
please rate following major categories services provided city [city name] 03 overall maintenance city streets,Maintenance. Please rate your satisfaction with the following services provided by the City of [city name]. [. Condition of major City streets],0.7087436899514304,High,182
please rate following major categories services provided city [city name] 04 overall enforcement city codes ordinances,Please rate each of the following major categories of services provided by the City of [city name]. [. Overall quality of customer service you receive from City employees],0.44935706941089837,Low,448
please rate following major categories services provided city [city name] 05 overall quality customer service receive city employees,Please rate each of the following major categories of services provided by the City of [city name]. [. Overall quality of customer service you receive from City employees],0.9487536032058692,High,11
please rate following major categories services provided city [city name] 06 overall effectiveness city communication public,Please rate each of the following major categories of services provided by the City of [city name]. [. Overall quality of customer service you receive from City employees],0.4775994906807042,Medium,422
please rate following major categories services provided city [city name] 07 overall traffic flowcongestion management major streets city,Maintenance. Please rate your satisfaction with the following services provided by the City of [city name]. [. Condition of major City streets],0.5192779907059055,Medium,370
please rate following major categories services provided city [city name] 08 overall traffic flowcongestion management neighborhood streets city,Maintenance. Please rate your satisfaction with the following services provided by the City of [city name]. [. Condition of major City streets],0.45475155856130667,Medium,443
please rate following major categories services provided city [city name] 09 overall quality citys stormwater management system,"Please rate your overall satisfaction with major categories of services provided by the City of [city name]. [. Overall quality of police, fire, and emergency medical services]",0.49677865343762506,Medium,391
please rate following major categories services provided city [city name] 10 overall quality recreation programs,"Please rate your overall satisfaction with major categories of services provided by the City of [city name]. [. Overall quality of police, fire, and emergency medical services]",0.5785407123530393,Medium,303
please rate following major categories services provided city [city name] 11 overall quality citys environmental sustainability programs,"Please rate your overall satisfaction with major categories of services provided by the City of [city name]. [. Overall quality of police, fire, and emergency medical services]",0.4741304285735512,Medium,425
three items listed question 1 think receive emphasis city leaders next two years 1st,Which THREE of the items listed in Question 1 do you think should receive the MOST EMPHASIS from City leaders over the next TWO years? [2nd:],0.8420683566301352,High,67
three items listed question 1 think receive emphasis city leaders next two years 2nd,Which THREE of the items listed in Question 1 do you think should receive the MOST EMPHASIS from City leaders over the next TWO years? [2nd:],1.0000000000000002,High,2
three items listed question 1 think receive emphasis city leaders next two years 3rd,Which THREE of the items listed in Question 1 do you think should receive the MOST EMPHASIS from City leaders over the next TWO years? [2nd:],0.8231302948186731,High,85
please rate satisfaction following items may influence perception city [city name] 01 overall value receive city tax dollars fees,Perceptions of the Community. Please rate your satisfaction with each of the following items that may influence your perception of the City of [city name]. [. Overall quality of life in the City],0.40513679684432896,Low,498
please rate satisfaction following items may influence perception city [city name] 02 overall image city,Perceptions of the Community. Please rate your satisfaction with each of the following items that may influence your perception of the City of [city name]. [. Overall quality of life in the City],0.5392553231566166,Medium,344
please rate satisfaction following items may influence perception city [city name] 03 well city planning new development,Perceptions of the Community. Please rate your satisfaction with each of the following items that may influence your perception of the City of [city name]. [. Overall quality of life in the City],0.4196865098539641,Low,477
please rate satisfaction following items may influence perception city [city name] 04 well city planning redevelopment,Perceptions of the Community. Please rate your satisfaction with each of the following items that may influence your perception of the City of [city name]. [. Overall quality of life in the City],0.43274604841735553,Low,462
please rate satisfaction following items may influence perception city [city name] 05 overall quality life city,Perceptions of the Community. Please rate your satisfaction with each of the following items that may influence your perception of the City of [city name]. [. Overall quality of life in the City],0.7415284432202048,High,157
please rate satisfaction following items may influence perception city [city name] 06 overall condition housing neighborhood,Perceptions of the Community. Please rate your satisfaction with each of the following items that may influence your perception of the City of [city name]. [. Overall quality of life in the City],0.4617173868763937,Medium,436
please rate satisfaction following items may influence perception city [city name] 07 overall condition commercial retail centers,Perceptions of the Community. Please rate your satisfaction with each of the following items that may influence your perception of the City of [city name]. [. Overall quality of life in the City],0.41418890057327507,Low,482
please rate satisfaction following public safety items 01 overall quality local police protection,Please rate your satisfaction with the following public safety services provided by the City of [city name]. [. The visibility of police in retail areas],0.36835072581753564,Low,533
please rate satisfaction following public safety items 02 visibility police neighborhood,Please rate your satisfaction with the following public safety services provided by the City of [city name]. [. The visibility of police in retail areas],0.6237602624845099,Medium,262
please rate satisfaction following public safety items 03 visibility police retail areas,Please rate your satisfaction with the following public safety services provided by the City of [city name]. [. The visibility of police in retail areas],0.8210686752987498,High,89
please rate satisfaction following public safety items 04 city efforts prevent crime,Please rate your satisfaction with the following public safety services provided by the City of [city name]. [. The visibility of police in retail areas],0.282536413980332,Low,619
please rate satisfaction following public safety items 05 city efforts prevent fires,Please rate your satisfaction with the following public safety services provided by the City of [city name]. [. The visibility of police in retail areas],0.2738768995070397,Low,631
please rate satisfaction following public safety items 06 enforcement local traffic laws,Please rate your satisfaction with the following public safety services provided by the City of [city name]. [. The visibility of police in retail areas],0.24271385482507898,Low,655
please rate satisfaction following public safety items 07 overall quality local fire protection,Please rate your satisfaction with the following public safety services provided by the City of [city name]. [. The visibility of police in retail areas],0.26660581185779403,Low,638
please rate satisfaction following public safety items 08 overall quality local emergency medical service,"Please rate your overall satisfaction with major categories of services provided by the City of [city name]. [. Overall quality of police, fire, and emergency medical services]",0.4782837904574952,Medium,420
please rate satisfaction following public safety items 09 quickly public safety personnel respond emergencies,Please rate your satisfaction with the following public safety services provided by the City of [city name]. [. The visibility of police in retail areas],0.33330120811095826,Low,563
please rate satisfaction following public safety items 10 overall quality animal control,Please rate your satisfaction with the following public safety services provided by the City of [city name]. [. The visibility of police in retail areas],0.2546918579929832,Low,648
please rate satisfaction following public safety items 11 travel safety city roadways intersections,Please rate your satisfaction with the following public safety services provided by the City of [city name]. [. The visibility of police in retail areas],0.31393304112319176,Low,583
please rate satisfaction following public safety items 12 enforcing cleanup litter debris city streets,Please rate your satisfaction with the following public safety services provided by the City of [city name]. [. The visibility of police in retail areas],0.2386082758090406,Low,659
three public safety items listed question 4 think receive emphasis city leaders next two years 1st,Which THREE of the items listed in Question 1 do you think should receive the MOST EMPHASIS from City leaders over the next TWO years? [2nd:],0.7605612775032651,High,136
three public safety items listed question 4 think receive emphasis city leaders next two years 2nd,Which THREE of the items listed in Question 1 do you think should receive the MOST EMPHASIS from City leaders over the next TWO years? [2nd:],0.9030027144003403,High,34
three public safety items listed question 4 think receive emphasis city leaders next two years 3rd,Which THREE of the items listed in Question 1 do you think should receive the MOST EMPHASIS from City leaders over the next TWO years? [2nd:],0.7465207001411269,High,151
please rate satisfaction following parks recreation items 01 maintenance city parks,Please rate your satisfaction with each of the following parks and recreation items. [. Number of city parks],0.7831989714192577,High,107
please rate satisfaction following parks recreation items 02 number city parks,Please rate your satisfaction with each of the following parks and recreation items. [. Number of city parks],0.9119949218613665,High,30
please rate satisfaction following parks recreation items 03 bikehike trails city,Please rate your satisfaction with each of the following parks and recreation items. [. Number of city parks],0.4856162440398753,Medium,407
please rate satisfaction following parks recreation items 04 city swimming pools,Please rate your satisfaction with each of the following parks and recreation items. [. Number of city parks],0.4687465675827432,Medium,428
please rate satisfaction following parks recreation items 05 city golf courses,Please rate your satisfaction with each of the following parks and recreation items. [. Number of city parks],0.46874656758274313,Medium,429
please rate satisfaction following parks recreation items 06 city community centers,Please rate your satisfaction with each of the following parks and recreation items. [. Number of city parks],0.5386362138789834,Medium,346
please rate satisfaction following parks recreation items 07 courts fields athletic facilities,Please rate your satisfaction with each of the following parks and recreation items. [. Number of city parks],0.3918792424671496,Low,511
please rate satisfaction following parks recreation items 08 deanna rose childrens farmstead,Please rate your satisfaction with each of the following parks and recreation items. [. Number of city parks],0.33645272361253425,Low,559
please rate satisfaction following parks recreation items 09 [city name] soccer complex,Please rate your satisfaction with each of the following parks and recreation items. [. Number of city parks],0.4466862227066138,Low,451
please rate satisfaction following parks recreation items 10 [city name] arboretum botanical gardens,Please rate your satisfaction with each of the following parks and recreation items. [. Number of city parks],0.39255358171300864,Low,509
please rate satisfaction following parks recreation items 11 citys adult recreation programs,Please rate your satisfaction with each of the following parks and recreation items. [. Number of city parks],0.5190430114499907,Medium,372
please rate satisfaction following parks recreation items 12 recreation programs offered kids,Please rate your satisfaction with each of the following parks and recreation items. [. Number of city parks],0.4851075700079339,Medium,408
please rate satisfaction following parks recreation items 13 city recreation programs fitness classes special events eg fourth july fall festival,Please rate your satisfaction with each of the following parks and recreation items. [. Number of city parks],0.32758900059327395,Low,568
please rate satisfaction following parks recreation items 14 fees charged recreation programs,Please rate your satisfaction with each of the following parks and recreation items. [. Number of city parks],0.4832643484433297,Medium,411
please rate satisfaction following parks recreation items 15 arts cultural programs,Please rate your satisfaction with each of the following parks and recreation items. [. Number of city parks],0.44232491419705694,Low,457
three parks recreation items listed question 6 think receive emphasis city leaders next two years 1st,Which THREE of the items listed in Question 1 do you think should receive the MOST EMPHASIS from City leaders over the next TWO years? [2nd:],0.7682409841030526,High,122
three parks recreation items listed question 6 think receive emphasis city leaders next two years 2nd,Which THREE of the items listed in Question 1 do you think should receive the MOST EMPHASIS from City leaders over the next TWO years? [2nd:],0.9121391715221961,High,29
three parks recreation items listed question 6 think receive emphasis city leaders next two years 3rd,Which THREE of the items listed in Question 1 do you think should receive the MOST EMPHASIS from City leaders over the next TWO years? [2nd:],0.753778854652646,High,146
please rate satisfaction following code enforcement items 1 enforcing mowing trimming residential property,Please rate your satisfaction with each of the following code enforcement items. [. Enforcing the maintenance of commercial property in your neighborhood],0.5719372035508202,Medium,311
please rate satisfaction following code enforcement items 2 enforcing mowing trimming commercial property,Please rate your satisfaction with each of the following code enforcement items. [. Enforcing the maintenance of commercial property in your neighborhood],0.7351480634423517,High,165
please rate satisfaction following code enforcement items 3 enforcing maintenance residential property neighborhood,Please rate your satisfaction with each of the following code enforcement items. [. Enforcing the maintenance of commercial property in your neighborhood],0.8196540280505564,High,90
please rate satisfaction following code enforcement items 4 enforcing maintenance commercial property neighborhood,Please rate your satisfaction with each of the following code enforcement items. [. Enforcing the maintenance of commercial property in your neighborhood],1.0,High,3
please rate satisfaction following code enforcement items 5 enforcing sign regulations,Please rate your satisfaction with each of the following code enforcement items. [. Enforcing the maintenance of commercial property in your neighborhood],0.4934635008884383,Medium,399
please rate satisfaction following code enforcement items 6 enforcing maintenance rental properties neighborhood,Please rate your satisfaction with each of the following code enforcement items. [. Enforcing the maintenance of commercial property in your neighborhood],0.6098632433818506,Medium,276
three code enforcement items listed question 8 think receive emphasis city leaders next two years 1st,Which THREE of the items listed in Question 1 do you think should receive the MOST EMPHASIS from City leaders over the next TWO years? [2nd:],0.7383018978724307,High,161
three code enforcement items listed question 8 think receive emphasis city leaders next two years 2nd,Which THREE of the items listed in Question 1 do you think should receive the MOST EMPHASIS from City leaders over the next TWO years? [2nd:],0.8765240887471613,High,48
three code enforcement items listed question 8 think receive emphasis city leaders next two years 3rd,Which THREE of the items listed in Question 1 do you think should receive the MOST EMPHASIS from City leaders over the next TWO years? [2nd:],0.725437948340953,High,171
please rate satisfaction following maintenance items 01 maintenance major city streets,Please rate your satisfaction with each of the following maintenance items. [. Maintenance of major City streets],0.9141717104189986,High,27
please rate satisfaction following maintenance items 02 maintenance neighborhood streets,Please rate your satisfaction with each of the following maintenance items. [. Maintenance of major City streets],0.7389570353534176,High,160
please rate satisfaction following maintenance items 03 maintenance sidewalks,Please rate your satisfaction with each of the following maintenance items. [. Maintenance of major City streets],0.6040306815835637,Medium,280
please rate satisfaction following maintenance items 04 maintenance traffic signals,Please rate your satisfaction with each of the following maintenance items. [. Maintenance of major City streets],0.5384300721980972,Medium,347
please rate satisfaction following maintenance items 05 maintenance street signs,Please rate your satisfaction with each of the following maintenance items. [. Maintenance of major City streets],0.5347569043983946,Medium,352
please rate satisfaction following maintenance items 06 maintenance curbs,Please rate your satisfaction with each of the following maintenance items. [. Maintenance of major City streets],0.5774523006362872,Medium,304
please rate satisfaction following maintenance items 07 maintenance street lights,Please rate your satisfaction with each of the following maintenance items. [. Maintenance of major City streets],0.507641926810568,Medium,386
please rate satisfaction following maintenance items 08 maintenance city buildings eg city hall sanders justice center,Please rate your satisfaction with each of the following maintenance items. [. Maintenance of major City streets],0.4058324920068784,Low,497
please rate satisfaction following maintenance items 09 snow removal major city streets,Please rate your satisfaction with each of the following maintenance items. [. Maintenance of major City streets],0.6158486886409132,Medium,267
please rate satisfaction following maintenance items 10 snow removal neighborhood streets,Please rate your satisfaction with each of the following maintenance items. [. Maintenance of major City streets],0.4645206198131382,Medium,432
please rate satisfaction following maintenance items 11 mowing trimming along city streets,Please rate your satisfaction with each of the following maintenance items. [. Maintenance of major City streets],0.5180339126332447,Medium,374
please rate satisfaction following maintenance items 12 mowing trimming city parks,Please rate your satisfaction with each of the following parks and recreation items. [. Number of city parks],0.4002759793943309,Low,503
please rate satisfaction following maintenance items 13 overall cleanliness city streets public areas,Please rate your satisfaction with each of the following maintenance items. [. Maintenance of major City streets],0.49437349649301104,Medium,397
please rate satisfaction following maintenance items 14 onstreet bicycle infrastructure bike lanespainted symbols,Please rate your satisfaction with each of the following maintenance items. [. Maintenance of major City streets],0.22796071474227603,Low,667
three maintenance items listed question 10 think receive emphasis city leaders next two years 1st,Which THREE of the items listed in Question 1 do you think should receive the MOST EMPHASIS from City leaders over the next TWO years? [2nd:],0.7568910835770783,High,141
three maintenance items listed question 10 think receive emphasis city leaders next two years 2nd,Which THREE of the items listed in Question 1 do you think should receive the MOST EMPHASIS from City leaders over the next TWO years? [2nd:],0.8986365228596012,High,36
three maintenance items listed question 10 think receive emphasis city leaders next two years 3rd,Which THREE of the items listed in Question 1 do you think should receive the MOST EMPHASIS from City leaders over the next TWO years? [2nd:],0.7430491233603538,High,156
please rate satisfaction following environmental sustainability items 1 citys efforts protect natural resources environment,Please rate your satisfaction with each of the following items concerning your trash service. [. City efforts to keep you informed about trash removal issues],0.13658734485876245,Low,750
please rate satisfaction following environmental sustainability items 2 citys water quality programs floating wetlands stream cleanup events stormwater cost share program etc,Please rate your satisfaction with each of the following water services. [. Clarity of your tap water],0.18932397474878948,Low,700
please rate satisfaction following environmental sustainability items 3 health citys tree canopy,Please rate your satisfaction with each of the following communication items. [. The quality of the City's website],0.11245018967487784,Low,768
please rate satisfaction following environmental sustainability items 4 citys dropoff recycling center,Please rate your satisfaction with each of the following items concerning your recycling service. [. Overall quality of the City's curbside recycling program],0.3008564993345534,Low,600
please rate satisfaction following environmental sustainability items 5 citys recycling waste diversion events recycling extravaganza mattress recycling pickup etc,Please rate your satisfaction with each of the following items concerning your recycling service. [. Overall quality of the City's curbside recycling program],0.45731097889894173,Medium,441
please rate satisfaction following environmental sustainability items 6 citys promotion sustainable practices residents businesses,Please rate your satisfaction with each of the following communication items. [. The quality of the City's website],0.09041752095553515,Low,770
please rate satisfaction following leadership items 1 overall quality leadership provided citys elected officials,Please rate your satisfaction with each of the following items concerning city leadership. [. Overall quality of leadership provided by the City's elected officials],0.9220144907537172,High,22
please rate satisfaction following leadership items 2 overall responsiveness citys elected leadership,Please rate your satisfaction with each of the following items concerning city leadership. [. Overall quality of leadership provided by the City's elected officials],0.7193051846718543,High,177
please rate satisfaction following leadership items 3 overall effectiveness city manager department directors,Please rate your satisfaction with each of the following items concerning city leadership. [. Overall quality of leadership provided by the City's elected officials],0.3692588757980716,Low,532
please rate satisfaction following communication items 1 availability information city programs services,Please rate your satisfaction with each of the following communication items. [. The quality of the City's website],0.446142171670735,Low,452
please rate satisfaction following communication items 2 city efforts keep informed local issues,Please rate your satisfaction with each of the following items concerning your trash service. [. City efforts to keep you informed about trash removal issues],0.4919498434595513,Medium,402
please rate satisfaction following communication items 3 level public engagement local decisionmaking,Please rate your satisfaction with each of the following communication items. [. The quality of the City's website],0.3176123890189888,Low,578
please rate satisfaction following communication items 4 quality citys website,Please rate your satisfaction with each of the following communication items. [. The quality of the City's website],0.9337793279686216,High,18
please rate satisfaction following communication items 5 quality citys newsletter,Please rate your satisfaction with each of the following communication items. [. The quality of the City's website],0.5664765761373153,Medium,318
please rate satisfaction following communication items 6 quality citys social media,Please rate your satisfaction with each of the following communication items. [. The quality of the City's website],0.4947953397238991,Medium,393
please rate satisfaction following communication items 7 quality live streaming city meetings,Please rate your satisfaction with each of the following communication items. [. The quality of the City's website],0.4613239963744707,Medium,437
following primary sources information city issues services events city newsletter overview,"Which of the following are your primary sources of information about City issues, services, and events?  [Other]",0.7413399011084364,High,159
citys website opkansas ,Please rate your satisfaction with each of the following communication items. [. The quality of the City's website],0.34130867482393207,Low,551
following primary sources information city issues services events city social media accounts,"Which of the following are your primary sources of information about City issues, services, and events?  [Other]",0.6992985453566894,High,194
following primary sources information city issues services events city enewsletters,"Which of the following are your primary sources of information about City issues, services, and events?  [Other]",0.8232787301940632,High,84
following primary sources information city issues services events livestreaming city meetings,"Which of the following are your primary sources of information about City issues, services, and events?  [Other]",0.7363188167902396,High,163
following primary sources information city issues services events social media generally city accounts,"Which of the following are your primary sources of information about City issues, services, and events?  [Other]",0.6392203198128628,Medium,247
following primary sources information city issues services events [city name] star,"Which of the following are your primary sources of information about City issues, services, and events?  [Other]",0.8232787301940632,High,84
following primary sources information city issues services events [city name] county post,"Which of the following are your primary sources of information about City issues, services, and events?  [Other]",0.7413399011084366,High,158
following primary sources information city issues services events television news,"Which of the following are your primary sources of information about City issues, services, and events?  [Other]",0.770084168867054,High,120
following primary sources information city issues services events radio,"Which of the following are your primary sources of information about City issues, services, and events?  [Other]",0.8382831058508667,High,74
following primary sources information city issues services events ,"Which of the following are your primary sources of information about City issues, services, and events?  [Other]",1.0,High,3
please define ,"Please define ""Other.""",1.0,High,3
called emailed used online customer service system opcares visited city question problem complaint past year ,Major Categories of City Services. Please indicate whether you or any member of your household have used each of the following services in the past 12 months. [. Customer service provided by city employees],0.2508233614648841,Low,650
easy contact person needed reach ,Which FOUR of the services listed above do you think should be the City's top priorities? [2nd:],0.0,Low,782
item please rate often employees contacted past year displayed behavior described 1 courteous polite,Please rate the performance of the City employees who helped you the last time you contacted the City in the following areas. [. Courtesy],0.20853860962687376,Low,679
item please rate often employees contacted past year displayed behavior described 2 gave prompt accurate complete answers questions,Please rate the performance of the City employees who helped you the last time you contacted the City in the following areas. [. Courtesy],0.1681741169474274,Low,724
item please rate often employees contacted past year displayed behavior described 3 said would timely manner,Please rate the performance of the City employees who helped you the last time you contacted the City in the following areas. [. Courtesy],0.1944215735617665,Low,695
item please rate often employees contacted past year displayed behavior described 4 helped resolve issue satisfaction,Please rate the performance of the City employees who helped you the last time you contacted the City in the following areas. [. Courtesy],0.3358620142398707,Low,560
please rate safe feel following situations 1 neighborhood day,Please rate how safe you feel in the following situations. [. In your neighborhood during the day],1.0000000000000002,High,2
please rate safe feel following situations 2 neighborhood night,Please rate how safe you feel in the following situations. [. In your neighborhood during the day],0.7081691423421155,High,184
please rate safe feel following situations 3 city parks recreation facilities,Please rate how safe you feel in the following situations. [. In your neighborhood during the day],0.5817663963274293,Medium,301
please rate safe feel following situations 4 commercial retail areas day,Please rate how safe you feel in the following situations. [. In your neighborhood during the day],0.724853219840077,High,172
please rate safe feel following situations 5 commercial retail areas night,Please rate how safe you feel in the following situations. [. In your neighborhood during the day],0.48427241105647323,Medium,409
please rate safe feel following situations 6 biking city streets,Please rate how safe you feel in the following situations. [. In your neighborhood during the day],0.5848738799715042,Medium,298
please rate safe feel following situations 7 targeted extremist violence,Please rate how safe you feel in the following situations. [. In your neighborhood during the day],0.43190288282646433,Low,463
please rate safe feel following situations 8 racismand hatebased crimes,Please rate how safe you feel in the following situations. [. In your neighborhood during the day],0.43190288282646433,Low,463
please rate city [city name] regard following 1 place live,Please rate the City of [city name] with regard to the following. [. As a place to live],1.0,High,3
please rate city [city name] regard following 2 place raise children,Please rate the City of [city name] with regard to the following. [. As a place to live],0.598032165874147,Medium,286
please rate city [city name] regard following 3 place work,Please rate the City of [city name] with regard to the following. [. As a place to live],0.774511448918577,High,114
please rate city [city name] regard following 4 place retire,Please rate the City of [city name] with regard to the following. [. As a place to live],0.6841350202319063,High,208
please rate city [city name] regard following 5 place visit,Please rate the City of [city name] with regard to the following. [. As a place to live],0.6679102715837307,High,222
different housing types already offered [city name] help meet needs future generations community accessory dwelling units smaller independent residential dwelling units located lot singlefamily home also known granny flats carriage houses,The City is aware of a shortage of housing nationwide and locally. Different housing types not already offered in [city name] will help meet the needs of future generations in our community. Do you support the City facilitating more housing in [city name] through... [Fourplexes],0.32049463252199006,Low,577
different housing types already offered [city name] help meet needs future generations community cottage court neighborhoods,The City is aware of a shortage of housing nationwide and locally. Different housing types not already offered in [city name] will help meet the needs of future generations in our community. Do you support the City facilitating more housing in [city name] through... [Fourplexes],0.5686680553942389,Medium,314
different housing types already offered [city name] help meet needs future generations community duplexes,The City is aware of a shortage of housing nationwide and locally. Different housing types not already offered in [city name] will help meet the needs of future generations in our community. Do you support the City facilitating more housing in [city name] through... [Fourplexes],0.6413635242247866,Medium,244
different housing types already offered [city name] help meet needs future generations community triplexes,The City is aware of a shortage of housing nationwide and locally. Different housing types not already offered in [city name] will help meet the needs of future generations in our community. Do you support the City facilitating more housing in [city name] through... [Fourplexes],0.6357755635793997,Medium,249
different housing types already offered [city name] help meet needs future generations community fourplexes,The City is aware of a shortage of housing nationwide and locally. Different housing types not already offered in [city name] will help meet the needs of future generations in our community. Do you support the City facilitating more housing in [city name] through... [Fourplexes],0.7303559085557845,High,168
different housing types already offered [city name] help meet needs future generations community small format apartment buildings,The City is aware of a shortage of housing nationwide and locally. Different housing types not already offered in [city name] will help meet the needs of future generations in our community. Do you support the City facilitating more housing in [city name] through... [Fourplexes],0.5383169746178248,Medium,348
different housing types already offered [city name] help meet needs future generations community housing incentives programs incentivize building housing,The City is aware of a shortage of housing nationwide and locally. Different housing types not already offered in [city name] will help meet the needs of future generations in our community. Do you support the City facilitating more housing in [city name] through... [Fourplexes],0.6572368593515544,High,227
support citys transportation network better accommodate multimodal transportation ,"To meet the needs of future generations, the City is considering changes to the transportation infrastructure and network to better accommodate walking, biking, using public transit and charging electric vehicles. Do you support the City's transportation network to better accommodate multimodal transportation by... [Providing safe walking options to and from home, work, school, parks, grocery stores, etc.]",0.6301398813575454,Medium,253
support citys transportation network better accommodate multimodal transportation ,"To meet the needs of future generations, the City is considering changes to the transportation infrastructure and network to better accommodate walking, biking, using public transit and charging electric vehicles. Do you support the City's transportation network to better accommodate multimodal transportation by... [Providing safe walking options to and from home, work, school, parks, grocery stores, etc.]",0.6301398813575454,Medium,253
support citys transportation network better accommodate multimodal transportation providing electric vehicle charging infrastructure public property,"To meet the needs of future generations, the City is considering changes to the transportation infrastructure and network to better accommodate walking, biking, using public transit and charging electric vehicles. Do you support the City's transportation network to better accommodate multimodal transportation by... [Providing safe walking options to and from home, work, school, parks, grocery stores, etc.]",0.6494235756577197,Medium,239
support citys transportation network better accommodate multimodal transportation facilitating electric vehicle charging infrastructure private property,"To meet the needs of future generations, the City is considering changes to the transportation infrastructure and network to better accommodate walking, biking, using public transit and charging electric vehicles. Do you support the City's transportation network to better accommodate multimodal transportation by... [Providing safe walking options to and from home, work, school, parks, grocery stores, etc.]",0.5746524081549638,Medium,309
support citys transportation network better accommodate multimodal transportation ,"To meet the needs of future generations, the City is considering changes to the transportation infrastructure and network to better accommodate walking, biking, using public transit and charging electric vehicles. Do you support the City's transportation network to better accommodate multimodal transportation by... [Providing safe walking options to and from home, work, school, parks, grocery stores, etc.]",0.6301398813575454,Medium,253
increases tax [city name] would require community approval future election ,The City is aware of a shortage of housing nationwide and locally. Different housing types not already offered in [city name] will help meet the needs of future generations in our community. Do you support the City facilitating more housing in [city name] through... [Fourplexes],0.11464679003613938,Low,766
approximately many years lived city [city name] ,Which THREE of the City services listed in Question 1 do you think are most important for the City to emphasize over the next TWO years? [1st:],0.19904966245546635,Low,691
approximately many years lived current residence ,Do you own or rent your current residence?,0.5255763517573571,Medium,364
rent current residence ,Do you own or rent your current residence?,1.0000000000000004,High,1
live east west antioch ,Please rate the City of [city name] with regard to the following. [. As a place to live],0.15695513594187735,Low,734
following best describes location home ,Which of the following best describes your race/ethnicity? [Other],0.2782283457266122,Low,625
counting many people regularly live household ,"Counting yourself, how many people in your household are… [Ages 65-74:]",0.41228020972798324,Low,487
ever made code compliance complaint code complaint filed ,Please rate your satisfaction with each of the following code enforcement items. [. Enforcing the maintenance of commercial property in your neighborhood],0.1705515286162965,Low,722
including many persons household following age groups 5 years,"Including yourself, how many persons in your household are in each of the following age groups? [65-74 years:]",0.7645090134918868,High,130
including many persons household following age groups 59 years,"Including yourself, how many persons in your household are in each of the following age groups? [65-74 years:]",0.652961140658418,High,232
including many persons household following age groups 1014 years,"Including yourself, how many persons in your household are in each of the following age groups? [65-74 years:]",0.652961140658418,High,232
including many persons household following age groups 1519 years,"Including yourself, how many persons in your household are in each of the following age groups? [65-74 years:]",0.652961140658418,High,232
including many persons household following age groups 2024 years,"Including yourself, how many persons in your household are in each of the following age groups? [65-74 years:]",0.652961140658418,High,232
including many persons household following age groups 2534 years,"Including yourself, how many persons in your household are in each of the following age groups? [65-74 years:]",0.652961140658418,High,232
including many persons household following age groups 3544 years,"Including yourself, how many persons in your household are in each of the following age groups? [65-74 years:]",0.652961140658418,High,232
including many persons household following age groups 4554 years,"Including yourself, how many persons in your household are in each of the following age groups? [65-74 years:]",0.652961140658418,High,232
including many persons household following age groups 5564 years,"Including yourself, how many persons in your household are in each of the following age groups? [65-74 years:]",0.652961140658418,High,232
including many persons household following age groups 6574 years,"Including yourself, how many persons in your household are in each of the following age groups? [65-74 years:]",0.652961140658418,High,232
including many persons household following age groups 75 years,"Including yourself, how many persons in your household are in each of the following age groups? [65-74 years:]",0.652961140658418,High,232
age ,What is your age?,1.0,High,3
many persons household employed following areas within city limits [city name],How many persons in your household are employed in each of the following areas? [Within the City limits of [city name]:],1.0,High,3
many persons household employed following areas outside [city name] within [city name] county,How many persons in your household are employed in each of the following areas? [Within the City limits of [city name]:],0.615707094963822,Medium,268
many persons household employed following areas outside [city name] county within [city name] metro area,How many persons in your household are employed in each of the following areas? [Within the City limits of [city name]:],0.5269062226875163,Medium,362
many persons household employed following areas outside [city name] metro area,How many persons in your household are employed in each of the following areas? [Within the City limits of [city name]:],0.5552441699976512,Medium,331
approximate annual income total household ,What is your total annual household income?,0.8303043304365539,High,78
members household spanish hispanic latino heritage ,"Which of the following best describes your race/ethnicity? [Hispanic, Spanish, or Latino/a/x]",0.5076661147339262,Medium,385
many people spanish hispanic latino heritage ,"Which of the following best describes your race/ethnicity? [Hispanic, Spanish, or Latino/a/x]",0.5314288223622647,Medium,357
following best describes raceethnicity asian asian indian,Which of the following best describes your race/ethnicity? [American Indian or Alaska Native],0.2609765507723325,Low,642
following best describes raceethnicity black african american,Which of the following best describes your race/ethnicity? [American Indian or Alaska Native],0.32558684970278573,Low,570
following best describes raceethnicity american indian alaska native,Which of the following best describes your race/ethnicity? [American Indian or Alaska Native],0.774741671635878,High,113
following best describes raceethnicity white caucasian,Which of the following best describes your race/ethnicity? [Other],0.25999563311277574,Low,645
following best describes raceethnicity native hawaiian pacific islander,Which of the following best describes your race/ethnicity? [American Indian or Alaska Native],0.28589763925820416,Low,615
following best describes raceethnicity hispanic spanish latinoax,"Which of the following best describes your race/ethnicity? [Hispanic, Spanish, or Latino/a/x]",0.5283100531798128,Medium,360
following best describes raceethnicity korean,Which of the following best describes your race/ethnicity? [Other],0.311875547144661,Low,587
following best describes raceethnicity chinese,Which of the following best describes your race/ethnicity? [Other],0.311875547144661,Low,587
following best describes raceethnicity middle eastern north african,Which of the following best describes your race/ethnicity? [Other],0.20489096124442857,Low,685
following best describes raceethnicity slaviceastern european,Which of the following best describes your race/ethnicity? [Other],0.25717341980202624,Low,647
following best describes raceethnicity unknowndont know,Which of the following best describes your race/ethnicity? [Other],0.25717341980202624,Low,647
following best describes raceethnicity prefer say,Which of the following best describes your race/ethnicity? [Other],0.27190879910410415,Low,635
following best describes raceethnicity ,Which of the following best describes your race/ethnicity? [Other],0.4286585405591414,Low,466
please describe raceethnicity ,Which FOUR of the services listed above do you think should be the City's top priorities? [2nd:],0.0,Low,782
primary language spoken home ,"Which of the following are your primary sources of information about City issues, services, and events?  [Other]",0.21113008613469486,Low,678
please define ,"Please define ""Other.""",1.0,High,3
gender listed birth certificate ,What is your gender?,0.47943440512411867,Medium,417
gender identity ,What is your gender?,0.6281567773743447,Medium,254
major categories city services provided city [city name] listed 01 overall quality police service,Please rate each of the following major categories of services provided by the City of [city name]. [. Overall quality of customer service you receive from City employees],0.6550994880562849,High,231
major categories city services provided city [city name] listed 02 overall quality fire services,"Please rate your overall satisfaction with major categories of services provided by the City of [city name]. [. Overall quality of police, fire, and emergency medical services]",0.6485660289524584,Medium,242
major categories city services provided city [city name] listed 03 overall efforts city ensure community prepared emergencies,Please rate each of the following major categories of services provided by the City of [city name]. [. Overall quality of customer service you receive from City employees],0.3882355201634453,Low,517
major categories city services provided city [city name] listed 04 overall maintenance city streets sidewalks infrastructure,Maintenance. Please rate your satisfaction with the following services provided by the City of [city name]. [. Condition of major City streets],0.5760707416386655,Medium,306
major categories city services provided city [city name] listed 05 overall effectiveness communication city,Please rate each of the following major categories of services provided by the City of [city name]. [. Overall quality of customer service you receive from City employees],0.48210327273969406,Medium,412
major categories city services provided city [city name] listed 06 overall flow traffic congestion management streets city,Maintenance. Please rate your satisfaction with the following services provided by the City of [city name]. [. Condition of major City streets],0.4392709123835956,Low,458
major categories city services provided city [city name] listed 07 overall quality stormwater management city,Please rate each of the following major categories of services provided by the City of [city name]. [. Overall quality of customer service you receive from City employees],0.5168801066528771,Medium,375
major categories city services provided city [city name] listed 08 overall quality parks recreation programs facilities,Please rate each of the following major categories of services provided by the City of [city name]. [. Overall quality of customer service you receive from City employees],0.4970252770219077,Medium,389
major categories city services provided city [city name] listed 09 overall quality customer service provided city employees,Please rate each of the following major categories of services provided by the City of [city name]. [. Overall quality of customer service you receive from City employees],0.8590719776065137,High,56
major categories city services provided city [city name] listed 10 overall enforcement local codes ordinances,"Please rate your overall satisfaction with major categories of services provided by the City of [city name]. [. Overall quality of police, fire, and emergency medical services]",0.4000118968276153,Low,504
major categories city services provided city [city name] listed 11 overall quality public transportationbus services,"Please rate your overall satisfaction with major categories of services provided by the City of [city name]. [. Overall quality of police, fire, and emergency medical services]",0.5328660417807655,Medium,354
major categories city services provided city [city name] listed 12 wastewatersanitary sewer services,Major Categories of City Services. Please indicate whether you or any member of your household have used each of the following services in the past 12 months. [. Customer service provided by city employees],0.42861776967844906,Low,467
three city services listed question 1 think important city emphasize next two years 1st,Which THREE of the City services listed in Question 1 do you think are most important for the City to emphasize over the next TWO years? [1st:],1.0000000000000002,High,2
three city services listed question 1 think important city emphasize next two years 2nd,Which THREE of the City services listed in Question 1 do you think are most important for the City to emphasize over the next TWO years? [1st:],0.8487437499996748,High,64
three city services listed question 1 think important city emphasize next two years 3rd,Which THREE of the City services listed in Question 1 do you think are most important for the City to emphasize over the next TWO years? [1st:],0.829464781025286,High,80
please rate satisfaction following items may influence perception city [city name] 1 overall quality services provided city,Perceptions of the Community. Please rate your satisfaction with each of the following items that may influence your perception of the City of [city name]. [. Overall quality of life in the City],0.6802627324011553,High,212
please rate satisfaction following items may influence perception city [city name] 2 overall value receive city tax dollars fees,Perceptions of the Community. Please rate your satisfaction with each of the following items that may influence your perception of the City of [city name]. [. Overall quality of life in the City],0.4213615099728234,Low,474
please rate satisfaction following items may influence perception city [city name] 3 overall image city,Perceptions of the Community. Please rate your satisfaction with each of the following items that may influence your perception of the City of [city name]. [. Overall quality of life in the City],0.5794131362427338,Medium,302
please rate satisfaction following items may influence perception city [city name] 4 overall quality life city,Perceptions of the Community. Please rate your satisfaction with each of the following items that may influence your perception of the City of [city name]. [. Overall quality of life in the City],0.800797666952773,High,99
please rate satisfaction following items may influence perception city [city name] 5 overall feeling safety city,Perceptions of the Community. Please rate your satisfaction with each of the following items that may influence your perception of the City of [city name]. [. Overall quality of life in the City],0.5471748210385823,Medium,336
please rate satisfaction following items may influence perception city [city name] 6 overall leadership elected officials,Please rate your satisfaction with each of the following items concerning city leadership. [. Overall quality of leadership provided by the City's elected officials],0.764604127023762,High,129
please rate satisfaction following items may influence perception city [city name] 7 overall leadership city manager senior staff,Perceptions of the Community. Please rate your satisfaction with each of the following items that may influence your perception of the City of [city name]. [. Overall quality of life in the City],0.42089063933952037,Low,476
please rate satisfaction following services provided city [city name] 1 overall quality local police protection,"Please rate your overall satisfaction with major categories of services provided by the City of [city name]. [. Overall quality of police, fire, and emergency medical services]",0.520527266418878,Medium,369
please rate satisfaction following services provided city [city name] 2 visibility police neighborhoods,Please rate your satisfaction with the following public safety services provided by the City of [city name]. [. The visibility of police in retail areas],0.6317406763151471,Medium,252
please rate satisfaction following services provided city [city name] 3 visibility police commercial retail areas,Please rate your satisfaction with the following public safety services provided by the City of [city name]. [. The visibility of police in retail areas],0.8033633537512831,High,98
please rate satisfaction following services provided city [city name] 4 quickly police respond emergencies,Please rate your satisfaction with the following public safety services provided by the City of [city name]. [. The visibility of police in retail areas],0.37449907593832094,Low,531
please rate satisfaction following services provided city [city name] 5 efforts local government area prevent crime,Maintenance. Please rate your satisfaction with the following services provided by the City of [city name]. [. Condition of major City streets],0.25190548105396454,Low,649
please rate satisfaction following services provided city [city name] 6 enforcement local traffic laws,Maintenance. Please rate your satisfaction with the following services provided by the City of [city name]. [. Condition of major City streets],0.3161814711589258,Low,581
please rate satisfaction following services provided city [city name] 7 professionalism police officers respond service calls,Please rate your satisfaction with the following public safety services provided by the City of [city name]. [. The visibility of police in retail areas],0.30076870321030613,Low,601
please rate satisfaction following services provided city [city name] 8 overall police involvement engagement community,"Please rate your overall satisfaction with major categories of services provided by the City of [city name]. [. Overall quality of police, fire, and emergency medical services]",0.40980411904652336,Low,492
three police services listed question 4 think important city emphasize next two years 1st,Which THREE of the City services listed in Question 1 do you think are most important for the City to emphasize over the next TWO years? [1st:],0.9261325795657166,High,19
three police services listed question 4 think important city emphasize next two years 2nd,Which THREE of the City services listed in Question 1 do you think are most important for the City to emphasize over the next TWO years? [1st:],0.7800451634774629,High,109
three police services listed question 4 think important city emphasize next two years 3rd,Which THREE of the City services listed in Question 1 do you think are most important for the City to emphasize over the next TWO years? [1st:],0.7635056468317368,High,131
please rate satisfaction following services provided city [city name] 1 maintenance city parks park facilities,Please rate your satisfaction with each of the park services listed. [. The number of City parks],0.5840195328757801,Medium,299
please rate satisfaction following services provided city [city name] 2 number city parks park facilities,Please rate your satisfaction with each of the park services listed. [. The number of City parks],0.7339352336656462,High,166
please rate satisfaction following services provided city [city name] 3 quality facilities picnic shelters playgrounds,Maintenance. Please rate your satisfaction with the following services provided by the City of [city name]. [. Condition of major City streets],0.2604421247871458,Low,643
please rate satisfaction following services provided city [city name] 4 quality outdoor athletic fields,Maintenance. Please rate your satisfaction with the following services provided by the City of [city name]. [. Condition of major City streets],0.30917549777445846,Low,590
please rate satisfaction following services provided city [city name] 5 quality walking biking trails,Please rate your satisfaction with each of the park services listed. [. Number of walking and biking trails in the City],0.7497756717078194,High,148
please rate satisfaction following services provided city [city name] 6 number walking biking trails,Please rate your satisfaction with each of the park services listed. [. Number of walking and biking trails in the City],0.8414013698103348,High,69
please rate satisfaction following services provided city [city name] 7 quality city sponsored special events,Maintenance. Please rate your satisfaction with the following services provided by the City of [city name]. [. Condition of major City streets],0.3604915226419937,Low,537
please rate satisfaction following services provided city [city name] 8 safety community parks facilities,Please rate your satisfaction with the following public safety services provided by the City of [city name]. [. The visibility of police in retail areas],0.4215951343649469,Low,473
three parks recreation services listed question 6 think important city emphasize next two years 1st,Which THREE of the City services listed in Question 1 do you think are most important for the City to emphasize over the next TWO years? [1st:],0.9017908182559875,High,35
three parks recreation services listed question 6 think important city emphasize next two years 2nd,Which THREE of the City services listed in Question 1 do you think are most important for the City to emphasize over the next TWO years? [1st:],0.7595000851771807,High,139
three parks recreation services listed question 6 think important city emphasize next two years 3rd,Which THREE of the City services listed in Question 1 do you think are most important for the City to emphasize over the next TWO years? [1st:],0.7442082111138192,High,155
please rate satisfaction following services provided city [city name] 01 condition major city streets,Maintenance. Please rate your satisfaction with the following services provided by the City of [city name]. [. Condition of major City streets],0.8715396582726946,High,53
please rate satisfaction following services provided city [city name] 02 condition streets neighborhood,Maintenance. Please rate your satisfaction with the following services provided by the City of [city name]. [. Condition of major City streets],0.7043514438982227,High,189
please rate satisfaction following services provided city [city name] 03 condition sidewalks neighborhood,Maintenance. Please rate your satisfaction with the following services provided by the City of [city name]. [. Condition of major City streets],0.5348606566425997,Medium,351
please rate satisfaction following services provided city [city name] 04 condition sidewalks city,Maintenance. Please rate your satisfaction with the following services provided by the City of [city name]. [. Condition of major City streets],0.6151019645855716,Medium,269
please rate satisfaction following services provided city [city name] 05 condition street signs traffic signals,Maintenance. Please rate your satisfaction with the following services provided by the City of [city name]. [. Condition of major City streets],0.43174989386679774,Low,465
please rate satisfaction following services provided city [city name] 06 adequacy street lighting community,Maintenance. Please rate your satisfaction with the following services provided by the City of [city name]. [. Condition of major City streets],0.28342474025945674,Low,618
please rate satisfaction following services provided city [city name] 07 accessibility streets sidewalks buildings people disabilities,Maintenance. Please rate your satisfaction with the following services provided by the City of [city name]. [. Condition of major City streets],0.34594444023327847,Low,548
please rate satisfaction following services provided city [city name] 08 mowing tree trimming along streets public areas,Maintenance. Please rate your satisfaction with the following services provided by the City of [city name]. [. Condition of major City streets],0.3745206245766237,Low,530
please rate satisfaction following services provided city [city name] 09 cleanliness streets public areas,Maintenance. Please rate your satisfaction with the following services provided by the City of [city name]. [. Condition of major City streets],0.4568332199155792,Medium,442
please rate satisfaction following services provided city [city name] 10 onstreet bicycle infrastructure bike lanessignssharrows,Maintenance. Please rate your satisfaction with the following services provided by the City of [city name]. [. Condition of major City streets],0.2379578181059813,Low,660
please rate satisfaction following services provided city [city name] 11 condition pavement markings streets,Maintenance. Please rate your satisfaction with the following services provided by the City of [city name]. [. Condition of major City streets],0.5428110803389528,Medium,340
please rate satisfaction following services provided city [city name] 12 condition landscaping streetscaping medians along streets,Maintenance. Please rate your satisfaction with the following services provided by the City of [city name]. [. Condition of major City streets],0.4944733422220684,Medium,395
please rate satisfaction following services provided city [city name] 13 appearance us 1 commercial corridor,Maintenance. Please rate your satisfaction with the following services provided by the City of [city name]. [. Condition of major City streets],0.2870451690909783,Low,612
please rate satisfaction following services provided city [city name] 14 condition appearance downtown [city name],Maintenance. Please rate your satisfaction with the following services provided by the City of [city name]. [. Condition of major City streets],0.5253234336131407,Medium,365
three maintenance services listed question 8 think important city emphasize next two years 1st,Which THREE of the City services listed in Question 1 do you think are most important for the City to emphasize over the next TWO years? [1st:],0.9441922978280815,High,14
three maintenance services listed question 8 think important city emphasize next two years 2nd,Which THREE of the City services listed in Question 1 do you think are most important for the City to emphasize over the next TWO years? [1st:],0.7952903126266705,High,101
three maintenance services listed question 8 think important city emphasize next two years 3rd,Which THREE of the City services listed in Question 1 do you think are most important for the City to emphasize over the next TWO years? [1st:],0.7777837966617591,High,110
please check sources information use get information city services news events 01 visiting city hall,"Please CHECK ALL of the sources of information you use to get information about City services, news, and events? [. Other]",0.7703594165706559,High,119
please check sources information use get information city services news events 02 emailing city,"Please CHECK ALL of the sources of information you use to get information about City services, news, and events? [. Other]",0.824319117567512,High,83
please check sources information use get information city services news events 03 calling city,"Please CHECK ALL of the sources of information you use to get information about City services, news, and events? [. Other]",0.824319117567512,High,83
please check sources information use get information city services news events 04 instagram,"Please CHECK ALL of the sources of information you use to get information about City services, news, and events? [. Other]",0.8244713303745455,High,82
please check sources information use get information city services news events 05 city website,"Please CHECK ALL of the sources of information you use to get information about City services, news, and events? [. Other]",0.8655065091139041,High,54
please check sources information use get information city services news events 06 mailers,"Please CHECK ALL of the sources of information you use to get information about City services, news, and events? [. Other]",0.8244713303745455,High,82
please check sources information use get information city services news events 07 facebook,"Please CHECK ALL of the sources of information you use to get information about City services, news, and events? [. Other]",0.8244713303745455,High,82
please check sources information use get information city services news events 08 x twitter,"Please CHECK ALL of the sources of information you use to get information about City services, news, and events? [. Other]",0.8418805832799214,High,68
please check sources information use get information city services news events 09 city enewsletter,"Please CHECK ALL of the sources of information you use to get information about City services, news, and events? [. Other]",0.8410886161134239,High,70
please check sources information use get information city services news events 10 tv news outlets,"Please CHECK ALL of the sources of information you use to get information about City services, news, and events? [. Other]",0.7670783310124006,High,124
please check sources information use get information city services news events 11 newspapers,"Please CHECK ALL of the sources of information you use to get information about City services, news, and events? [. Other]",0.8220860969772599,High,87
please check sources information use get information city services news events 12 radio,"Please CHECK ALL of the sources of information you use to get information about City services, news, and events? [. Other]",0.8398942666016165,High,72
please check sources information use get information city services news events 13 hoa,"Please CHECK ALL of the sources of information you use to get information about City services, news, and events? [. Other]",0.8124360623394611,High,94
please check sources information use get information city services news events 14 riveria beach magazine,"Please CHECK ALL of the sources of information you use to get information about City services, news, and events? [. Other]",0.724555724392106,High,173
please check sources information use get information city services news events 15,"Please CHECK ALL of the sources of information you use to get information about City services, news, and events? [. Other]",0.9138219556321105,High,28
please define ,"Please define ""Other.""",1.0,High,3
three sources listed question 10 prefer use get information city services news events 1st,"Please CHECK ALL of the sources of information you use to get information about City services, news, and events? [. Other]",0.6490717781810367,Medium,240
three sources listed question 10 prefer use get information city services news events 2nd,"Please CHECK ALL of the sources of information you use to get information about City services, news, and events? [. Other]",0.649587598225219,Medium,238
three sources listed question 10 prefer use get information city services news events 3rd,"Please CHECK ALL of the sources of information you use to get information about City services, news, and events? [. Other]",0.6394601755014778,Medium,246
please rate satisfaction following items 1 availability housing options price range,Please CHECK ALL of the following types of retail and restaurant options you would like to see in [city name]. [Other],0.1817053137769055,Low,707
please rate satisfaction following items 2 availability range housing types eg apartments townhomes condos duplexes single family,The City is aware of a shortage of housing nationwide and locally. Different housing types not already offered in [city name] will help meet the needs of future generations in our community. Do you support the City facilitating more housing in [city name] through... [Fourplexes],0.1527610037710297,Low,739
please rate satisfaction following items 3 efforts city expand preserve housing affordable,The City is aware of a shortage of housing nationwide and locally. Different housing types not already offered in [city name] will help meet the needs of future generations in our community. Do you support the City facilitating more housing in [city name] through... [Fourplexes],0.20428800790990725,Low,686
think number variety places live work play [city name] would like see fewer following types places [city name] 01 educational facilities daycares trade schools private schools charter schools,"When you think about the number and variety of places to live, work and play in [city name], would you like to see more, about the same, or fewer of the following types of places in [city name]? [. Retail and shopping plazas]",0.4516842928500975,Medium,445
think number variety places live work play [city name] would like see fewer following types places [city name] 02 historic monuments murals,"When you think about the number and variety of places to live, work and play in [city name], would you like to see more, about the same, or fewer of the following types of places in [city name]? [. Retail and shopping plazas]",0.6626309669830515,High,223
think number variety places live work play [city name] would like see fewer following types places [city name] 03 small scale multiunit housing motherinlaw suite smaller units attached detached main house duplex triplex smaller size homes sharing lawn etc,"When you think about the number and variety of places to live, work and play in [city name], would you like to see more, about the same, or fewer of the following types of places in [city name]? [. Retail and shopping plazas]",0.3867509285248509,Low,521
think number variety places live work play [city name] would like see fewer following types places [city name] 04 carwash,"When you think about the number and variety of places to live, work and play in [city name], would you like to see more, about the same, or fewer of the following types of places in [city name]? [. Retail and shopping plazas]",0.7552422044354112,High,142
think number variety places live work play [city name] would like see fewer following types places [city name] 05 restaurants coffee shops cafes smoothie shops bars,"When you think about the number and variety of places to live, work and play in [city name], would you like to see more, about the same, or fewer of the following types of places in [city name]? [. Retail and shopping plazas]",0.5273715072952894,Medium,361
think number variety places live work play [city name] would like see fewer following types places [city name] 06 entertainment venues bowling movies jump gyms racetracks etc,"When you think about the number and variety of places to live, work and play in [city name], would you like to see more, about the same, or fewer of the following types of places in [city name]? [. Retail and shopping plazas]",0.5531137376108113,Medium,334
think number variety places live work play [city name] would like see fewer following types places [city name] 07 public parks recreation places play ages trails linear parks,"When you think about the number and variety of places to live, work and play in [city name], would you like to see more, about the same, or fewer of the following types of places in [city name]? [. Retail and shopping plazas]",0.6839239345382716,High,209
think number variety places live work play [city name] would like see fewer following types places [city name] 08 grocery stores markets,"When you think about the number and variety of places to live, work and play in [city name], would you like to see more, about the same, or fewer of the following types of places in [city name]? [. Retail and shopping plazas]",0.6760776117417534,High,215
think number variety places live work play [city name] would like see fewer following types places [city name] 09 beauty salons barber shops nail salons,"When you think about the number and variety of places to live, work and play in [city name], would you like to see more, about the same, or fewer of the following types of places in [city name]? [. Retail and shopping plazas]",0.5313648065216955,Medium,358
think number variety places live work play [city name] would like see fewer following types places [city name] 10 medical health care,"When you think about the number and variety of places to live, work and play in [city name], would you like to see more, about the same, or fewer of the following types of places in [city name]? [. Retail and shopping plazas]",0.7081691849887151,High,183
think number variety places live work play [city name] would like see fewer following types places [city name] 11 makerspaces community operated spaces people common interests like woodwork crafts commercial kitchens etc,"When you think about the number and variety of places to live, work and play in [city name], would you like to see more, about the same, or fewer of the following types of places in [city name]? [. Retail and shopping plazas]",0.5208651712175598,Medium,367
think number variety places live work play [city name] would like see fewer following types places [city name] 12 librariesbookstores,"When you think about the number and variety of places to live, work and play in [city name], would you like to see more, about the same, or fewer of the following types of places in [city name]? [. Retail and shopping plazas]",0.7579827497993529,High,140
think number variety places live work play [city name] would like see fewer following types places [city name] 13 mid high rise apartments 4 floors,"When you think about the number and variety of places to live, work and play in [city name], would you like to see more, about the same, or fewer of the following types of places in [city name]? [. Retail and shopping plazas]",0.6070426104432127,Medium,279
think number variety places live work play [city name] would like see fewer following types places [city name] 14 retail shopping plazas,"When you think about the number and variety of places to live, work and play in [city name], would you like to see more, about the same, or fewer of the following types of places in [city name]? [. Retail and shopping plazas]",0.9647717992830662,High,8
think number variety places live work play [city name] would like see fewer following types places [city name] 15 fitness centers gyms dance schools yoga studio etc,"When you think about the number and variety of places to live, work and play in [city name], would you like to see more, about the same, or fewer of the following types of places in [city name]? [. Retail and shopping plazas]",0.5583805557996344,Medium,327
think number variety places live work play [city name] would like see fewer following types places [city name] 16 mixed use buildings businesses bottom another use top apartments,"When you think about the number and variety of places to live, work and play in [city name], would you like to see more, about the same, or fewer of the following types of places in [city name]? [. Retail and shopping plazas]",0.5889420119527624,Medium,292
17 public gathering places plazas courtyards ,"When you think about the number and variety of places to live, work and play in [city name], would you like to see more, about the same, or fewer of the following types of places in [city name]? [. Retail and shopping plazas]",0.3051905071757899,Low,594
think number variety places live work play [city name] would like see fewer following types places [city name] 18 warehousesstorage warehouses,"When you think about the number and variety of places to live, work and play in [city name], would you like to see more, about the same, or fewer of the following types of places in [city name]? [. Retail and shopping plazas]",0.6879355411530979,High,205
think number variety places live work play [city name] would like see fewer following types places [city name] 19 pet friendly amenities,"When you think about the number and variety of places to live, work and play in [city name], would you like to see more, about the same, or fewer of the following types of places in [city name]? [. Retail and shopping plazas]",0.6555303495768378,High,230
think number variety places live work play [city name] would like see fewer following types places [city name] 20 cultural facilities community center museums performing arts outdoor amphitheaters,"When you think about the number and variety of places to live, work and play in [city name], would you like to see more, about the same, or fewer of the following types of places in [city name]? [. Retail and shopping plazas]",0.5531888658903269,Medium,333
please rate level agreement following statements 1 city [city name] safe community,Please rate your level of agreement with each of the following statements. [. The City of [city name] is a safe community],1.0000000000000004,High,1
please rate level agreement following statements 2 city [city name] affordable community,Please rate your level of agreement with each of the following statements. [. The City of [city name] is a safe community],0.8085954550782318,High,97
please rate level agreement following statements 3 government city [city name] transparent organization,Please rate your level of agreement with each of the following statements. [. The City of [city name] is a safe community],0.5497316117324202,Medium,335
please rate level agreement following statements 4 city [city name] communicates engages public well,Please rate your level of agreement with each of the following statements. [. The City of [city name] is a safe community],0.5746819406229189,Medium,308
please rate level agreement following statements 5 proud say enjoy working living playing city [city name],Please rate your level of agreement with each of the following statements. [. The City of [city name] is a safe community],0.4353480042583204,Low,460
types businesses industries would like see riveria beach ,Please CHECK ALL of the following types of retail and restaurant options you would like to see in [city name]. [Other],0.2227659894112281,Low,669
budget 100 services provided city riveria beach would allocate funds among categories please sure total adds 100,"If you had a budget of $100 for services provided by the City of Riveria Beach, how would you allocate the funds among these categories? [Please be sure your total adds up to $100.] [Parks, Golf, and Open Spaces (including park, outdoor athletic fields and courts, trails, golf, open space, and trails.)]",0.6070911899847702,Medium,278
budget 100 services provided city riveria beach would allocate funds among categories please sure total adds 100,"If you had a budget of $100 for services provided by the City of Riveria Beach, how would you allocate the funds among these categories? [Please be sure your total adds up to $100.] [Parks, Golf, and Open Spaces (including park, outdoor athletic fields and courts, trails, golf, open space, and trails.)]",0.6070911899847702,Medium,278
budget 100 services provided city riveria beach would allocate funds among categories please sure total adds 100,"If you had a budget of $100 for services provided by the City of Riveria Beach, how would you allocate the funds among these categories? [Please be sure your total adds up to $100.] [Parks, Golf, and Open Spaces (including park, outdoor athletic fields and courts, trails, golf, open space, and trails.)]",0.6070911899847702,Medium,278
budget 100 services provided city riveria beach would allocate funds among categories please sure total adds 100,"If you had a budget of $100 for services provided by the City of Riveria Beach, how would you allocate the funds among these categories? [Please be sure your total adds up to $100.] [Parks, Golf, and Open Spaces (including park, outdoor athletic fields and courts, trails, golf, open space, and trails.)]",0.6070911899847702,Medium,278
please define ,"Please define ""Other.""",1.0,High,3
permanent seasonal resident [city name] ,Maintenance. Please rate your satisfaction with the following services provided by the City of [city name]. [. Condition of major City streets],0.06009947718333795,Low,778
business [city name] ,Maintenance. Please rate your satisfaction with the following services provided by the City of [city name]. [. Condition of major City streets],0.12732813907183835,Low,760
rent home [city name] ,Do you own or rent your current residence?,0.4106133653002097,Low,490
property [city name] ,Please rate your satisfaction with each of the following code enforcement items. [. Enforcing the maintenance of commercial property in your neighborhood],0.35628810535769867,Low,539
long lived [city name] ,Maintenance. Please rate your satisfaction with the following services provided by the City of [city name]. [. Condition of major City streets],0.07654439047082823,Low,774
following best describes primary residence [city name] ,Do you own or rent your current residence?,0.35399874076182786,Low,540
please define ,"Please define ""Other.""",1.0,High,3
age ,What is your age?,1.0,High,3
gender ,What is your gender?,1.0,High,3
please selfdescribe ,Which FOUR of the services listed above do you think should be the City's top priorities? [2nd:],0.0,Low,782
following best describes total annual household income ,What is your total annual household income?,0.8847230854956704,High,40
highest level education attained ,Please rate your level of agreement with each of the following statements. [. The City of [city name] is a safe community],0.17399833750162763,Low,719
suggestions city would like make please provide ,Please CHECK ALL of the following types of retail and restaurant options you would like to see in [city name]. [Other],0.15502958075828138,Low,737
