,Which FOUR of the services listed above do you think should be the City's top priorities? [2nd:],Which THREE of the City services listed in Question 1 do you think are most important for the City to emphasize over the next TWO years? [1st:],Which THREE of the items listed in Question 1 do you think should receive the MOST EMPHASIS from City leaders over the next TWO years? [2nd:],"Which of the following best describes your race/ethnicity? [Hispanic, Spanish, or Latino/a/x]",Which of the following best describes your race/ethnicity? [American Indian or Alaska Native],Which of the following best describes your race/ethnicity? [Other],"Which of the following are your primary sources of information about City issues, services, and events?  [Other]","Please CHECK ALL of the sources of information you use to get information about City services, news, and events? [. Other]",Please CHECK ALL of the following information sources you have used to get information about the City of [city name] during the past year. [Other],"Please answer either ""Yes"" or ""No"" to each of the following questions. [. Have any of your household members visited downtown [city name] during the past year?]",Please CHECK ALL of the following information sources you are currently using in daily life. [Other],"Thinking of your own life, please check if any of the following obstacles or barriers make it difficult for you to be involved with your community. [None]",Perceptions of the Community. Please rate your satisfaction with each of the following items that may influence your perception of the City of [city name]. [. Overall quality of life in the City],Please rate each of the following major categories of services provided by the City of [city name]. [. Overall quality of customer service you receive from City employees],Please rate your satisfaction with each of the following water services. [. Clarity of your tap water],Please rate your satisfaction with each of the park services listed. [. Number of walking and biking trails in the City],Please rate your satisfaction with each of the park services listed. [. The number of City parks],Please rate your satisfaction with the following public safety services provided by the City of [city name]. [. The visibility of police in retail areas],"Please rate your overall satisfaction with major categories of services provided by the City of [city name]. [. Overall quality of police, fire, and emergency medical services]",Maintenance. Please rate your satisfaction with the following services provided by the City of [city name]. [. Condition of major City streets],"Please define ""Other.""","Counting yourself, how many people in your household are… [Ages 65-74:]",What is your age?,"Including yourself, how many persons in your household are in each of the following age groups? [65-74 years:]",Please indicate the extent to which you think each of the following are an issue in the City of [city name] by circling the corresponding number below. [. Other],Please CHECK ALL of the following types of retail and restaurant options you would like to see in [city name]. [Other],"When you think about the number and variety of places to live, work and play in [city name], would you like to see more, about the same, or fewer of the following types of places in [city name]? [. Retail and shopping plazas]",Please rate your satisfaction with each of the following parks and recreation items. [. Number of city parks],Please rate your satisfaction with each of the following maintenance items. [. Maintenance of major City streets],Please rate how safe you feel in the following situations. [. In your neighborhood during the day],Please indicate how the City of [city name] compares to other cities in Des Moines metro areas in the following areas. [. City facilities],Parks and Recreation. Please rate the City's performance in the following areas. [. Appearance/maintenance of parks],Major Categories of City Services. Please indicate whether you or any member of your household have used each of the following services in the past 12 months. [. Customer service provided by city employees],"For the items you selected, how would you rate the overall performance? [. Sewer services (e.g., sanitary sewer/wastewater)]",Please rate the City of [city name] with regard to the following. [. As a place to live],Please rate each of the following characteristics as they relate to [city name] as a whole. [. Ease of air travel in [city name]],Economic Development. Which TWO of the following benefits of economic development are MOST IMPORTANT to you? [Other],How do you receive information about the city's budget and how money is spent? [Other],Please CHECK ALL of the following items that would make you try DART or cause you to ride more often. [More convenient routes],Please rate your satisfaction with each of the following items concerning city leadership. [. Overall quality of leadership provided by the City's elected officials],Please rate your satisfaction with each of the following communication items. [. The quality of the City's website],What is your gender?,Please rate your level of agreement with each of the following statements. [. The City of [city name] is a safe community],The City is aware of a shortage of housing nationwide and locally. Different housing types not already offered in [city name] will help meet the needs of future generations in our community. Do you support the City facilitating more housing in [city name] through... [Fourplexes],"To meet the needs of future generations, the City is considering changes to the transportation infrastructure and network to better accommodate walking, biking, using public transit and charging electric vehicles. Do you support the City's transportation network to better accommodate multimodal transportation by... [Providing safe walking options to and from home, work, school, parks, grocery stores, etc.]","If you had a budget of $100 for services provided by the City of Riveria Beach, how would you allocate the funds among these categories? [Please be sure your total adds up to $100.] [Parks, Golf, and Open Spaces (including park, outdoor athletic fields and courts, trails, golf, open space, and trails.)]",Would you say your total annual household income is...,Please rate the performance of the City employees who helped you the last time you contacted the City in the following areas. [. Courtesy],Please indicate how likely you would be to recommend your community. [. Recommend the community as a place to live],Do you own or rent your current residence?,Living in [city name]. Which ONE of the following is the primary reason you have chosen to live in [city name]?,Please rate your satisfaction with each of the following code enforcement items. [. Enforcing the maintenance of commercial property in your neighborhood],Please rate your satisfaction with each of the following items concerning your trash service. [. City efforts to keep you informed about trash removal issues],Please rate your satisfaction with each of the following items concerning your recycling service. [. Overall quality of the City's curbside recycling program]
please rate following items circling corresponding number 01 [city name] place live,0.02795322723920197,0.04082272276675254,0.06292814620206752,0.01198554492755602,0.011323251821458335,0.016498307977137704,0.04000716357988973,0.019285800126347962,0.055173144290475686,0.02662493431946538,0.014638004650823893,0.012034906152648059,0.11882171709034764,0.08559088894444249,0.030727959665681884,0.14607274849372656,0.20653680672324665,0.07482295010230942,0.051421267997515764,0.10357057875203812,0.0,0.0,0.0,0.01219684002018592,0.4655796182707459,0.03664355269323023,0.18468749825149874,0.24419171002470835,0.11425148032775555,0.03883593141089151,0.056228193977181797,0.056486102197239985,0.040278643750823157,0.04499208053857287,0.48641100514320734,0.07254088946694931,0.010961590271153067,0.021436881120270927,0.04035945732789045,0.08249831133721165,0.12490909931347778,0.0,0.07812334862399858,0.03298119246444482,0.011752801953278744,0.0067629524000557785,0.0,0.06436019645121588,0.20853843926616922,0.0,0.16609492665285974,0.07058291310144729,0.06888072717204394,0.07313410721895572
please rate following items circling corresponding number 02 neighborhood place live,0.0,0.0,0.039424859950396296,0.011238290929794467,0.010617289327271523,0.015469700044270743,0.01604054018259309,0.0,0.014068448703858536,0.01067504643155868,0.013725379687946146,0.011284574666711593,0.06262878030399269,0.030487334235113565,0.028812186053215963,0.11860725416336057,0.1677024892166321,0.03359637801589389,0.017015681437859254,0.03689167024993918,0.0,0.0,0.0,0.011436412561924287,0.3996971007764443,0.014691928315162672,0.1502696860025528,0.20656609372604565,0.08504604890456317,0.18819477064275375,0.010511119595752627,0.03430046759200556,0.010270540871952219,0.04218699222149841,0.4085803279733328,0.03257170615176777,0.010278176024954622,0.0,0.03784319577966373,0.05091473968928796,0.09297932366709366,0.0,0.035078295478198594,0.0,0.0,0.0,0.0,0.028898479493199,0.19553684581585157,0.0,0.12380031069649475,0.1978160786468326,0.05127315352808087,0.05443926714377881
please rate following items circling corresponding number 03 [city name] place raise children,0.023073312534262168,0.033696125060503436,0.05194250996843033,0.009893176971677483,0.009346503212132165,0.01361812763104331,0.033022941536910703,0.01591899532675366,0.04554133198354921,0.02197690540345515,0.012082585430879396,0.009933920996110748,0.09807850059038623,0.07064892056294914,0.025363648026735713,0.12057220262595505,0.17048079102189626,0.06176078696290724,0.042444436818043996,0.0854898188481371,0.0,0.0,0.0,0.010067585374238186,0.38430138853083917,0.030246530621368884,0.08182647858545647,0.20156211644050825,0.09430610965046012,0.03205617638832069,0.04641219712381487,0.04662508120033439,0.03324702825066293,0.03713762017350606,0.2550210050042222,0.059877115435064576,0.009047978468981345,0.017694552890629166,0.0333137338551618,0.06809622748542044,0.10310318240432778,0.0,0.06448502076700108,0.027223524316990915,0.009701064936108216,0.005582314809146174,0.0,0.05312456106688201,0.09364830013655369,0.0,0.03861834737108875,0.058260951396853985,0.056855923361827425,0.06036677262118442
please rate following items circling corresponding number 04 [city name] place work,0.027800495247351245,0.040599673896309696,0.06258431681053891,0.011920057814582002,0.01126138337277727,0.016408163843941476,0.03978857079525107,0.019180425578982595,0.054871686997117655,0.026479459909061566,0.014558024919399351,0.011969149337783666,0.11817249410900679,0.08512323392769272,0.030560066976759486,0.1452746302070026,0.20540832243013102,0.07441412939236124,0.051140310360047105,0.10300468556716294,0.0,0.0,0.0,0.012130198424400686,0.46303576521739004,0.03644333814399653,0.19016509808348775,0.24285748532333987,0.11362722839387221,0.03862373805271478,0.055920972059983615,0.05617747111050918,0.040058567641668874,0.0447462509597782,0.30726885127858955,0.07214453757369196,0.010901697883714636,0.021319753408162802,0.04013893966619239,0.0820475536730954,0.12422661584295838,0.0,0.07769649506096316,0.032800988469550006,0.055750220267284836,0.006726000702778993,0.0,0.06400854256467955,0.11283464907792604,0.0,0.046530344568266116,0.07019725927992745,0.06850437382396402,0.07273451407816404
please rate following items circling corresponding number 05 [city name] place retire,0.02550764954486448,0.03725121600060415,0.057422675603597234,0.010936951107655185,0.0103326008370493,0.015054900615335346,0.036507008623632056,0.01759852007804273,0.05034614489435504,0.024295566589303277,0.013357351889075535,0.010981993807733376,0.10842621826538512,0.07810269564748056,0.02803962561008827,0.13329310582814408,0.18846727209456862,0.06827682445360027,0.04692251352622828,0.09450937465498874,0.0,0.0,0.0,0.011129760371760285,0.4248468928634878,0.033437674018077915,0.09045953571464184,0.2228278154708427,0.10425582331672006,0.03543824545554318,0.051308890177059883,0.05154423446971308,0.03675473748153074,0.041055804142097974,0.28192685435034115,0.0661944172084983,0.01000258040684646,0.019561406855518527,0.036828480823745215,0.07528068210605622,0.11398102634047858,0.0,0.0712884770305726,0.03009572711429083,0.010724570398583839,0.006171273829423774,0.0,0.05872943834599303,0.10352861197577858,0.0,0.04269275463940533,0.0644077406819929,0.06285447594529986,0.06673573540379958
please rate following items circling corresponding number 06 [city name] place business,0.026783223165403686,0.03911405594513935,0.06029423968447806,0.011483880619820322,0.01084930830694454,0.01580775846101747,0.03833263262255037,0.018478577957644595,0.052863829411312555,0.02551052697923887,0.014025319577748545,0.01153117579243294,0.1138483416778497,0.08200841569768355,0.029441817007422447,0.13995875996044935,0.1978920479915394,0.07169117731327931,0.0492689908195664,0.09923555160012526,0.0,0.0,0.0,0.01168633179195993,0.4460924211255701,0.03510980828645219,0.09498319036501915,0.23397087601968145,0.10946939573061498,0.03721042328720801,0.053874719172549504,0.054121832443403725,0.038592749779716926,0.04310890200364626,0.29602530970579727,0.06950463410126279,0.010502784382201159,0.02053962378301892,0.038670180841642844,0.07904528033223877,0.11968093178202763,0.0,0.07485343508712242,0.031600738994370735,0.011260879283806209,0.006479883765752534,0.0,0.061666350356308575,0.10870581837321906,0.0,0.04482771229241818,0.06762861035985081,0.06599767074682882,0.07007302226273361
please rate following items circling corresponding number 07 [city name] place feel welcome,0.02349184888856491,0.03430735300256899,0.0528847166291878,0.010072633398493059,0.009516043297634662,0.013865152477721163,0.03362195832475543,0.016207756563716418,0.04636742503066509,0.022375553575570004,0.012301756442812875,0.010114116495628633,0.09985758705712672,0.07193045053849698,0.025823729723334958,0.12275931165255813,0.17357321256505348,0.06288109140883105,0.04321435400353169,0.08704055401273775,0.0,0.0,0.0,0.01025020546716625,0.391272390283203,0.030795184943880047,0.08331076290664934,0.20521833499409847,0.096016767158478,0.18108019814264226,0.04725408715371572,0.04747083282250308,0.033850109840043295,0.03781127481810112,0.25964693643676334,0.06096325118445657,0.009212103490761113,0.01801552170023827,0.03391802544507751,0.06933145310598082,0.10497341365163741,0.0,0.06565474121606449,0.0277173430784707,0.009877036563293681,0.005683574725134434,0.0,0.05408820944116071,0.0953470253658679,0.0,0.039318861538436466,0.05931777087865313,0.057887256459276684,0.06146179046469412
please rate following items circling corresponding number 08 quality economic development [city name],0.025947168885327596,0.03789308736782822,0.058412119043477095,0.011125404439235546,0.010510640679457393,0.015314309855592928,0.03713605664016209,0.017901758129209445,0.05121365345722388,0.02471420066943389,0.013587510864809239,0.011171223264836248,0.17255132183130162,0.14295903474101773,0.028522773135433655,0.1355898638206366,0.191714729724257,0.06945329446899626,0.10745424451537279,0.09613785468968897,0.0,0.0,0.0,0.0113215359773293,0.4321673802263369,0.03401383468726059,0.09201823344592314,0.22666733562421168,0.10605224327391793,0.036048877738317595,0.05219298769184075,0.05243238717460884,0.037388054085177966,0.04176323192477075,0.09024109648816289,0.06733500550702606,0.5323892694247941,0.019898467180286834,0.03746306809033913,0.12719018860922943,0.2083721337252994,0.0,0.07251684048099509,0.030614303085344744,0.010909364222885257,0.006277610330501809,0.0,0.05974139846259252,0.0,0.0,0.04342838852557196,0.06551754296524437,0.06393751410465841,0.12200159998803475
please rate following items circling corresponding number 09 overall quality life [city name],0.028289088784028305,0.041313212920720536,0.06368423580187027,0.012129552758941906,0.011459302117786162,0.01669653722475928,0.04048785468754178,0.0195175214431111,0.05583605656589045,0.02694483625761778,0.15568303983241216,0.12799768948267096,0.36787694220198586,0.21204326337558224,0.03109715996997461,0.147827830958671,0.20901837246075422,0.07572195726862982,0.2228145125507341,0.10481499229615417,0.0,0.0,0.0,0.012343386588713588,0.4711736160046737,0.03708382959257206,0.10032354540125378,0.24712570416645321,0.11562422624911953,0.03930255001656503,0.05690378280742199,0.057164789827217,0.04076259672691061,0.09155660453258783,0.0983860089632077,0.07341247738740515,0.011093295158417733,0.021694447946015306,0.04084438128928149,0.18344147217324147,0.22717922780414315,0.0,0.0790620104941051,0.03337746564451572,0.011894013348524383,0.006844210124655256,0.0,0.06513349231506936,0.0,0.0,0.04734811509404757,0.07143097568934587,0.06970833778168116,0.18088383941507966
please rate following items circling corresponding number 10 overall value receive city property tax dollars fees,0.019387547192030164,0.028313455808695882,0.12286937168625116,0.008312826133338584,0.00785347885513173,0.011442747621170077,0.027747807624753026,0.013376071281002717,0.03826649171885832,0.01846628177083696,0.010152495221267597,0.008347061646567133,0.12015421286086744,0.16498900151631307,0.021312021078472604,0.10131181922780114,0.14324793530897054,0.05189502677962904,0.10807815705392144,0.07183354773594795,0.0,0.0,0.0,0.008459374277663816,0.32291251180517244,0.025414904727971113,0.06875539490818555,0.16936428346874968,0.07924151110206135,0.02693547498226545,0.03899824356332031,0.03917712122008612,0.027936098392778944,0.062747089687801,0.06742753032351556,0.050312255749847164,0.007602640899496581,0.0961979550525011,0.02799214834456954,0.08790194533974195,0.08663332633943016,0.0,0.05418408741453202,0.0228747979573935,0.008151402360734394,0.0046905875193421235,0.0,0.044638364483238206,0.0,0.0,0.03244939498927215,0.15946555742354454,0.04777367340242325,0.08353124379009498
please rate following characteristics relate [city name] whole 01 sense community,0.027541096701654565,0.04022084984045171,0.020573983781548868,0.01180883513188474,0.011156306594704062,0.016255063915296256,0.03941731491265592,0.01900145846142718,0.054359694830059695,0.0262323875698773,0.014422188112942888,0.10393004892518665,0.1817813946939561,0.08432897314602748,0.03027491964900028,0.04033165203586628,0.05702617844367253,0.07371979223138918,0.050663134611347554,0.10204357802579238,0.0,0.0,0.0,0.012017014979202835,0.053191400485423826,0.03610329567961684,0.03305502932360921,0.06679722379052973,0.06584631833041218,0.03826335089446088,0.05539918931125051,0.05565329504179789,0.03968479249498579,0.015575863594048575,0.09578458350611131,0.39245932614704204,0.010799977229046458,0.021120824828672256,0.010760599530724928,0.05331159602223451,0.0719886017421014,0.0,0.19331090332257092,0.0796180330931406,0.011579523621397974,0.0066632422955947915,0.0,0.06341129698665252,0.15514693798530155,0.0,0.04609618310443667,0.03318450677619436,0.03969788640978195,0.04214922809695953
please rate following characteristics relate [city name] whole 02 openness acceptance community towards people diverse backgrounds,0.01842273875740945,0.026904455448468766,0.013762310648431189,0.007899143851122009,0.007462655685728365,0.010873306870837337,0.026366956371449573,0.012710419960277398,0.03636218512411407,0.017547319499224272,0.009647263026348576,0.06952069342534459,0.1215968696411098,0.05640917857336191,0.02025144247656583,0.026978573045236338,0.03814584434243239,0.04931250517150955,0.03388948899483194,0.06825879884905098,0.0,0.10260414057362685,0.0,0.008038399124187016,0.03558069186202141,0.02415014884091861,0.022111108226520876,0.04468187367205371,0.04404579577492018,0.02559504892444582,0.03705752182309152,0.03722749775184071,0.02654587697421666,0.010418977465663618,0.06407204397253895,0.2625231564609969,0.007224300514682867,0.01412810253617316,0.007197960058567261,0.03566109283510019,0.04815448047594452,0.0,0.12930916693148997,0.05325794538768641,0.007745753225558764,0.00445716354068389,0.0,0.04241696586408713,0.10378059880758136,0.0,0.030834572357306675,0.022197718041292988,0.02655463573114688,0.028194382615493237
please rate following characteristics relate [city name] whole 03 opportunities attend arts cultural events,0.020609413569032158,0.03009786202195832,0.015395819023104749,0.008836727514446006,0.008348430674489584,0.012163906849841087,0.14029324465782503,0.10752899143731597,0.0406781706761799,0.01963008700006709,0.01079233854083098,0.008873120661236916,0.061858905497414546,0.06310462877514522,0.02265517406857587,0.03018077695793174,0.04267354014760305,0.055165620410045205,0.03791197951264161,0.07636073190473253,0.0,0.0,0.0,0.008992511600192267,0.03980391858739087,0.027016634810391363,0.024735571616718553,0.04998535916253172,0.04927378241942273,0.028633036355214053,0.04145603990548699,0.04164619101485793,0.029696722312486948,0.011655651115930098,0.07167703292281569,0.29368316916378095,0.008081784093811217,0.015805028337416892,0.008052317174650507,0.03989386270087762,0.05387014473792488,0.0,0.05759894510254164,0.024316442236992867,0.008665130289870803,0.004986203623922148,0.0,0.047451619617897525,0.0,0.0,0.03449446156209512,0.02483246152626351,0.029706520684287287,0.031540896242288084
please rate following characteristics relate [city name] whole 04 air quality,0.02882799381579339,0.042100226546056135,0.021535332584816515,0.012360619834476148,0.01167760096858824,0.017014605013798707,0.041259145300083844,0.019889328771144018,0.05689972927967072,0.027458133378998197,0.01509608546943409,0.0124115257667149,0.15569585977253653,0.15883128474013553,0.031689558548428816,0.04221620613244623,0.059690808151941166,0.07716445490786819,0.11938451975473809,0.10681171008314443,0.0,0.0,0.0,0.01257852718275899,0.05567684471167289,0.03779027378089951,0.03459957282182696,0.06991841956060789,0.0689230816835209,0.04005126066351539,0.057987795626481084,0.058253774810539394,0.041539121154814625,0.01630366808660522,0.10026025509712674,0.6899411366369501,0.011304621603937672,0.02210772556159104,0.011263403926370569,0.11203432598137952,0.17804135022419657,0.0,0.08056813589821472,0.03401330387602324,0.012120593415854787,0.006974591817144293,0.0,0.06637428048654419,0.0,0.0,0.048250093155751024,0.034735100293475735,0.04155282690149775,0.10424296763221534
please rate following characteristics relate [city name] whole 05 access affordable quality housing,0.024474726262541827,0.03574274113175443,0.018283317713819754,0.010494063125489221,0.009914185806187173,0.014445257718553255,0.03502867017033872,0.01688587420720071,0.048307395493117515,0.0233117261792658,0.0128164506299401,0.010537281837295673,0.13218448611072922,0.1348464357520769,0.02690417084898497,0.03584120683308204,0.05067699817211347,0.06551197850034468,0.1013564613497825,0.09068225082269717,0.0,0.0,0.0,0.010679064646368456,0.047269176696357655,0.032083627188351824,0.029374748691362973,0.059360154937938475,0.0585151213835363,0.034003186190230926,0.049231154744761245,0.04945696885319202,0.03526636733540829,0.013841678198099054,0.08512012019270157,0.348763692335223,0.009597529437043707,0.018769274576120834,0.009562535972632739,0.0951162081525227,0.15115562109505137,0.0,0.06840167526717661,0.2211419754622923,0.010290282698412897,0.005921370269756762,0.0,0.05635121042975123,0.0,0.0,0.04096392658035711,0.02948981038420407,0.035278003400007044,0.08850140991065916
please rate following characteristics relate [city name] whole 06 access affordable quality child care,0.0214690680607272,0.031353296204543316,0.01603800541682257,0.009205322791271021,0.008696658240688434,0.012671284564641196,0.030726917878331525,0.014812177212135243,0.042374927938029425,0.020448892076953346,0.011242505755509011,0.009243233959523383,0.11595135726714219,0.11828640189282152,0.023600160789471622,0.03143966966673338,0.04445352774121114,0.057466674402377016,0.08890921776899802,0.07954587086810704,0.0,0.0,0.0,0.009367604902232691,0.04146420927378526,0.028143545645939613,0.02576733533836602,0.052070335446749105,0.05132907759984012,0.02982737011105721,0.04318524344605694,0.04338332608898286,0.030935424259975138,0.012141828599917097,0.07466680665398377,0.30593320503507004,0.00841888936727682,0.016464283563487152,0.008388193331657844,0.08343530892233672,0.13259271144608598,0.0,0.060001497300761285,0.025330723343102744,0.009026567947951628,0.0051941868509777465,0.0,0.04943090921806472,0.0,0.0,0.03593328555973735,0.025868266694585876,0.03094563133890832,0.07763285163888607
please rate following characteristics relate [city name] whole 07 access affordable quality health care,0.021576952745011795,0.0315108503402301,0.016118598349224404,0.009251580660511781,0.008740360008551567,0.012734959314326177,0.030881324386567745,0.014886610208368643,0.042587867116816586,0.02055165025255052,0.01129900071749665,0.009289682337006333,0.11653402697296045,0.11888080548254752,0.023718754474518225,0.0315976578395974,0.04467691213740997,0.05775545144697204,0.08935599742714934,0.07994559856660213,0.0,0.0,0.0,0.009414678258864734,0.041672571980259504,0.02828497039377091,0.025896819339719584,0.05233199523022809,0.05158701247227217,0.02997725628209962,0.04340225455905694,0.04360133259141169,0.03109087853819799,0.012202842768833723,0.07504201645999951,0.3074705566864797,0.008461195312688448,0.016547018595543257,0.008430345025748352,0.08385458152121306,0.13325900598538953,0.0,0.06030301213943921,0.025458013315953043,0.009071927552312826,0.005220288273123686,0.0,0.049679305562973924,0.0,0.0,0.036113854700277365,0.025998257888308916,0.03110113690894714,0.07802296618253947
please rate following characteristics relate [city name] whole 08 access affordable quality food,0.023724911104302394,0.03464771564259767,0.017723184431115334,0.010172563815604965,0.00961045179423793,0.014002708409283821,0.033955521176354364,0.01636855342882448,0.046827435431163994,0.022597541045326526,0.01242380195007052,0.01021445846581071,0.12813484198777916,0.13071523933023113,0.026079926487432827,0.03474316471874918,0.049124442241725866,0.0635049336002759,0.09825127397034732,0.08790408180373684,0.0,0.0,0.0,0.01035189757361876,0.04582102382125595,0.031100703426955256,0.028474814955557818,0.057541579175723404,0.05672243432632716,0.032961454235381896,0.04772289411339518,0.04794179011211436,0.034185936178774676,0.013417620334608615,0.08251235429955114,0.3380788617736352,0.009303496605936686,0.018194253371169804,0.00926957521194535,0.09220219906813217,0.1465247715102849,0.0,0.06630610073800214,0.027992326347044717,0.009975026467676298,0.005739961369073481,0.0,0.0546248176067175,0.0,0.0,0.039708943265672675,0.028586351583378806,0.03419721575735906,0.08579005379722487
please rate following characteristics relate [city name] whole 09 access livingwage jobs,0.02256542099468824,0.03295440335022704,0.016857012289588566,0.0096754075952188,0.009140767260738383,0.013318364352650826,0.03229603799440739,0.015568585170735998,0.04453887266259018,0.021493148062420708,0.011816622626127787,0.009715254759035839,0.06772983812199493,0.06909379106081674,0.02480534144520863,0.03304518761396753,0.04672361955079221,0.060401303744825344,0.041510146592925526,0.08360801034542636,0.0,0.0,0.0,0.009845976906536767,0.04358164666618176,0.029580741650615527,0.027083186292802777,0.054729391949709646,0.0539502805633279,0.03135055335502015,0.045390568252051455,0.04559876630781805,0.03251519209408971,0.012761870856596231,0.07847978876913872,0.3215561825200529,0.008848813667316267,0.01730505902422619,0.008816550088634096,0.04368012723575373,0.058982876489151376,0.0,0.06306557150378084,0.02662427799475377,0.009487524344630929,0.005459436463932694,0.0,0.05195517912099182,0.0,0.0,0.037768277322716724,0.027189271873146723,0.03252592041413611,0.03453439370669269
please rate following characteristics relate [city name] whole 10 access quality education,0.02630271344136916,0.0384123224714644,0.019648876209092503,0.011277851783283456,0.01065466414076855,0.015524156237013316,0.03764491842888412,0.018147059367064816,0.051915415401356885,0.02505285031339966,0.013773695551835738,0.011324298447477206,0.14205718267363648,0.14491795005712635,0.0289136102535921,0.03851814245482363,0.054462000787724285,0.07040498753642632,0.10892665068923492,0.09745519651667195,0.0,0.0,0.0,0.011476670840040441,0.050799653320601275,0.034479913811599726,0.03156871251400512,0.06379369184436867,0.06288554377393246,0.036542842312561157,0.052908169094458876,0.05315084898069579,0.03790036890263342,0.014875496105117033,0.0914776371962989,0.3748124232256275,0.010314357097183254,0.02017112859127889,0.010276750013988574,0.1022203206617437,0.1624452483785371,0.0,0.07351051219787098,0.0310337996727029,0.011058851246940306,0.006363630126643126,0.0,0.06056001297454783,0.0,0.0,0.04402347183451269,0.03169236802305611,0.037912874050574336,0.09511147128129144
please rate following characteristics relate [city name] whole 11 ease car travel [city name],0.047705600445110345,0.06966896826356583,0.03563744249108955,0.010227399014397844,0.009662256928536325,0.014078190000078457,0.05367943410384425,0.032913576211391335,0.08135673521316752,0.035723887409987255,0.012490772446598682,0.010269519497688938,0.11599050734915538,0.11832634038465376,0.02622051031461396,0.05163750041894188,0.0730118694532307,0.09712015285390013,0.07227157238997269,0.14318261799108217,0.0,0.0,0.0,0.010407699470920415,0.07960822257076354,0.04916632413090502,0.04947138273221628,0.0782379306068258,0.07712415863876272,0.03313913293352158,0.08639465145105757,0.0651853234076879,0.05939373215941416,0.013489948008507988,0.12618881727124198,0.7004094740595377,0.009353647098487327,0.036584658964843364,0.009319542851243206,0.0702339249453311,0.08431846277388952,0.0,0.10140406853039982,0.0562864379289111,0.020057593683041035,0.011541805254382202,0.0,0.08353950370176862,0.0,0.0,0.06898925711208267,0.02874044629344915,0.04649714922143986,0.049368344907902054
please rate following characteristics relate [city name] whole 12 ease bus travel [city name],0.04770295210978406,0.0696651006507892,0.035635464109159395,0.010226831249149044,0.009661720536663742,0.014077408461484255,0.05367645413628686,0.032911749042552,0.08135221876407378,0.03572190422914187,0.012490079032122934,0.010268949394157782,0.11598406823602693,0.11831977159976587,0.026219054705564047,0.051634633807574555,0.07300781626217331,0.097114761312251,0.07226756029586924,0.14317466933134837,0.0,0.0,0.0,0.01040712169644704,0.07960380318884337,0.04916359470476124,0.04946863637100696,0.07823358729548396,0.07711987715751256,0.033137293243095056,0.08638985532638237,0.06518170470059428,0.13952203815989012,0.013489199125661376,0.12618181200772063,0.700370591430754,0.009353127838823694,0.036582627999006384,0.00931902548484749,0.0702300259694708,0.08431378190704078,0.0,0.10139843917086105,0.056283313235781424,0.02005648020300063,0.01154116452100291,0.0,0.08353486607816198,0.0,0.0,0.06898542723288527,0.028738850792323453,0.04649456797224258,0.04936560426674881
please rate following characteristics relate [city name] whole 13 ease rail travel [city name],0.04587800510120944,0.06699995915719532,0.03427217670766879,0.009835588689309569,0.009292097123200994,0.013538856373530786,0.05162298197000519,0.031652661390619355,0.07823996927618615,0.034355309932974816,0.01201225257991353,0.009876095542367997,0.11154692610942386,0.11379327368535407,0.025216005977207474,0.04965927449880231,0.07021479423738146,0.09339949243879947,0.06950285785826303,0.13769731053186407,0.0,0.0,0.0,0.010008981858809874,0.07655844192553393,0.047282768652722705,0.047576140498722816,0.07524064566838347,0.07416954215945323,0.03186957706408225,0.08308488359871566,0.06268808215217457,0.05711836601081414,0.012973149856094388,0.12135454010576253,0.6735768782705357,0.008995310095573875,0.03518310544159863,0.008962512377602816,0.06754327242201444,0.08108823343954233,0.0,0.09751929186330807,0.05413011181784989,0.01928918987965197,0.011099640197317462,0.0,0.0803391161880885,0.0,0.0,0.06634628765145728,0.02763940353667728,0.04471584948663108,0.04747705004004711
please rate following characteristics relate [city name] whole 14 ease air travel [city name],0.04718736334115642,0.06891213795409493,0.035250304611750695,0.010116296385005281,0.00955729356990373,0.013925255326864389,0.05309630184657668,0.03255602832901673,0.08047293795559961,0.035335810459260486,0.012355082261830528,0.010157959303627359,0.11473047531824244,0.1170409336527342,0.02593567077370357,0.051076550165243206,0.07221872442567277,0.09606511390080114,0.07148646938269222,0.14162719169748345,0.0,0.0,0.0,0.010294638195466216,0.07874341981529961,0.04863221884364473,0.048933963521965725,0.0773880136537066,0.07628634085123015,0.03277913477567902,0.08545612613018627,0.06447719998176082,0.05874852414483891,0.013343403545736534,0.12481799861255508,0.9212601194088172,0.009252036240674008,0.03618723125123777,0.009218302475850388,0.06947095737918832,0.08340249157658607,0.0,0.10030249239858266,0.05567498517887762,0.019839703348036374,0.011416423922345235,0.0,0.08263199451919444,0.0,0.0,0.06823981066394845,0.028428232098166188,0.04599203980598752,0.04883204502165479
please rate following characteristics relate [city name] whole 15 ease bicycle travel [city name],0.04696143316143434,0.0685821908960142,0.03508152833157136,0.010067860183053041,0.009511533838886472,0.013858582064874135,0.052842080034435045,0.032400152077185634,0.08008763850151432,0.03516662478236714,0.012295926891446403,0.010109323622195326,0.11418115289221825,0.1164805488949798,0.025811492384740595,0.050831998799340715,0.0718729456358975,0.09560516007181279,0.07114419658481284,0.14094908945552503,0.0,0.0,0.0,0.010245348103946167,0.07836640118719405,0.04839937078506196,0.048699670728509545,0.07701748462654508,0.07592108656536872,0.03262219030396823,0.08504696747905846,0.06416848713263348,0.058467239841613734,0.01327951615411864,0.12422037774835883,0.6894836747632573,0.009207738062885645,0.0360139690242062,0.009174165813243413,0.06913833472823262,0.08300316560079601,0.0,0.09982225026319683,0.05540841679029133,0.0197447120744056,0.011361762790085928,0.0,0.08223635763570211,0.0,0.0,0.0679130826673863,0.02829211947961016,0.04577183276148651,0.04859824020768002
please rate following characteristics relate [city name] whole 16 ease walking [city name],0.051432571335369714,0.07511181384668494,0.038421595913923086,0.011026408314230166,0.0104171148481698,0.015178039993124939,0.057873107099131516,0.0354849292451998,0.08771268044888236,0.03851479428929837,0.01346660641307166,0.011071819434545946,0.12505219487437813,0.12757051343875744,0.028268971664193888,0.25288878349059984,0.0787158771495325,0.1047076054625409,0.07791774483047298,0.15436867254788186,0.0,0.0,0.0,0.011220794633768615,0.08582756632449957,0.05300741316672537,0.05333630428489634,0.08435022113802398,0.08314943641538644,0.03572810744844836,0.09314418081507164,0.07027788697560955,0.06403383119928877,0.014543841955334407,0.1360472415287315,0.5707221310289925,0.010084395063685496,0.039442813096011275,0.010047626442960545,0.0757209074240673,0.09090579116589415,0.0,0.10932619943411856,0.0606837815053495,0.14000875173629798,0.01244350173871047,0.0,0.09006597639214892,0.0,0.0,0.07437900067674429,0.030985776101885222,0.0501297105981223,0.05322521669350587
please rate following characteristics relate [city name] whole 17 overall imagereputation [city name],0.05088158620715923,0.07430715852209342,0.038009994327592785,0.010908284976411756,0.010305518728995119,0.015015441194455801,0.05725312601502371,0.03510478748323697,0.08677303498243882,0.03810219429053268,0.013322341802759168,0.010953209617998208,0.1732396803356213,0.17672840521177874,0.027966132771010586,0.05507525121943854,0.07787261233625628,0.10358589733241058,0.17210618901317526,0.1527149570009598,0.0,0.0,0.0,0.011100588880694416,0.08490811564553308,0.05243955712567051,0.0527649249100822,0.08344659691310882,0.08225867591684502,0.0353453605751715,0.09214634895335487,0.06952501638095993,0.06334785171630528,0.05577804112944957,0.13458979919461972,0.3969357617583853,0.009976363293878394,0.03902027144844362,0.009939988566802511,0.11517334783981226,0.08993193864986854,0.0,0.10815501338512261,0.060033690322565704,0.021392921849208775,0.012310197409899365,0.0,0.08910112061571403,0.0,0.0,0.07358219580854472,0.030653832717081945,0.04959268271279729,0.095705861439907
three quality life characteristics listed think citys top priorities 1st,0.4580276987739094,0.31029898489047647,0.15615227264867934,0.0,0.0,0.0,0.0,0.0,0.0,0.0,0.14261451124722355,0.11725315709402392,0.19494121762183342,0.07010076002964341,0.0,0.0692962098106315,0.09798006842410184,0.0,0.06592041850038208,0.0,0.0,0.0,0.0,0.0,0.07740509217233683,0.0,0.04810227909405047,0.0,0.0,0.0,0.0,0.0,0.0,0.0,0.0,0.16187218827923805,0.0,0.0,0.0,0.05586416550268054,0.10201785096740151,0.0,0.0,0.0,0.0,0.0,0.0,0.0,0.0,0.0,0.0,0.0,0.0,0.05973131254571733
three quality life characteristics listed think citys top priorities 2nd,0.6714769526477754,0.15282555383874213,0.3153714560415382,0.0,0.0,0.0,0.0,0.0,0.0,0.0,0.14279353100317224,0.11740034149611327,0.19518592153658798,0.07018875542956854,0.0,0.0693831952825865,0.098103059890985,0.0,0.06600316644186974,0.0,0.0,0.0,0.0,0.0,0.07750225648323826,0.0,0.048162660454885944,0.0,0.0,0.0,0.0,0.0,0.0,0.0,0.0,0.16207538162462207,0.0,0.0,0.0,0.055934290128758966,0.10214591094266545,0.0,0.0,0.0,0.0,0.0,0.0,0.0,0.0,0.0,0.0,0.0,0.0,0.059806291486506145
three quality life characteristics listed think citys top priorities 3rd,0.4474566737875063,0.14911124998739594,0.15254836489316254,0.0,0.0,0.0,0.0,0.0,0.0,0.0,0.1393230475085595,0.11454701932835266,0.1904420825523243,0.06848287340876245,0.0,0.06769689176211147,0.09571874284433178,0.0,0.06439901184103142,0.0,0.0,0.0,0.0,0.0,0.07561862562103662,0.0,0.046992105199398865,0.0,0.0,0.0,0.0,0.0,0.0,0.0,0.0,0.15813626804671904,0.0,0.0,0.0,0.054574851579190314,0.09966333560834706,0.0,0.0,0.0,0.0,0.0,0.0,0.0,0.0,0.0,0.0,0.0,0.0,0.05835274701555033
please rate speed growth following categories [city name] past two years 1 population growth,0.01905338531081603,0.09529425516095136,0.08325743044125553,0.008169547069132652,0.007718117056018481,0.011245521534059862,0.027269549106353812,0.01314552261498314,0.1024580051052444,0.06735656520539242,0.00997750779926143,0.008203192502378855,0.05718850550500865,0.1282919292051112,0.0209446891521841,0.02790210262087901,0.039451651561332665,0.05100056913614398,0.10082989061539861,0.07059543168093729,0.0,0.0,0.0,0.062281838765997424,0.03679868887028821,0.024976855897417244,0.022868014915513962,0.04621142201999931,0.04555356992637917,0.026471217750429023,0.03832607362330216,0.03850186816214181,0.13277199702273032,0.01077563954046501,0.06626535595687927,0.04944507859417237,0.0074716025190347335,0.014611735251587364,0.007444360377340061,0.036881842126685466,0.04980290297941324,0.0,0.053250175744171055,0.022480530160537898,0.008010905581001678,0.031349331600572114,0.0,0.043868981966600266,0.0,0.0,0.031890100367499,0.022957589554457793,0.027463653099375034,0.02915953174212546
please rate speed growth following categories [city name] past two years 2 retail growth stores restaurants etc,0.017457018635922035,0.08731013208958138,0.07628179932764567,0.007485070663633313,0.007071463211561526,0.010303328032698969,0.024984800295440052,0.01204413963845183,0.09387367522066044,0.061713170382102195,0.009141553416908485,0.007515897151714632,0.052397030242953085,0.11754313275240733,0.019189861690652624,0.025564356018013712,0.03614623885935525,0.14484045077523963,0.09238197049066064,0.0646806720360342,0.0,0.0,0.0,0.05706362424740901,0.033715551693664095,0.12843690428728763,0.0824127180819256,0.04233964947623449,0.0417369147878488,0.02425335624333722,0.03511496621568353,0.035276032004809985,0.12164784307587805,0.009872814578787284,0.060713386885561514,0.045302377734580575,0.006845602620598299,0.013387507281728033,0.0068206429314150675,0.03379173804705403,0.045630222202093194,0.0,0.048788669056328685,0.02059702397007315,0.05989223442984242,0.028722762755667392,0.0,0.040193468154718665,0.0,0.0,0.029218223813530345,0.02103411347381471,0.025162641501514586,0.02671643284031413
please rate speed growth following categories [city name] past two years 3 job growth,0.018868024224911847,0.09436718386475301,0.08244745953769,0.008090069533178966,0.007643031262323482,0.011136119343892165,0.027004256973117945,0.013017636241672455,0.10146124118239946,0.06670128605863834,0.009880441495813571,0.008123387646427149,0.05663214644814181,0.12704383964400295,0.020740928494335516,0.02763065668324397,0.03906784569928615,0.050504409491934146,0.09984896582375746,0.06990864318310404,0.0,0.0,0.0,0.06167592915584423,0.03644069238737581,0.024733868257368338,0.022645543160071814,0.04576185365054314,0.04511040147885019,0.026213692193296646,0.037953217959630345,0.03812730227920534,0.131480323068505,0.010670808602867855,0.06562069265229464,0.048964051558224544,0.007398914944948538,0.014469584811180262,0.00737193782875377,0.03652303668632792,0.04931839484467224,0.0,0.05273213077528433,0.022261828055149115,0.007932971390654546,0.031044349254754865,0.0,0.04344220205309984,0.0,0.0,0.03157985714629266,0.022734246371073928,0.027196472623131462,0.028875852890309573
please indicate extent think following issue city [city name] circling corresponding number 01 crime,0.1326156651776836,0.12997455749816023,0.09906767962443064,0.00972960594624857,0.009191970737987627,0.013392969311586516,0.05106672190190004,0.03131159020664386,0.07739689960106734,0.03398511653627809,0.011882815337367536,0.009769676320359424,0.09498860556717144,0.09690149937159137,0.010139447842373056,0.11713615732748461,0.1656224596012823,0.07512991989363002,0.054022524008141656,0.1172571578076551,0.0,0.0,0.0,0.009901130728984018,0.8521753621411801,0.046773276269538686,0.13841474945999713,0.15741904448578645,0.05251734473435607,0.012814873009303455,0.1442419444398887,0.04438764923266793,0.11713497219569186,0.0,0.09761677112804924,0.07283849684104286,0.008898381719578503,0.034803992188503996,0.008865937411273762,0.05433135142297142,0.05741627338468901,0.0,0.07844385868129497,0.05354683633593697,0.019081340474858138,0.010980036749851178,0.0,0.06462424158772773,0.05612770115575896,0.0,0.06563137756530675,0.011113904827265451,0.031662022094330465,0.033617149726542256
please indicate extent think following issue city [city name] circling corresponding number 02 drugs,0.1275335979981685,0.12499370224287507,0.09527123067177129,0.00935675021323396,0.008839718138417274,0.012879727005834231,0.04910975466884086,0.030111674610591107,0.07443091332235881,0.03268274667590294,0.011427444806703886,0.009395285019635925,0.0913484739572742,0.09318806228297627,0.009750886241983775,0.1126472923062148,0.1592755135975617,0.07225080829260273,0.05195228520303142,0.11276365583366815,0.0,0.0,0.0,0.009521701862488947,0.8195184928842446,0.04498084147769617,0.13311045109940017,0.15138646787924484,0.05050478706500264,0.012323784377783361,0.13871433764648883,0.042686635894319626,0.11264615259077147,0.0,0.09387592355883173,0.07004719662997719,0.00855737997120076,0.03347024156273658,0.008526178986255871,0.05224927780432737,0.05521598009243397,0.0,0.07543775107624998,0.05149482672496736,0.018350109710841663,0.010559262293669668,0.0,0.062147726187122415,0.05397678823364576,0.0,0.06311626693019348,0.010688000309249239,0.03044867732765385,0.03232888100606189
please indicate extent think following issue city [city name] circling corresponding number 03 high weeds,0.12143040552229833,0.11901205791515193,0.09071197203459873,0.00890897763881929,0.008416688426419534,0.012263360384119397,0.04675957957857954,0.02867066338842008,0.07086897986096861,0.03111869534563306,0.010880577971160692,0.00894566834026238,0.08697694106171315,0.08872849484746374,0.009284252064956984,0.10725649241017246,0.15165329379480078,0.06879320499066123,0.04946607920608344,0.10736728729519458,0.0,0.0,0.0,0.009066035433588731,0.7802999718190787,0.04282825786385565,0.12674037516363615,0.14414178282203793,0.048087851910276015,0.011734022705021543,0.132076084549987,0.040643842786466114,0.10725540723645637,0.0,0.08938343813285128,0.06669504841069766,0.008147861711909243,0.03186850421918431,0.008118153867748777,0.04974885905844052,0.05257358813033487,0.0,0.0718276348245957,0.0490305126622639,0.017471954830272793,0.010053942823404357,0.0,0.059173611594486766,0.05139369849893951,0.0,0.06009580227241052,0.01017652000842338,0.028991538649820868,0.03078176411759826
please indicate extent think following issue city [city name] circling corresponding number 04 noise,0.1275335979981685,0.12499370224287507,0.09527123067177129,0.00935675021323396,0.008839718138417274,0.012879727005834231,0.04910975466884086,0.030111674610591107,0.07443091332235881,0.03268274667590294,0.011427444806703886,0.009395285019635925,0.0913484739572742,0.09318806228297627,0.009750886241983775,0.1126472923062148,0.1592755135975617,0.07225080829260273,0.05195228520303142,0.11276365583366815,0.0,0.0,0.0,0.009521701862488947,0.8195184928842446,0.04498084147769617,0.13311045109940017,0.15138646787924484,0.05050478706500264,0.012323784377783361,0.13871433764648883,0.042686635894319626,0.11264615259077147,0.0,0.09387592355883173,0.07004719662997719,0.00855737997120076,0.03347024156273658,0.008526178986255871,0.05224927780432737,0.05521598009243397,0.0,0.07543775107624998,0.05149482672496736,0.018350109710841663,0.010559262293669668,0.0,0.062147726187122415,0.05397678823364576,0.0,0.06311626693019348,0.010688000309249239,0.03044867732765385,0.03232888100606189
please indicate extent think following issue city [city name] circling corresponding number 05 blighted buildings,0.1206918690592495,0.11828822977725875,0.0901602642584906,0.008854793476241107,0.008365498353601316,0.012188774955830452,0.04647518907220613,0.028496289184191146,0.07043795662999713,0.03092943227682911,0.010814402588346273,0.00889126102582405,0.08644794964360634,0.0881888505263035,0.00922778549340421,0.10660416130575982,0.15073094253749272,0.0683748065666663,0.0491652278417104,0.10671428233926877,0.0,0.0,0.0,0.009010896049723554,0.7755542083603663,0.0425677775505003,0.12596954360792956,0.1432651163726008,0.0477953828872774,0.011662656694271375,0.13127280135318525,0.040396648026907164,0.10660308273204112,0.0,0.08883981046423035,0.0662894109186359,0.008098306635944191,0.03167468083296189,0.008068779474093537,0.04944628783460491,0.05225383698019617,0.0,0.07139078107989846,0.0487323104019049,0.017365690870538842,0.009992795013343483,0.0,0.058813719279009045,0.05108112340583044,0.0,0.05973030121801276,0.010114626687217377,0.028815212890875345,0.030594550255468485
please indicate extent think following issue city [city name] circling corresponding number 06 homelessness,0.1275335979981685,0.12499370224287507,0.09527123067177129,0.00935675021323396,0.008839718138417274,0.012879727005834231,0.04910975466884086,0.030111674610591107,0.07443091332235881,0.03268274667590294,0.011427444806703886,0.009395285019635925,0.0913484739572742,0.09318806228297627,0.009750886241983775,0.1126472923062148,0.1592755135975617,0.07225080829260273,0.05195228520303142,0.11276365583366815,0.0,0.0,0.0,0.009521701862488947,0.8195184928842446,0.04498084147769617,0.13311045109940017,0.15138646787924484,0.05050478706500264,0.012323784377783361,0.13871433764648883,0.042686635894319626,0.11264615259077147,0.0,0.09387592355883173,0.07004719662997719,0.00855737997120076,0.03347024156273658,0.008526178986255871,0.05224927780432737,0.05521598009243397,0.0,0.07543775107624998,0.05149482672496736,0.018350109710841663,0.010559262293669668,0.0,0.062147726187122415,0.05397678823364576,0.0,0.06311626693019348,0.010688000309249239,0.03044867732765385,0.03232888100606189
please indicate extent think following issue city [city name] circling corresponding number 07 environmental hazards air quality toxic waste,0.09650633242771689,0.09458436027340182,0.07209297943699274,0.007080374589090127,0.006689129693068547,0.009746256951216349,0.0371619901257929,0.022785895838731696,0.05632284022982946,0.024731459512346267,0.008647296121379638,0.007109534378314603,0.10874575687283353,0.11093569411148366,0.007378622448550784,0.08524167128525523,0.1205258528271301,0.05467312639730669,0.07732172131933296,0.08532972508001319,0.0,0.0,0.0,0.007205195647598414,0.6201403029975228,0.034037587809506664,0.10072640970724082,0.1145561093196955,0.038217629285078256,0.009325567933455035,0.10496694354686727,0.03230153260395965,0.08524080884775503,0.0,0.0710371323959484,0.2129038491278052,0.0064754807295787815,0.02532736713611601,0.006451870538441486,0.071748170750782,0.10060465450267557,0.0,0.05708472745408226,0.038966805173165024,0.01388576669706279,0.007990331121364394,0.0,0.047027992757855824,0.040844937729518964,0.0,0.04776090013589392,0.008087748852241752,0.0230409101781089,0.05890388794382073
please indicate extent think following issue city [city name] circling corresponding number 08 loose dogs unrestrained pets,0.09750660238752634,0.09556470935381206,0.07284020959101394,0.007153761338202882,0.006758461262520297,0.009847275068925751,0.03754716715443408,0.02302206735765147,0.05690661586108395,0.024987796432319603,0.008736923717063801,0.007183223363150776,0.06984104164447048,0.07124751029466525,0.007455100480555462,0.08612518515388612,0.12177508059209251,0.05523980305539078,0.03972044148309924,0.0862141516096429,0.0,0.0,0.0,0.007279876143474068,0.626567940442145,0.034390380996583036,0.10177041997325187,0.1157434618175325,0.038613747814788525,0.009422225688727043,0.10605490614747264,0.03263633190579558,0.08612431377738368,0.0,0.07177341889424524,0.05355501810791968,0.006542597867762166,0.025589880526377704,0.0065187429614404265,0.03994750901621328,0.042215719628547206,0.0,0.057676399902923864,0.039370688769857075,0.014029690053661153,0.008073149398554835,0.0,0.04751542904563573,0.041268287816434,0.0,0.04825593287061293,0.00817157684586528,0.023279724872627444,0.02471724624233529
please indicate extent think following issue city [city name] circling corresponding number 09 litter,0.13191352586965194,0.12928640164763378,0.09854316155994253,0.009678092131667412,0.009143303455998196,0.013322059663074573,0.05079634695990804,0.03114580965385918,0.07698711840774541,0.03380518088405942,0.011819901263624675,0.0097179503514697,0.09448568433464231,0.09638845024104678,0.010085764102353892,0.11651597493544806,0.16474556440927657,0.07473214132127275,0.05373649944555035,0.11663633477340404,0.0,0.0,0.0,0.009848708769108724,0.8476634832594976,0.046525633158973526,0.13768190665234684,0.15658558262577038,0.05223928940776976,0.012747024116375075,0.14347824929932987,0.044152636926424765,0.11651479607838627,0.0,0.0970999349606153,0.07245285030598597,0.008851268857196707,0.03461972096414121,0.008818996326669139,0.05404369176043126,0.05711228047095541,0.0,0.07802853431836979,0.05326333032205975,0.01898031350206889,0.010921902475929815,0.0,0.06428208577823352,0.05583053064277234,0.0,0.06528388943132854,0.011055061783085936,0.03149438616493697,0.03343916229032673
please indicate extent think following issue city [city name] circling corresponding number 10 infrastructurestreets,0.12807232987585881,0.12552170500423165,0.09567367873091262,0.009396275324189645,0.008877059184429568,0.012934133998367224,0.049317205809253584,0.030238873397875364,0.07474532698528188,0.03282080627557832,0.011475717018062707,0.009434972910666313,0.09173435137053325,0.09358171054947272,0.009792076276113953,0.11312314093162354,0.1599483307834435,0.07255601267973749,0.05217174386017788,0.11323999600595258,0.0,0.0,0.0,0.009561923767960947,0.8229803315166013,0.04517085111883967,0.13367274091468492,0.1520259598827455,0.050718131149972874,0.012375842938055373,0.13930029959499388,0.042866954272132204,0.11312199640175447,0.0,0.09427247751294734,0.07034309244378428,0.00859352835446884,0.03361162772580948,0.008562195569233915,0.05246999102799017,0.055449225363489035,0.0,0.07575641785836829,0.051712352970037935,0.018427624885003754,0.01060386709814304,0.0,0.06241025278206296,0.0542047988671827,0.0,0.06338288486875895,0.0107331489333431,0.03057729969358248,0.03246544579401897
please indicate extent think following issue city [city name] circling corresponding number 11 aggressive solicitationpanhandling,0.11441770702394097,0.11213902083487348,0.08547328649011826,0.008394477387906638,0.007930618252847925,0.011555141972259302,0.044059178208065194,0.02701491071901174,0.06677624224296015,0.029321566964297892,0.010252216297892563,0.008429049173368126,0.08195395640353223,0.08360435662275807,0.008748079429822867,0.10106234820033716,0.14289520045655152,0.06482034495399923,0.046609375418625296,0.10116674459627843,0.0,0.0,0.0,0.008542464975286114,0.7352370535400231,0.040354893319635536,0.11942102187013114,0.13581748496929757,0.04531074179992149,0.011056373947700333,0.12444858997143572,0.038296629878379555,0.10106132569623053,0.0,0.08422147643408086,0.06284335851617874,0.007677316486056093,0.03002807380374169,0.007649324292545375,0.04687582451891529,0.04953742333331329,0.0,0.06767953415155209,0.04619896317479051,0.01646293611807618,0.009473319960151943,0.0,0.05575629041050341,0.04842567322768764,0.0,0.05662522387369204,0.009588818219282359,0.027317255189428943,0.029004093771560976
please indicate extent think following issue city [city name] circling corresponding number 12 climate change extreme heat flooding tree canopy etc,0.0838730499077183,0.08220267592950445,0.06265555751840365,0.006153509270709166,0.005813480778643774,0.0084704109576963,0.0322972531862125,0.019803079557555895,0.04894982816883209,0.021493956777638223,0.007515310974008085,0.006178851861142336,0.0600757387502107,0.061285552366960386,0.006412714619955549,0.07408300336436967,0.10474826485517647,0.04751607219523034,0.03416665630116109,0.07415953036665555,0.0,0.0,0.0,0.00626199047195719,0.5389600586267899,0.02958185467490814,0.08754069267660132,0.09955999811101887,0.03321470257698277,0.008104792763587105,0.09122611411392256,0.02807305995403882,0.12229763463178306,0.0,0.06173792745889687,0.04606685697776837,0.005627799800756329,0.022011856366313035,0.0056072803313104,0.03436197483417289,0.03631304006700103,0.0,0.04961197959015638,0.033865806655549065,0.01206803298697518,0.0069443468015256875,0.0,0.04087173436617531,0.03549807991337253,0.0,0.04150869958441078,0.007029011942125585,0.020024710924904647,0.02126123541281298
please indicate extent think following issue city [city name] circling corresponding number 13 racial ethnic inequities,0.10714599290120365,0.10501212655666303,0.08004110889581537,0.007860973952447413,0.007426594966144534,0.010820765351232184,0.0412590368947565,0.025298002445724797,0.06253233842412328,0.027458061234800452,0.009600645942378064,0.007893348559280457,0.07674544665714247,0.07829095717970799,0.008192103135669725,0.09463942185615151,0.13381362493595605,0.060700746422418156,0.043647158622822306,0.09473718343335294,0.0,0.0,0.0,0.007999556322250627,0.6885097260585515,0.0377901744897734,0.11183132658718818,0.12718572726977254,0.042431058491906495,0.010353696078400483,0.11653937213454375,0.03586272212421012,0.09463846433637069,0.0,0.07886885649829288,0.05884940557367901,0.0071893915645691005,0.02811966666959437,0.007163178389657626,0.043896673790979196,0.04638911709447651,0.0,0.06337822243056868,0.04326282975880052,0.015416649068760573,0.00887125165852943,0.0,0.052212749686298326,0.04534802326360335,0.0,0.05302645886733397,0.008979409530023042,0.025581131686151386,0.027160764764349477
please indicate extent think following issue city [city name] circling corresponding number 14,0.1424955033214605,0.13965763369560888,0.1064482001583926,0.010454459468061925,0.009876770553997095,0.014390742605456116,0.05487118155037406,0.03364429685070003,0.08316295174780401,0.036517000309028075,0.012768082489391267,0.010497515076308169,0.10206523597315942,0.10412063994897261,0.010894834496096758,0.12586277551115813,0.17796129673370165,0.08072708254639403,0.058047190269126914,0.12599279050072162,0.0,0.0,0.0,0.010638762809716505,0.9156622408352523,0.050257875154429435,0.14872661811852966,0.16914672898055386,0.05642987546759319,0.013769578254685569,0.15498793785401793,0.04769451942340991,0.12586150208730518,0.0,0.10488919929534793,0.07826494897594952,0.009561309217722762,0.03739688201881915,0.009526447815522605,0.05837902525903305,0.06169377323434501,0.0,0.08428790905125776,0.05753606396904915,0.02050289618025169,0.011798047093922556,0.0,0.06943873349707816,0.06030920265528537,0.0,0.07052090088541793,0.011941888313919189,0.03402083583762052,0.03612162005218853
please define none,0.0,0.0,0.0,0.0,0.0,0.0,0.0,0.0,0.0,0.0,0.0,0.0,0.0,0.0,0.0,0.0,0.0,0.0,0.0,0.0,1.0,0.0,0.0,0.0,0.0,0.0,0.0,0.0,0.0,0.0,0.0,0.0,0.0,0.0,0.0,0.0,0.0,0.0,0.0,0.0,0.0,0.0,0.0,0.0,0.0,0.0,0.0,0.0,0.0,0.0,0.0,0.0,0.0,0.0
please indicate safe feel following situations 01 neighborhood day,0.0,0.0,0.0,0.011002788653649427,0.010394800354643671,0.015145527125588932,0.015704405111237916,0.0,0.01377363949200545,0.010451347138820044,0.013437759606061923,0.011048102498840083,0.01189340154243548,0.012132912523654326,0.011466261048048642,0.0,0.0,0.013370205228011972,0.0,0.014681618423643246,0.0,0.0,0.0,0.011196758578405625,0.10538011375841629,0.014384053872260718,0.008375471178129165,0.01638374519976707,0.016150511063922013,0.8750873714812702,0.08046314696175902,0.013650408710871448,0.07862150478152476,0.0,0.017371990620058564,0.012962420998763971,0.010062793288948121,0.0,0.010026103430256715,0.009668868539575784,0.017657064789529688,0.0,0.16454402890279474,0.0,0.04347016053803465,0.0,0.0,0.01150060287507114,0.06347237872157842,0.0,0.011679833928848526,0.14144354816364732,0.009736932450168309,0.010338187342530744
please indicate safe feel following situations 02 neighborhood dark,0.0,0.0,0.0,0.010766176121000164,0.010171262475682423,0.014819825919803698,0.015366685358174448,0.0,0.013477440425878666,0.010226593233791374,0.013148783562477947,0.010810515501987958,0.011637636576902227,0.011871996927526647,0.011219681644226638,0.0,0.0,0.013082681926363256,0.0,0.014365893471727889,0.0,0.0,0.0,0.010955974765492869,0.1031139377559375,0.014074727980106078,0.008195358525785275,0.016031416388587797,0.015803197901167857,0.6329626510873388,0.07873280481061382,0.013356859695394761,0.0769307667375033,0.0,0.01699840981003292,0.01268366700663251,0.009846395148388155,0.0,0.009810494296980339,0.009460941663488513,0.01727735352263945,0.0,0.16100554601117886,0.0,0.042535344365212606,0.0,0.0,0.011253284957866448,0.062107419277628306,0.0,0.011428661687535776,0.13840183599308786,0.009527541874761323,0.01011586691385402
please indicate safe feel following situations 03 [city name] downtown area day,0.022249342005674244,0.03249280352025041,0.01662089228085734,0.009539881958373159,0.009012730452771605,0.013131810991164823,0.03184366003785019,0.015350512453976011,0.04391500653368753,0.17677829618569516,0.011651104502884901,0.009579170973895188,0.051724220578516784,0.05276585015600466,0.009941732077712364,0.015583953489785309,0.02203463700857307,0.04262872208073157,0.026484551634373295,0.06385013295688607,0.0,0.0,0.0,0.009708062066516459,0.12265453014151308,0.029166397468097877,0.026703825936764132,0.033221150918655684,0.032748224470409835,0.6298956258174165,0.10559710946526478,0.027678792751955138,0.09150952095291766,0.0,0.05538776312722797,0.0413285684719374,0.008724866319797383,0.01706266312288261,0.008693054664406792,0.030827612798729725,0.03580304789907174,0.0,0.1750717940682716,0.026251345671718884,0.04704509357641104,0.005382964894511845,0.0,0.03666779943625193,0.055033230182075205,0.0,0.03723924846410272,0.010897187484718851,0.019743477359279008,0.020962635694336398
please indicate safe feel following situations 04 [city name] downtown area dark,0.021886763461528756,0.0319632960232389,0.016350035779840125,0.009384418641260023,0.008865857673994226,0.012917813071138423,0.03132473107834015,0.015100358249144678,0.04319936113927257,0.17389749111509203,0.011461236393200328,0.009423067397216389,0.05088131508541789,0.051905970114370883,0.009779720152051724,0.015329995095558805,0.021675557328584994,0.04193403816662424,0.026052955492272187,0.06280962181524874,0.0,0.0,0.0,0.009549858061667513,0.1206557339092372,0.02869109757252098,0.026268656468435715,0.03267977416549814,0.03221455459609163,0.42498425483689845,0.10387628346483192,0.027227735081254173,0.09001826836333104,0.0,0.054485156006845545,0.04065507205193762,0.008582684617197398,0.016784607459359526,0.008551391369213885,0.030325241494212334,0.03521959617362719,0.0,0.17221879840673593,0.025823549888226303,0.04627843982396419,0.005295243308222209,0.0,0.03607025559278795,0.054136400582622264,0.0,0.03663239220337631,0.010719605317458258,0.019421734753341666,0.020621025505164675
please indicate safe feel following situations 05 [city name] restaurantretail areas day,0.022997163674604294,0.03358491772976425,0.017179536370260404,0.009860526517016147,0.009315656945028745,0.013573183720703628,0.03291395591393827,0.015866457862129486,0.04539103191316711,0.021904375016550494,0.012042709270882255,0.009901136073934448,0.0534627211124772,0.05453936085650596,0.010275883203283367,0.016107745074466214,0.022775242237159897,0.10841840875166259,0.027374722750401356,0.06599619700574857,0.0,0.0,0.0,0.010034359319478249,0.1267770662330912,0.030146707988099215,0.02760136707185728,0.03433774558098009,0.03384892362239878,0.6510670203705852,0.2082154890678401,0.09431474513186214,0.09458524349179309,0.0,0.057249398830861026,0.042717661193928544,0.009018117423169271,0.01763615555289205,0.008985236547609403,0.03186375835514196,0.037006422588796856,0.0,0.18095612454372223,0.027133678512253127,0.048626324175693916,0.005563891494057085,0.0,0.09325788513609883,0.05688294969426911,0.0,0.038490895228713726,0.011263452380525112,0.02040707452028868,0.021667209933256062
please indicate safe feel following situations 06 [city name] restaurantretail areas dark,0.022597446816131277,0.0330011736647585,0.016880936490505382,0.009689139352144849,0.00915374023297824,0.013337266351366988,0.03234187392835118,0.015590680780160527,0.04460208415700466,0.02152365206774185,0.011833393288034478,0.009729043068780191,0.05253347821840251,0.05359140473925821,0.010097276666835226,0.01582777414633998,0.02237938262565256,0.10653397350738442,0.026898918936757867,0.0648491080467986,0.0,0.0,0.0,0.00985995074280666,0.12457353664317586,0.02962272391855009,0.02712162392215283,0.03374091651175744,0.03326059083473508,0.43878388475530217,0.20459646707220472,0.09267544760086173,0.09294124439166948,0.0,0.056254339171594836,0.04197517966119033,0.008861372286389177,0.017329619112447084,0.008829062917840722,0.0313099299974769,0.036363208878192464,0.0,0.17781090130456498,0.02666206432159919,0.047781143360632675,0.00546718473228606,0.0,0.09163695703375187,0.055894259337745694,0.0,0.03782187969539274,0.011067680768651264,0.020052376356928546,0.021290609183313994
please indicate safe feel following situations 07 [city name] parks day,0.02606583343680474,0.03806638435589115,0.01947192009783537,0.011176284407436246,0.010558709139930957,0.01538434700370058,0.03730589148897777,0.017983628490806244,0.0514478695770582,0.024827226470071927,0.013649650818867006,0.011222312776914862,0.060596619796860804,0.061816922988870884,0.011647064993872667,0.018257112315863563,0.1520014366686292,0.049940945179269225,0.031027520336285506,0.07480252360485902,0.0,0.0,0.0,0.011373312916644703,0.14369380236605975,0.03416939063461729,0.03128440736879341,0.25671707255003967,0.03836561837105564,0.7379433720305701,0.12371047494472714,0.21388839490840594,0.10720640324699172,0.0,0.06488857997433478,0.04841777261081994,0.010221466872693449,0.019989469119398834,0.010184198475697768,0.03611555884488946,0.04194444414711872,0.0,0.20510234516159384,0.03075431190713424,0.08190074342395591,0.03713328234925088,0.0,0.042957528917293555,0.06447323300839507,0.0,0.04362700018407456,0.012766412320592448,0.023130130867647505,0.024558414818093934
please indicate safe feel following situations 08 [city name] parks dark,0.025463849638181744,0.03718725088371735,0.019022221051940777,0.010918170959485655,0.010314858435827393,0.015029049419563277,0.03644432140628698,0.017568301161328483,0.0502596941045898,0.02425384798455516,0.0133344156022475,0.010963136315469217,0.05919715626320986,0.06038927686313904,0.011378078987926643,0.017835468946951687,0.14849100211974828,0.04878757174278475,0.03031094763972572,0.07307497833317561,0.0,0.0,0.0,0.011110649145348499,0.1403752305200215,0.03338025724202007,0.03056190193150539,0.2507882570038297,0.03747957416535157,0.494442002938593,0.12085341296674611,0.20894869678747288,0.10473049861038003,0.0,0.06338999471118156,0.04729957645769134,0.009985404693042023,0.019527817410385694,0.00994899700020324,0.03528147919209229,0.0409757478696707,0.0,0.20036555862659952,0.03004404888981011,0.08000926656955444,0.03627569863077367,0.0,0.04196543570455263,0.0629842400778603,0.0,0.04261944570257263,0.012471575272616598,0.022595946373753943,0.023991244469361447
please indicate safe feel following situations 09 violent crime murder rape assault robbery,0.0,0.0,0.0,0.00692838905733696,0.006545542525387697,0.009537046262333296,0.009888968328824379,0.0,0.008673176968137311,0.006581149691266069,0.0084616754479678,0.006956922909894481,0.0074892025735487705,0.007640021180869587,0.007220234803612219,0.0,0.0,0.008419136867214343,0.0,0.009244925775851188,0.0,0.0,0.0,0.007050530738544983,0.0663572163392023,0.009057551188685389,0.005273983231636843,0.010316744648422643,0.010169878532435733,0.31376011379188895,0.05066715398044483,0.008595579295182582,0.049507483106931045,0.0,0.010939036775577149,0.008162357619642471,0.006336479696560147,0.0,0.006313376315819625,0.006088427679123618,0.011118546245264004,0.0,0.10361237366148385,0.0,0.027372895551574995,0.0,0.0,0.007241859643099862,0.039968170617534333,0.0,0.00735472034694646,0.007914139279114352,0.006131287109418355,0.006509893656180708
please indicate safe feel following situations 10 property crime burglary theft,0.0,0.0,0.0,0.008492020215425113,0.0080227710924597,0.011689411345832856,0.012120756825736542,0.0,0.01063058000003412,0.008066414249613659,0.010371345830300157,0.008526993720916384,0.009179400741741119,0.009364256795815385,0.008849731070956648,0.0,0.0,0.010319206944232362,0.0,0.011331363745443138,0.0,0.0,0.0,0.008641727400945556,0.08133302242822325,0.011101701587486827,0.006464240366444963,0.012645075700390631,0.012465064154329852,0.38457095972305766,0.06210195361421785,0.010535469722313258,0.060680562808993074,0.0,0.013407809617317511,0.010004476558389952,0.007766525989304379,0.0,0.007738208529838759,0.0074624924356001,0.01362783162139748,0.0,0.1269960974217717,0.0,0.033550538293246696,0.0,0.0,0.008876236305083177,0.048988373783402914,0.0,0.009014567938982615,0.12259375517718836,0.007515024582030168,0.007979076820175407
please indicate safe feel following situations 11 fire,0.0,0.0,0.0,0.013436810427166256,0.012694323792837789,0.018495999806243932,0.019178512011237634,0.0,0.016820625077154608,0.012763379778839281,0.016410442304787675,0.013492148538868588,0.014524443474324703,0.014816938745402618,0.014002811547227895,0.0,0.0,0.016327943640134943,0.0,0.017929465859280458,0.0,0.0,0.0,0.013673690111904746,0.12869215759183028,0.01756607448708995,0.010228281393134734,0.02000813477983575,0.019723304909232492,0.6085015050018263,0.09826309366941899,0.01667013335210089,0.0960140459389354,0.0,0.021214998492842516,0.015829949944529773,0.012288870580687688,0.0,0.01224406424191716,0.011807802340034947,0.021563136378013548,0.0,0.200944232674658,0.0,0.05308656966652899,0.0,0.0,0.014044750425993032,0.07751365104702523,0.0,0.014263630726985565,0.015348559139449306,0.011890923255318547,0.012625186928046702
please indicate whether member household used following services past 12 months 01 ambulanceemergency medical services,0.0838009413454654,0.06119119210931741,0.0,0.009042598557522655,0.008542925766501936,0.0124472918684433,0.08155865965723133,0.05781687357093135,0.17579806857570732,0.11439184871643389,0.011043769852818932,0.009079839562876413,0.009774545255487871,0.06301060601522403,0.059548443620418785,0.0586961165860502,0.08299226660514879,0.0694363148438169,0.2220943023481446,0.0762469582101139,0.0,0.060317522529515624,0.0,0.06419847150282879,0.08660623180718512,0.01182147807169697,0.006883348029120152,0.013464916520149025,0.01327323396341301,0.011910014940886995,0.06612832069702665,0.011218534682803311,0.5680533126908668,0.0434500574454121,0.014277102129934617,0.010653114688933582,0.008270067066053289,0.0,0.008239913650067373,0.007946321560929432,0.014511389214308588,0.0,0.011472936145264482,0.0,0.0,0.020274645662538834,0.0658422006099703,0.009451725216431,0.05216452467983251,0.0,0.00959902555267922,0.010329152106948765,0.008002259618009096,0.008496398585276878
please indicate whether member household used following services past 12 months 02 art cultural programsfacilities,0.03915297271033555,0.028589381411509,0.0,0.008449657220285203,0.007982748977088241,0.011631097957090275,0.044135493142668306,0.027012852561972903,0.16427063636670752,0.10689094559489035,0.010319607697104797,0.008484456258169758,0.009133608704140534,0.03409820834952526,0.03222465813086148,0.027423647204896855,0.03877514855310289,0.037575482609953824,0.046605824438387324,0.0412610643109487,0.0,0.056362381511146725,0.0,0.05998884887064631,0.08092728735618673,0.011046320027096617,0.006431993082962346,0.012581994917861824,0.012402881371105975,0.01112905135606738,0.061792153979690435,0.010482912846408472,0.48973028163851196,0.020300474984041295,0.013340923887038213,0.009954568576417583,0.007727782169295416,0.0,0.0076996059733180225,0.007425265306747212,0.013559848297041264,0.0,0.01072063269435504,0.0,0.0,0.009472598226130315,0.06152479536102731,0.008831956622991756,0.048743992094729016,0.0,0.008969598180538817,0.009651848871173895,0.007477535393148283,0.007939272676522982
please indicate whether member household used following services past 12 months 03 neighborhood code enforcement eg high weeds litter blight,0.03366957810743409,0.024585423375117637,0.0,0.007266278243141831,0.00686476074714912,0.01000215651666445,0.03795429390946128,0.02322968822747541,0.1412644465804947,0.0919208119473032,0.0088743411634751,0.007296203657306061,0.00785444195877417,0.02932273617744574,0.027711577661023605,0.023582950862687586,0.03334466842389779,0.032313016332637216,0.040078653996441185,0.035482430360814415,0.0,0.04846880007426874,0.0,0.05158737875584352,0.06959337782141398,0.009499277046053332,0.0055311890388366,0.010819879853527906,0.010665851254034013,0.10770603259924981,0.05313813002752074,0.009014775339968032,0.4211432958410034,0.017457382690963807,0.011472520417878551,0.008560425965332234,0.006645502176074706,0.0,0.0066212720712944175,0.00638535296064377,0.011660784348097978,0.0,0.009219202397074005,0.0,0.0,0.008145955818339263,0.052908215125263586,0.007595036411648812,0.04191737013798673,0.0,0.007713401196027912,0.25194792147224615,0.006430302593709527,0.006827373325546829
please indicate whether member household used following services past 12 months 04 customer service provided city employees,0.0639364089710005,0.06231706772938561,0.015991199364464005,0.009178457554020646,0.00867127751344842,0.012634304105203218,0.06547899670388117,0.04411171539012462,0.20920069198693864,0.12778127435167047,0.011209695109835958,0.009216258080576606,0.049764616078716836,0.46991552746354065,0.03500410124766636,0.044782538892784204,0.0633194259384561,0.1302090076077625,0.12690829395500136,0.1593751305968107,0.0,0.06122375297090657,0.0,0.06516301060733466,0.1180076864288794,0.028061410228422054,0.02569213476225677,0.03196254680436247,0.03150753747087817,0.012088954951090023,0.10159649682075166,0.02663016434887603,0.8794941678010922,0.022051432751634376,0.053289363022905274,0.03976280976466098,0.008394319293487445,0.016416233441387148,0.008363712842590075,0.07271130926056621,0.0344466270002189,0.0,0.04282279790530646,0.025256796995513784,0.009000224397054281,0.03611937043810539,0.06683143564514149,0.13210110528741797,0.05294826178048052,0.0,0.03582841620712071,0.010484340710202388,0.09313547943091403,0.0988865887198965
please indicate whether member household used following services past 12 months 05 drinking water,0.04351500096318101,0.03177452115481787,0.0,0.009391032573682418,0.008872106136020904,0.01292691726245423,0.049052623432260974,0.03002235140480712,0.18257200934918164,0.11879965373074014,0.011469314021221784,0.009429708568434267,0.010151183014848722,0.037897085877738504,0.28486856340127137,0.030478912632348004,0.04309508345940608,0.04176176286947686,0.05179817405769823,0.04585795481012962,0.0,0.06264170804832116,0.0,0.06667219972539148,0.0899433872698631,0.012276989289546986,0.007148580703462027,0.013983753545869738,0.01378468497916696,0.01236893770650327,0.06867641085228378,0.01165081297870365,0.5442910768196461,0.022562148601564466,0.014827234705500273,0.011063605933465023,0.008588733505064707,0.0,0.008557418202286397,0.008252513273141204,0.01507054945921326,0.0,0.011915017167971543,0.0,0.0,0.010527939321069107,0.06837926584021245,0.00981592390952236,0.05417455473033589,0.0,0.009968900097398202,0.01072716026016432,0.008310606763944975,0.008823786145736402
please indicate whether member household used following services past 12 months 06 fire services,0.10096523427088934,0.07372450652031415,0.0,0.010894723461567467,0.010292706591658811,0.01499677353688245,0.09826368352075414,0.0696590526451807,0.21180541522731494,0.13782183850086127,0.013305779058339719,0.010939592251459993,0.011776589090369986,0.07591657677986281,0.07174528667663665,0.070718384146441,0.09999092499352184,0.08365841340865275,0.12018418161049484,0.09186402771289903,0.0,0.07267189001763796,0.0,0.07734774348649799,0.10434511048848208,0.014242779183311061,0.00829321049584829,0.016222830305573633,0.015991886906421206,0.014349450368572941,0.07967286863272308,0.013516339604777302,0.6844032402661265,0.05234959367550132,0.01720136955640849,0.012835109045478924,0.009963960372686428,0.0,0.009927630867788207,0.009573904601901863,0.017483643836156082,0.0,0.013822848133725215,0.0,0.0,0.024427343132563416,0.0793281448008014,0.011387648341645589,0.06284897723543142,0.0,0.011565119056397734,0.012444791735673796,0.009641300014734087,0.010236649610950367
please indicate whether member household used following services past 12 months 07 solid waste services eg garbage recycling collection,0.0706268756238132,0.05157152944811731,0.0,0.007621041880728034,0.007199920978057727,0.0104904947430333,0.06873709554060856,0.048727676241943095,0.14816144216111388,0.09640868875646355,0.00930761572948926,0.007652428352180458,0.008237921686258375,0.05310491937879805,0.05018703195508374,0.04946869640323113,0.06994532993485716,0.05852046401284916,0.08407085179221492,0.06426042891332262,0.0,0.05083520654102018,0.0,0.054106044505841985,0.07299115575417321,0.009963063040276403,0.00580123990641061,0.011348142026629541,0.011186593243567074,0.010037681324367364,0.05573250856248597,0.009454906365042383,0.4787515512232831,0.03661941923055395,0.012032646653007248,0.008978374157395346,0.006969957481346901,0.0,0.0069445443830418235,0.006697106924335964,0.012230102248406018,0.0,0.009669314224420607,0.0,0.0,0.017087336425278692,0.05549136845740411,0.007965851105889196,0.04396391421606893,0.0,0.008089994848913056,0.008705340649450758,0.0067442511465436415,0.18938936605585652
please indicate whether member household used following services past 12 months 08 land use planning zoning,0.03720440701148396,0.02716654467361947,0.0,0.008029134560401574,0.007585463413246736,0.011052241309682093,0.04193895729656637,0.13166646136308113,0.15609521301582135,0.10157119550477696,0.009806021315479295,0.008062201719277184,0.00867904713714814,0.03240120823477688,0.03062090088985791,0.026058826743467035,0.03684538641224492,0.035705425460698784,0.04428634510946864,0.039207583079542724,0.0,0.05355733771202759,0.0,0.05700332299275873,0.07689969697601251,0.010496566615967868,0.0061118855603628525,0.011955814017079324,0.011785614595848252,0.010575180570989901,0.05871688118766574,0.009961199091805874,0.46535737806488825,0.019290160658307978,0.012676972598598494,0.009459149466906321,0.0073431857971453405,0.0,0.007316411874487316,0.007055724598085239,0.012885001575472385,0.0,0.010187088095002239,0.0,0.0,0.009001165823819584,0.05846282847651247,0.008392407681034563,0.04631810040768966,0.0,0.008523199091601548,0.009171495520228869,0.007105393306088028,0.007544150841822076
please indicate whether member household used following services past 12 months 09 maintenance infrastructure eg city streets sidewalks,0.06232474705573027,0.06074622497566887,0.015588104986628526,0.00894709375491443,0.008452698335323125,0.01231582787108231,0.06382845037298518,0.042999779751954056,0.20392731499642838,0.12456025808454335,0.010927129370203821,0.008983941433632861,0.04851018628272234,0.07572661003115355,0.03412174364005166,0.043653693629745666,0.06172331647713071,0.06889524094663044,0.07418839537258136,0.26563060006382216,0.0,0.059680469690516554,0.0,0.06352042942127172,0.11503303556894698,0.027354058863498898,0.025044506348576225,0.031156858461387216,0.3035253347190688,0.011784225476856862,0.09903552714344077,0.09476429577481646,0.540451981885038,0.02149557647326454,0.05194608400152669,0.038760498137010664,0.00818272147422193,0.016002425117531027,0.008152886528200525,0.028912049766857933,0.03357832179291593,0.0,0.04174335234994848,0.024620142255679336,0.05680323966765122,0.015078734704818061,0.06514679802933541,0.034389339488063275,0.05161358098803776,0.0,0.034925279875024584,0.07357071182720966,0.018516659194766735,0.01966006159465387
please indicate whether member household used following services past 12 months 10 park recreation system,0.048285165030972486,0.0352576804270017,0.0,0.010420488282079225,0.009844676536087959,0.014343980685820516,0.05442982799501535,0.03331343582930235,0.20258576137733494,0.13182260735475454,0.012726593313770598,0.010463403983515383,0.011263967282140321,0.042051407682326174,0.039740863290939135,0.16018725141630716,0.22649374182699686,0.0463397349765248,0.05747634901341765,0.05088495615255806,0.0,0.06950856357545344,0.0,0.07398088235002886,0.09980308403174938,0.013622806866782236,0.007932216278610349,0.11242382156956815,0.015295777878580752,0.013724834774142906,0.07620479738798985,0.09366790648602792,0.6039568858417221,0.025035437080689598,0.016452613095741673,0.01227641104241294,0.009530240273922687,0.0,0.009495492151914716,0.009157163196458883,0.016722600290443628,0.0,0.013221154948133081,0.0,0.0,0.05533142482024973,0.07587507900057366,0.010891956691068135,0.06011323124747321,0.0,0.01106170230324551,0.011903083810430879,0.009221624962024711,0.00979105965332249
please indicate whether member household used following services past 12 months 11 police services,0.09534564714052578,0.06962110111521805,0.0,0.01028833802408875,0.009719828591456212,0.014162073591169156,0.09279446101775084,0.06578192485376784,0.2000166149125524,0.1301508630852593,0.012565197557235178,0.010330709478378027,0.011121120215665418,0.07169116373611396,0.06775204194656903,0.06678229540956745,0.09442556658768536,0.19020865811376803,0.20839236107265025,0.08675100131716261,0.0,0.06862707181034676,0.0,0.07304267365728145,0.09853740406109746,0.013450045534177918,0.007831621719192501,0.015319889713580587,0.015101800308806437,0.013550779546865425,0.07523838551147023,0.012764038591055692,0.6463102900664599,0.04943588674436781,0.01624396480533873,0.012120724394864762,0.009409379938320563,0.0,0.009375072484078222,0.009041034139344156,0.01651052808395651,0.0,0.013053487273641036,0.0,0.0,0.023067750555098295,0.07491284853751394,0.010753827378143219,0.05935088894613821,0.0,0.010921420315145038,0.011752131613772697,0.009104678415487275,0.00966689166578088
please indicate whether member household used following services past 12 months 12 communication city,0.06696242302929406,0.06526644080265726,0.01674803877513205,0.009612860143076196,0.009081676034124816,0.013232266712963086,0.06857801911908706,0.0461994565231386,0.2191018460421241,0.1338289698478345,0.011740233116856864,0.00965244971169145,0.05211990049777266,0.08136153831392508,0.03666079270372566,0.04690202909307223,0.066316239117935,0.07402183702162726,0.0797088628432157,0.0984527876185412,0.0,0.06412138110131166,0.0,0.0682470778759228,0.12359281271087706,0.02938951456229639,0.02690810485237278,0.03347528606397174,0.032998741823195364,0.012661107003743902,0.10640490618563186,0.027890529968266957,0.6559886842954088,0.023095093892225273,0.05581146841262086,0.041644723736396404,0.008791609798235985,0.01719318907554542,0.008759554790058334,0.031063437857215364,0.2373520123219471,0.0,0.04484953651265764,0.026452163204000036,0.009426191478903306,0.016200765502468087,0.06999446696098949,0.036948300751843584,0.05545422336150414,0.0,0.037524121250209916,0.010980548784625234,0.019894511003478457,0.02112299565541758
please indicate whether member household used following services past 12 months 13 public library services,0.08811868651246207,0.06434399647822761,0.0,0.009508507837203407,0.00898308999196408,0.013088623975747563,0.08576087389143686,0.060795820136729746,0.18485585776963726,0.12028575448896045,0.01161278713522459,0.009547667641657731,0.0102781672298818,0.0662571535506532,0.06261660730111412,0.06172036511645893,0.08726834575508631,0.14985671718927157,0.10489226613071394,0.0801754932602483,0.0,0.06342531209853007,0.0,0.06750622241361151,0.09106851627336673,0.012430565857482194,0.007238004459087546,0.014158680543505468,0.01395712176796264,0.012523664484964054,0.06953550482296779,0.01179655651799693,0.5973215930477219,0.04568877066901729,0.015012713063779801,0.011202003922432549,0.008696172567159599,0.0,0.008664465531798397,0.008355746454781907,0.015259071515253042,0.0,0.012064065717285188,0.0,0.02316121228200666,0.021319272989111633,0.06923464273417214,0.009938714267124211,0.0548522406017398,0.0,0.010093604080348722,0.010861349548563362,0.008414566654612345,0.008934165552323507
please indicate whether member household used following services past 12 months 14 sewer services eg sanitary sewerwastewater,0.07548009526337593,0.0551153356458178,0.0,0.008144731903864336,0.007694673118590302,0.011211363033835232,0.07346045642975572,0.05207606328637745,0.1583425526034369,0.10303353995602026,0.009947200916528594,0.008178275138423213,0.008804001425221778,0.0567540945038503,0.053635700567201294,0.052868003633052565,0.0747517162564558,0.06254177548606579,0.08984789212465143,0.06867616970454785,0.0,0.05432841533139916,0.0,0.05782401327474886,0.07800684004562297,0.01064768816053258,0.006199879817902238,0.01212794469055506,0.011955294868125053,0.010727433939201518,0.059562241971029335,0.01010461282389045,0.5116496004481104,0.4215963241969351,0.012859485962214973,0.009595335072162496,0.007448907374523044,0.0,0.007421747981387465,0.007157307528799345,0.013070509981320253,0.0,0.0103337540043284,0.0,0.0,0.018261515461155755,0.05930453160309028,0.008513235153271565,0.04698495302064458,0.0,0.008645909598615904,0.009303539703788555,0.00720769132890268,0.007652765760333713
please indicate whether member household used following services past 12 months 15 storm drainage,0.041114853186591874,0.030021940559302105,0.0,0.00887305336070546,0.008382749239670355,0.012213909999697105,0.046347038175203935,0.028366414868503345,0.17250192334188455,0.11224704615978649,0.010836703474566157,0.008909596111730863,0.009591276343504424,0.03580680426460873,0.0338393740327343,0.028797793644225224,0.0407180969844538,0.03945831807850861,0.04894115304094233,0.043328577219868575,0.0,0.059186592502738666,0.0,0.06299477519616754,0.08498239873266149,0.011599829967605405,0.006754287937716719,0.013212454586003272,0.013024366002459972,0.011686706805022826,0.06488844047051356,0.01100819153213739,0.5142697281139128,0.021317692905770312,0.014009412032314922,0.010453372942668753,0.00811500653345462,0.0,0.0080854184822602,0.007797331130308171,0.014239306325216482,0.0,0.011257823066380564,0.0,0.0,0.00994725198120418,0.06460768502351778,0.009274509054297084,0.0511864601834981,0.0,0.009419047566680012,0.010135484532767837,0.007852220370630481,0.00833709442495012
please indicate whether member household used following services past 12 months 16 traffic management traffic signals traffic flow signs parking,0.027108033298197103,0.019794203342150297,0.0,0.005850222178030879,0.005526952619486101,0.008052931077495527,0.030557741466919856,0.018702674561820638,0.11373475811120785,0.07400723653601804,0.007144904964102545,0.005874315711993135,0.006323764244322242,0.023608306173487265,0.022311131062694837,0.01898709319183092,0.02684644218196438,0.02601583898424056,0.03226810516056226,0.028567595966090906,0.0,0.03902317522793176,0.0,0.04153400368183838,0.056030984329452055,0.007648053018411798,0.004453268055957593,0.008711296067210472,0.008587284640912463,0.007705333052730917,0.04278254374300906,0.00725797125559061,0.33907067236015376,0.0140552789160589,0.009236749700568153,0.006892165722258939,0.005350423272232772,0.0,0.005330915142813774,0.005140972070560465,0.009388324658619404,0.0,0.007422559461994585,0.0,0.0,0.006558467732045235,0.04259743477590971,0.006114911784491192,0.033748491348708276,0.0,0.006210209578423873,0.006682574079997761,0.005177161895868055,0.005496851277957713
please indicate whether member household used following services past 12 months 17 [city name] love field airport,0.055390075165429806,0.053987190102988906,0.013853667245915923,0.007951579733708575,0.007512194084407512,0.010945485761759287,0.056726466305449655,0.03821533411804963,0.18123698594133184,0.11070084330641256,0.009711303226257009,0.007984327491065061,0.04311261563703283,0.06730075643785763,0.030325128208028837,0.03879648912554941,0.05485556381112573,0.06122949157197416,0.06593369392121888,0.08143832107227417,0.0,0.053040017941989134,0.0,0.05645271784317865,0.10223368385232313,0.024310461704304502,0.02225788558577355,0.027690136159745936,0.02729594759663632,0.010473033036873936,0.08801616615656674,0.023070529432158544,0.48031764770981794,0.019103833594602573,0.04616621219210788,0.034447743579909616,0.00727225667052679,0.014221887323451404,0.007245741361909421,0.02569510002729596,0.029842171142315126,0.0,0.03709870530646754,0.021880739105226272,0.0077971708746527495,0.013400972938608282,0.05789812570607444,0.03056294953640208,0.04587070570744594,0.0,0.031039257579681123,0.009082906427564392,0.01645637075259461,0.017472550486424085
please indicate whether member household used following services past 12 months 18 municipal court services eg traffic parking ticket processing misdemeanor court cases fine collection,0.04788406674269081,0.03496479967866043,0.0,0.005166963352723777,0.0048814490745952375,0.00711241359613371,0.04660282139757365,0.033036705655980096,0.10045145452737583,0.0653637874564748,0.00631043761839453,0.00518824295599903,0.0055851995201788955,0.036004417319038244,0.0340261290978659,0.03353910730616483,0.047421987980606074,0.03967608335855211,0.056998900811859786,0.04356770195228616,0.0,0.0344655827033066,0.0,0.03668316661918418,0.04948701670416985,0.006754822032951113,0.003933162219273733,0.007693886858354065,0.007584358967702826,0.006805412220667584,0.03778588725853055,0.006410298677815671,0.3245870786362945,0.02482747111530443,0.008157971740003557,0.006087216284116821,0.004725536933110517,0.0,0.004708307196064516,0.0045405479446087105,0.008291843963930796,0.0,0.006555664307513196,0.0,0.0,0.01158498306226902,0.0376223975276867,0.005400739345294311,0.029806939412202735,0.0,0.005484907124544589,0.005902103257355638,0.004572511089838987,0.004854863327283097
please indicate whether member household used following services past 12 months 19 social services community centers child care programs homeless programs senior programs,0.05260030760756624,0.03840858439232728,0.0,0.005675872586402208,0.005362237177433821,0.007812935876963203,0.05119286868563691,0.036290586787105575,0.11034521015435589,0.07180165680332415,0.006931970954964411,0.049953590596345104,0.053775579246403325,0.039550596994806834,0.037377461418639964,0.03684247143558939,0.052092717365593094,0.043583896090902595,0.06261288816816361,0.04785881150737527,0.0,0.037860198086551805,0.0,0.04029619828569022,0.05436113676826412,0.007420124081708862,0.0043205507944004354,0.008451680130301594,0.008331364519457148,0.0074756970440077895,0.04150752908485808,0.007041667620283073,0.35655660312762644,0.027272800883862285,0.008961474080384382,0.006686763902884375,0.0051909687961177635,0.0,0.0051720420522075785,0.004987759704636559,0.009108531768623794,0.0,0.06311943632592053,0.022649543005711866,0.0,0.01272602170526404,0.04132793677538956,0.005932673855737821,0.10731350888374447,0.0,0.00602513156412338,0.0064834185562552245,0.005022870992912309,0.00533303292262167
please indicate whether member household used following services past 12 months 20 311service request process call report problem,0.03260183025134629,0.02380575714300656,0.0,0.007035846100775927,0.006647061744597441,0.009684962724011459,0.036750666830385824,0.022493015801009857,0.13678459211078722,0.08900576948453731,0.008592913260777378,0.007064822504034394,0.00760535765081263,0.02839283772168864,0.026832773134814365,0.022835075580629954,0.0322872242792765,0.031288288496641975,0.03880765806227662,0.03435719235439641,0.0,0.04693173129362304,0.0,0.04995141192275809,0.0673863950154632,0.009198030838929993,0.005355780982965233,0.01047675397651606,0.010327610015206854,0.009266919420226939,0.05145298493207707,0.0087288939127743,0.40778777205614497,0.016903764737043997,0.011108697650601027,0.008288953111038768,0.0064347564198169544,0.0,0.006411294713213482,0.00618285719689121,0.011290991253326919,0.0,0.00892683806857231,0.0,0.0,0.007887626865328198,0.051230361215447016,0.007354178512581276,0.04058806384389354,0.0,0.007468789648953447,0.008036884985404799,0.006226381362902264,0.006610859973113282
please indicate whether member household used following services past 12 months 21 animal services eg shelter adoptions animal control,0.0593204322922314,0.0433155989672914,0.0,0.00640101229013674,0.006047307361622609,0.008811103105151317,0.05773318139825088,0.040927009636730335,0.12444272411045654,0.0809749127828095,0.007817587622368416,0.006427374196114325,0.006919137669649765,0.04460351313250284,0.0421527414988156,0.04154940211716514,0.0587479931953765,0.04915209957289565,0.07061220289643966,0.05397317081852095,0.0,0.04269715177180272,0.0,0.045444371159851824,0.061306221953095305,0.008368106351637594,0.004872536920820419,0.00953145222392266,0.009395765297906094,0.008430779219863523,0.046810459495145056,0.007941298944672229,0.4021096604982197,0.030757126941553203,0.010106376570838935,0.007541053339736215,0.0058541580269560215,0.0,0.005832813234849235,0.005624987292018291,0.010272222095989502,0.0,0.00812138289703214,0.0,0.0,0.01435187631503495,0.046607922781604985,0.006690622047247572,0.03692586389417549,0.0,0.006794891993178298,0.0073117289419275654,0.00566458433799745,0.006014372021526231
items selected would rate overall performance 01 ambulanceemergency medical services,0.05244561087898443,0.03829562531232949,0.03970574841380932,0.0,0.0,0.0,0.04296489947809925,0.03618385670681471,0.0,0.0,0.0,0.0,0.10222948519077334,0.10384137203329946,0.04859231007941222,0.056901410318867876,0.08045467554006416,0.05666094252890763,0.33129256351108505,0.06221851673529573,0.0,0.0,0.0,0.0,0.0,0.0,0.0,0.07003524936083855,0.06903824832937717,0.021766675563049627,0.0,0.0978669933131114,0.05501968775689964,0.2812495267354303,0.026092750646009473,0.01946957181169634,0.0,0.0,0.02779915312834205,0.0831085581068919,0.07547828170159623,0.0,0.02096787284222826,0.0,0.0,0.01268859466319514,0.0,0.08245389925760563,0.0,0.0,0.0,0.053725156217172096,0.04162225937002935,0.08886167393422305
items selected would rate overall performance 02 art cultural programsfacilities,0.0,0.0,0.03481488057695456,0.0,0.0,0.0,0.0,0.0,0.0,0.0,0.0,0.0,0.08963707927798413,0.06194533052272844,0.015100927624283849,0.01768312882307191,0.025002726365143512,0.017608399165514432,0.10147662412847011,0.01933551454076824,0.0,0.0,0.0,0.0,0.0,0.0,0.0,0.06140845948207384,0.06053426687188351,0.019085503750921117,0.0,0.08581194967317576,0.0,0.22276275342088592,0.022878702302690623,0.017071352249663305,0.0,0.0,0.024374913834065905,0.0728714264559241,0.0661810309229908,0.0,0.01838509581401216,0.0,0.0,0.0,0.0,0.07229740706157813,0.0,0.0,0.0,0.047107408181444904,0.03649531987682227,0.07791588597313245
items selected would rate overall performance 03 neighborhood code enforcement eg high weeds litter blight,0.0,0.0,0.028560729827865824,0.0,0.0,0.0,0.0,0.0,0.0,0.0,0.0,0.0,0.07353465993251557,0.05081746137967821,0.01238819455588821,0.014506528715810478,0.020511232577589595,0.014445223505961767,0.08324734704089712,0.01586207959728581,0.0,0.0,0.0,0.0,0.0,0.0,0.0,0.05037703393915753,0.0496598814301327,0.12561173655413227,0.0,0.07039667722543659,0.0,0.1827456165504376,0.01876876853950357,0.014004651784493165,0.0,0.0,0.01999620039061937,0.05978079168125932,0.05429225987844872,0.0,0.015082394243541039,0.0,0.0,0.0,0.0,0.05930988922328213,0.0,0.0,0.0,0.31163702363361145,0.02993929474149702,0.063919063679066
items selected would rate overall performance 04 customer service provided city employees,0.02604700431848999,0.038038886426212844,0.0586368680028881,0.0,0.0,0.0,0.021338428583315035,0.017970637696961007,0.0374299848419178,0.014200813271274941,0.0,0.0,0.14935394641804597,0.5964277694736952,0.016993867043956622,0.038143677651258284,0.053932533343891295,0.12858720038114924,0.20701653734103795,0.16114835611745068,0.0,0.0,0.0,0.0,0.03662554251111874,0.0195443956086024,0.022760415605712157,0.09136764985995618,0.09006696710400222,0.02147791985232234,0.04194823346436556,0.11511624637120929,0.42286161197896277,0.25068662721703217,0.0729551406809501,0.05443678092012113,0.0,0.01997502937090544,0.027430370849397354,0.16066585052764998,0.09846860370284846,0.0,0.05862601968409123,0.030732095983020704,0.010951339557748628,0.031429245884004565,0.0,0.23042522560462014,0.0,0.0,0.03174005005479236,0.05301244078102349,0.14451264722491422,0.19751295587531326
items selected would rate overall performance 05 drinking water,0.0,0.0,0.040545505026045855,0.0,0.0,0.0,0.0,0.0,0.0,0.0,0.0,0.0,0.10439158739471092,0.07214170114694848,0.3241021803970482,0.020593820133528538,0.02911824342645651,0.020506789770193126,0.11817995367045893,0.022518193054289638,0.0,0.0,0.0,0.0,0.0,0.0,0.0,0.07151645966639582,0.07049837256447808,0.022227029805462577,0.0,0.09993683100759018,0.0,0.2594301111697917,0.026644599200986087,0.019881343464906123,0.0,0.0,0.028387091237726283,0.08486626231829103,0.0770746094040385,0.0,0.021411332808787466,0.0,0.0,0.0,0.0,0.08419775776354876,0.0,0.0,0.0,0.05486141625455047,0.04250254922523958,0.09074105365231741
items selected would rate overall performance 06 fire services,0.07325203210052152,0.05348841071107427,0.05545796318580155,0.0,0.0,0.0,0.06001009699415195,0.05053885327266471,0.0,0.0,0.0,0.0,0.14278635342991217,0.14503771412058242,0.06787003522542488,0.0794755531565918,0.11237295889062482,0.07913968607497929,0.24884173248322353,0.08690208215244595,0.0,0.0,0.0,0.0,0.0,0.0,0.0,0.09781989852660702,0.09642736347292293,0.030402033465589107,0.0,0.1366931572652583,0.07684730649870404,0.3928279033343423,0.03644436542693202,0.027193614020907107,0.0,0.0,0.038827738359714904,0.11607969979263957,0.1054223112560415,0.0,0.029286326706397976,0.0,0.0,0.01772246195632215,0.0,0.11516532220719275,0.0,0.0,0.0,0.07503920350754872,0.058134799621360846,0.12411521350291174
items selected would rate overall performance 07 solid waste services eg garbage recycling collection,0.04096590888284454,0.02991318188239633,0.031014646304693007,0.0,0.0,0.0,0.03356040911110218,0.028263653564863933,0.0,0.0,0.0,0.0,0.07985270273862852,0.08111176728976414,0.037956048442517,0.044446388389045494,0.06284413227597269,0.04425855605364757,0.13916375350745167,0.0485996453218016,0.0,0.0,0.0,0.0,0.0,0.0,0.0,0.05470539089579131,0.05392662118129238,0.017002216827178597,0.0,0.07644510691188106,0.042976551853167275,0.21968744938775503,0.020381367049640626,0.015207920957701227,0.0,0.0,0.021714258924424898,0.06491711244716943,0.05895701011007346,0.0,0.016378262240167595,0.0,0.0,0.009911216670222628,0.0,0.06440575040333525,0.0,0.0,0.0,0.041965377415237384,0.03251165648132427,0.2808081620191328
items selected would rate overall performance 08 land use planning zoning,0.0,0.0,0.03248931723283756,0.0,0.0,0.0,0.0,0.12226427264031021,0.0,0.0,0.0,0.0,0.08364950435634053,0.05780750820033255,0.014092216315693447,0.0165019317165836,0.023332595002514212,0.016432193848440708,0.09469819164652384,0.018043941422880922,0.0,0.0,0.0,0.0,0.0,0.0,0.0,0.057306499055280465,0.056490700736733984,0.017810630846243406,0.0,0.08007988564365705,0.0,0.20788265372773618,0.021350451435407116,0.01593102057629816,0.0,0.0,0.022746719073977125,0.0680037631064886,0.06176027241284214,0.0,0.01715700873760704,0.0,0.0,0.0,0.0,0.06746808704235607,0.0,0.0,0.0,0.04396072894866758,0.03405750659896938,0.07271126296881114
items selected would rate overall performance 09 maintenance infrastructure eg city streets sidewalks,0.025092076056703858,0.03664431501020252,0.05648713893025027,0.0,0.0,0.0,0.020556124857821052,0.01731180301450328,0.03605773681190534,0.013680186877265337,0.0,0.0,0.14387837223300848,0.11479839814016188,0.016370842464282002,0.036745264407559854,0.05195527332235226,0.05409077449006121,0.13987872266689785,0.28784209770171654,0.0,0.0,0.0,0.0,0.03528278672932278,0.01882786423716424,0.021925979374730155,0.0880179536723483,0.414817893858484,0.020690502135468015,0.04041033861944131,0.19363349937695915,0.02632361729941122,0.24149602156218325,0.07028047894914519,0.052441034309660337,0.0,0.019242710220378594,0.026424725976187512,0.1043114989106429,0.09485857425667067,0.0,0.05647668832959732,0.029605404151619653,0.06830516452821063,0.006070730743822053,0.0,0.10848446814288652,0.0,0.0,0.03057640488250235,0.12724725731497966,0.052309460313255084,0.0980003019210047
items selected would rate overall performance 10 park recreation system,0.0,0.0,0.04793305591645902,0.0,0.0,0.0,0.0,0.0,0.0,0.0,0.0,0.0,0.12341214624368899,0.08528620355730691,0.020790926069823554,0.19004191113085978,0.26870617465130064,0.024243207726486617,0.1397128072236788,0.026621096620094264,0.0,0.0,0.0,0.0,0.0,0.0,0.0,0.2116141043678872,0.08334345402731416,0.026276882279247356,0.0,0.22401389983101735,0.0,0.30669930038179477,0.031499350237519,0.023503802638183833,0.0,0.0,0.03355933119416015,0.10032922994818691,0.09111790714975118,0.0,0.02531256207340951,0.0,0.0,0.05723417745174416,0.0,0.09953892122759546,0.0,0.0,0.0,0.06485738261975613,0.05024668128555171,0.10727443142811723
items selected would rate overall performance 11 police services,0.06537476205832757,0.047736452120755356,0.04949420573802012,0.0,0.0,0.0,0.053556818829356555,0.04510407988227896,0.0,0.0,0.0,0.0,0.12743160309665066,0.12944086024951798,0.060571526502687593,0.07092902719662793,0.10028875976005205,0.22312920807141423,0.35221707875998887,0.07755693296389714,0.0,0.0,0.0,0.0,0.0,0.0,0.0,0.08730068514646916,0.08605789849356715,0.027132703993450708,0.0,0.12199364816193528,0.0685834130892374,0.3505845499973712,0.03252526448526276,0.024269306873060052,0.0,0.0,0.03465233774055652,0.1035968905727037,0.09408556071925811,0.0,0.02613697647822088,0.0,0.0,0.015816649726418636,0.0,0.10278084198857675,0.0,0.0,0.0,0.06696974723677994,0.051883184446537126,0.11076829294560432
items selected would rate overall performance 12 communication city,0.0325651523630681,0.04755795012141639,0.0733104858147412,0.0,0.0,0.0,0.026678276300312217,0.022467710586111533,0.0467966735990101,0.017754504211076105,0.0,0.0,0.18672911332365988,0.14898836262182175,0.021246507381707667,0.04768896488872669,0.06742891213878713,0.07020042138899013,0.18153826354204233,0.10202680213622503,0.0,0.0,0.0,0.0,0.04579092312001253,0.024435294479772777,0.028456109308532502,0.11423200159078493,0.11260582870711139,0.026852674644666768,0.05244559402782829,0.14392357972167147,0.1435696162129375,0.3134198509312327,0.09121184313152286,0.06805934544880796,0.0,0.024973692443339163,0.03429470027199933,0.13537819061159517,0.4154688410931192,0.0,0.0732969227519727,0.03842266756999259,0.013691864020793226,0.007878753084478591,0.0,0.14079397918753095,0.0,0.0,0.03968285770628852,0.06627857046680274,0.0678885852761434,0.12718735414607307
items selected would rate overall performance 13 public library services,0.05687758147448147,0.04153183674119526,0.04306112375395474,0.0,0.0,0.0,0.046595692750100684,0.03924161094532129,0.0,0.0,0.0,0.0,0.11086849357993601,0.11261659458737729,0.05269865350510253,0.0617099228549777,0.087253581116483,0.1606478743869638,0.1932167000383448,0.06747635684898134,0.0,0.0,0.0,0.0,0.0,0.0,0.0,0.07595365055043969,0.07487239691554667,0.023606090996302145,0.0,0.10613734481372136,0.059669183381512905,0.30501680890829125,0.028297745528909957,0.021114868116385455,0.0,0.0,0.030148349318063646,0.09013173277471713,0.08185665196926266,0.0,0.02273978462530017,0.0,0.029899531887173328,0.013760857479910576,0.0,0.08942175130221243,0.0,0.0,0.0,0.05826525611499605,0.04513959145091165,0.09637102160588752
items selected would rate overall performance 14 sewer services eg sanitary sewerwastewater,0.04489821796087503,0.03278454199319772,0.033991735756427895,0.0,0.0,0.0,0.036781865805433446,0.030976675795354864,0.0,0.0,0.0,0.0,0.08751774707543016,0.08889766897110599,0.04159944164254383,0.04871278797138466,0.06887652746965639,0.04850692564915683,0.1525220532784917,0.053264715173773416,0.0,0.0,0.0,0.0,0.0,0.0,0.0,0.059956549996201564,0.0591030263386917,0.018634256086147792,0.0,0.08378305683361432,0.04710186213196422,0.6957772049796364,0.022337770236035847,0.016667726129141774,0.0,0.0,0.02379860612481079,0.0711484925765734,0.06461628125507336,0.0,0.01795040822803181,0.0,0.0,0.010862592298140523,0.0,0.07058804499644902,0.0,0.0,0.0,0.045993625269931504,0.03563244362872865,0.07607368353231797
items selected would rate overall performance 15 storm drainage,0.0,0.0,0.03729349439471582,0.0,0.0,0.0,0.0,0.0,0.0,0.0,0.0,0.0,0.09601870976472605,0.06635547209538276,0.0161760244578872,0.01894206312690322,0.026782772771259022,0.01886201315921545,0.10870116026291499,0.02071208894573678,0.0,0.0,0.0,0.0,0.0,0.0,0.0,0.06578037900835979,0.06484394904887816,0.020444278864666043,0.0,0.09192125353015232,0.0,0.2386221454268731,0.02450753074386679,0.018286731675720973,0.0,0.0,0.02611026369695895,0.07805944150984293,0.07089272934047706,0.0,0.019694006020518504,0.0,0.0,0.0,0.0,0.07744455532581077,0.0,0.0,0.0,0.05046117734286315,0.03909357104503644,0.08346303674302344
items selected would rate overall performance 16 traffic management traffic signals traffic flow signs parking,0.0,0.0,0.022026662709383294,0.0,0.0,0.0,0.0,0.0,0.0,0.0,0.0,0.0,0.05671154629257437,0.039191543364034735,0.009554047977952462,0.011187753850582089,0.015818713473472905,0.01114047392504083,0.06420218410986724,0.012233184490191744,0.0,0.0,0.0,0.0,0.0,0.0,0.0,0.03885187603974806,0.03829879225923255,0.012075007778095987,0.0,0.05429146504488621,0.0,0.1409374368804625,0.0144748869017617,0.010800695328115305,0.0,0.0,0.015421509328647415,0.046104260738402854,0.041871384354681046,0.0,0.011631874005134525,0.0,0.0,0.0,0.0,0.045741090410704746,0.0,0.0,0.0,0.029803893448158886,0.023089842276521597,0.049295787077006395
items selected would rate overall performance 17 [city name] love field airport,0.021323295494671966,0.031140410837134813,0.04800288156055188,0.0,0.0,0.0,0.017468635260715418,0.014711604188892209,0.03064193553263001,0.01162544966574526,0.0,0.0,0.1222681231909138,0.09755590411593988,0.013911974065985865,0.031226197833196637,0.044151693269835195,0.04596644635464856,0.11886921313737409,0.06680600250451854,0.0,0.0,0.0,0.0,0.029983381431040894,0.01599995599229655,0.01863274031853346,0.07479782983084002,0.07373303011679602,0.01758282933507421,0.03434078509386176,0.09423954123846276,0.02236986166053167,0.2052237932373999,0.05972448898820036,0.044564493910513404,0.0,0.016352492923272975,0.022455784012556428,0.08864411656242904,0.08061100263315467,0.0,0.0479940006196,0.02515873057046284,0.008965278563208756,0.005158918904381478,0.0,0.09219031400851609,0.0,0.0,0.025983888897871246,0.0433984624813505,0.04445268207005732,0.08328084897026083
items selected would rate overall performance 18 municipal court services eg traffic parking ticket processing misdemeanor court cases fine collection,0.025494755092517054,0.01861619251047502,0.019301678722190303,0.0,0.0,0.0,0.02088601069584806,0.017589623794669683,0.0,0.0,0.0,0.0,0.04969559214758325,0.050479159344119076,0.023621596242111537,0.027660799372625226,0.03911046538622333,0.02754390365323278,0.08660727688416255,0.030245540471369847,0.0,0.0,0.0,0.0,0.0,0.0,0.0,0.03404539484568048,0.03356073470543068,0.010581172634993474,0.0,0.04757490635233678,0.026746060177764066,0.13672045541716404,0.012684155571094561,0.009464509170094802,0.0,0.0,0.013513668520742836,0.04040056545277983,0.03669135080200386,0.0,0.010192860259691586,0.0,0.0,0.006168154169332143,0.0,0.040082324006985345,0.0,0.0,0.0,0.02611676510403431,0.02023332918143845,0.043197258571201776
items selected would rate overall performance 19 social services community centers child care programs homeless programs senior programs,0.02840161516286103,0.020738772879423908,0.02150241683340326,0.0,0.0,0.0,0.023267391113122888,0.019595156888655155,0.0,0.0,0.0,0.04779039753236257,0.10680866096141947,0.05623469032095983,0.026314882553935534,0.03081462740189231,0.04356976102374649,0.03068440347056517,0.09648206226892936,0.033694075418387356,0.0,0.0,0.0,0.0,0.0,0.0,0.0,0.03792718145225393,0.037387261349542567,0.011787616396404878,0.0,0.05299930031588389,0.029795591506369724,0.15230904339179596,0.014130377165373291,0.01054363323667695,0.0,0.0,0.015054469492717708,0.04500695567335006,0.04087482391976026,0.0,0.07174113818125152,0.02445930958663696,0.0,0.006871434549845385,0.0,0.04465242898582051,0.08052922830810688,0.0,0.0,0.029094545489528292,0.022540292181248235,0.04812252204728851
items selected would rate overall performance 20 311service request process call report problem,0.0,0.0,0.027437178753325023,0.0,0.0,0.0,0.0,0.0,0.0,0.0,0.0,0.0,0.07064187859670529,0.048818352334402126,0.011900855143037892,0.013935856116589866,0.01970434082301607,0.013876962593515814,0.07997247812878641,0.015238080957076202,0.0,0.0,0.0,0.0,0.0,0.0,0.0,0.04839525087704212,0.047706310443723365,0.0150410505316484,0.0,0.06762734104889494,0.0,0.17555658338915836,0.018030423609683457,0.013453722531078747,0.0,0.0,0.01920956949669545,0.05742907402084974,0.052156455671297,0.0,0.014489067659762883,0.0,0.0,0.0,0.0,0.056976696403303904,0.0,0.0,0.0,0.03712476841686214,0.028761512276534135,0.061404550460633193
items selected would rate overall performance 21 animal services eg shelter adoptions animal control,0.032779145610549204,0.023935232278186596,0.024816576392546575,0.0,0.0,0.0,0.026853585505657026,0.022615351177446223,0.0,0.0,0.0,0.0,0.06389467344544986,0.0649021223555371,0.0303707856758757,0.03556407453412229,0.05028515218675861,0.03541377923639105,0.11135280686623905,0.038887330809142896,0.0,0.0,0.0,0.0,0.0,0.0,0.0,0.04377288391143447,0.043149746122849074,0.013604437354827187,0.0,0.06116806288479339,0.034387975012663025,0.17578437995567198,0.016308286975221877,0.012168719530472116,0.0,0.0,0.017374809311431243,0.051943861116512016,0.04717484542299574,0.0,0.01310517592453658,0.0,0.0,0.00793052621730021,0.0,0.05153469136166819,0.0,0.0,0.0,0.03357887703235556,0.026014419084151537,0.05553962858413837
four services listed think citys top priorities 1st,0.651645055435492,0.4452654365190307,0.1976116297283816,0.0,0.0,0.0,0.05899117961031885,0.04968074907457407,0.0,0.0,0.0,0.0,0.0,0.04557541764934519,0.04307124403331961,0.13813102861793397,0.1953077617442841,0.05022311717290553,0.08571520775250051,0.055149238908740475,0.0,0.0,0.0,0.0,0.09795660449889994,0.0,0.060873720274382204,0.0,0.0,0.0,0.0,0.0,0.07554250846613444,0.03733566462346115,0.0,0.0,0.0,0.0,0.0,0.0,0.0,0.0,0.0,0.0,0.0,0.017421550518478993,0.0,0.0,0.0,0.0,0.0,0.0,0.0,0.0
four services listed think citys top priorities 2nd,0.9225540222253351,0.24623398178076944,0.3994063290386055,0.0,0.0,0.0,0.05910990541548597,0.04978073668245287,0.0,0.0,0.0,0.0,0.0,0.04566714285626578,0.04315792933375241,0.13840903149394967,0.19570083866564175,0.05032419635226327,0.08588771840786809,0.05526023241382118,0.0,0.0,0.0,0.0,0.09815375222195609,0.0,0.060996234885902716,0.0,0.0,0.0,0.0,0.0,0.07569454551983013,0.0374108064815008,0.0,0.0,0.0,0.0,0.0,0.0,0.0,0.0,0.0,0.0,0.0,0.017456613177443084,0.0,0.0,0.0,0.0,0.0,0.0,0.0,0.0
four services listed think citys top priorities 3rd,0.6280456085212159,0.23683990769246144,0.1904550877942118,0.0,0.0,0.0,0.05685480306604527,0.047881551504259746,0.0,0.0,0.0,0.0,0.0,0.04392489542034908,0.041511410917702926,0.1331285877187166,0.1882346548177687,0.04840427764100828,0.08261101555733465,0.053151998961727044,0.0,0.0,0.0,0.0,0.09440908784318068,0.0,0.05866916716973278,0.0,0.0,0.0,0.0,0.0,0.0728067224681476,0.03598354658321645,0.0,0.0,0.0,0.0,0.0,0.0,0.0,0.0,0.0,0.0,0.0,0.016790625825356814,0.0,0.0,0.0,0.0,0.0,0.0,0.0,0.0
four services listed think citys top priorities 4th,0.5673369716367047,0.21394630289564182,0.1720451688156669,0.0,0.0,0.0,0.05135905952824081,0.04325318744231928,0.0,0.0,0.0,0.0,0.0,0.03967899275009098,0.037498802378172894,0.12026000782402835,0.1700393690720087,0.043725385415515114,0.0746256048195068,0.04801417877657977,0.0,0.0,0.0,0.0,0.08528324259451357,0.0,0.05299804214680592,0.0,0.0,0.0,0.0,0.0,0.06576902199369096,0.03250527679882771,0.0,0.0,0.0,0.0,0.0,0.0,0.0,0.0,0.0,0.0,0.0,0.015167597191026588,0.0,0.0,0.0,0.0,0.0,0.0,0.0,0.0
please rate citys performance following areas 01 visibility police commercial retail areas,0.0,0.0,0.0,0.010025977658104156,0.009471965644050007,0.013800930051582842,0.014310191691891135,0.0,0.012550836534683809,0.00952349228994281,0.012244775558845705,0.010067268608406434,0.02666164424016159,0.02719856015526667,0.02570411599550631,0.017864498217134168,0.025259170197913305,0.5854550369292411,0.10765765120133956,0.03291203831673724,0.0,0.0,0.0,0.01020272722525182,0.012281094929441903,0.154491038664093,0.0899562288282075,0.03672772539286478,0.036204880390753716,0.0324864812581083,0.21084015860725133,0.23274688898896523,0.009162622142646537,0.06312365270640521,0.03894309226867156,0.029058083671618364,0.009169433665314575,0.0,0.009136001076986434,0.021674870077099204,0.039582147972069784,0.0,0.03129427854696294,0.0,0.0,0.0,0.0,0.19609153083735567,0.0,0.0,0.010642915874073585,0.1907505360190206,0.021827450124391586,0.023175293630778512
please rate citys performance following areas 02 traffic enforcement,0.0,0.0,0.0,0.013916715569459105,0.01314771050236496,0.01915659745826692,0.01986348606706787,0.0,0.017421385541467337,0.013219232871513545,0.01699655280266634,0.01397403012077221,0.03700811353838565,0.037753388097140864,0.035679001437300954,0.02479709699711987,0.03506138744292678,0.13243391535411672,0.02107103297739089,0.045684071088562705,0.0,0.0,0.0,0.014162055578872628,0.01704696647477746,0.018193459201784588,0.010593591662561434,0.05098049539264093,0.05025475218540254,0.04509336993746575,0.15283811349652227,0.2303339034607287,0.012718321402458795,0.08761977638263282,0.05405557013786373,0.04033452888502891,0.01272777624335298,0.0,0.01268136961465503,0.03008614343202201,0.05494262143206294,0.0,0.0434385142617465,0.0,0.0,0.0,0.0,0.19405856692460183,0.0,0.0,0.014773066338267778,0.17705095950427494,0.030297934560244426,0.03216882988339202
please rate citys performance following areas 03 visibility police neighborhoods,0.0,0.0,0.0,0.0114739380584792,0.010839915148227412,0.015794072354955634,0.016376882003622036,0.0,0.014363439246710888,0.010898883317068016,0.014013176678945687,0.011521192283682976,0.0305121420554481,0.031126599833293606,0.029416326750140855,0.020444504563953834,0.02890712149404934,0.4447215460929112,0.123205662682387,0.03766522347267473,0.0,0.0,0.0,0.011676213951611282,0.014054741324584698,0.014999992125215092,0.008734116462062309,0.042031975390043934,0.041433620658666834,0.0371782070940665,0.12601069832039893,0.18990378353898105,0.010485895989704007,0.0722400254495682,0.044567287473974926,0.03325467735076727,0.010493691238391185,0.0,0.010455430286622389,0.02480517363702637,0.045298636157041466,0.0,0.03581382543201724,0.0,0.0,0.0,0.0,0.15999579537980477,0.0,0.0,0.012179975027374704,0.03224339835376015,0.02497978942725581,0.0265222896633606
please rate citys performance following areas 04 efforts police effectively deal problems neighborhood,0.0,0.0,0.0,0.008406300468167103,0.00794178801741881,0.011571416644838194,0.01199840805767889,0.0,0.010523273304136981,0.007984990633888,0.010266655883650725,0.008440920945759782,0.022354507470601703,0.02280468566393389,0.021551666051458647,0.014978523276967115,0.021178600382038202,0.17085946510355396,0.09026576704607589,0.027595162541249666,0.0,0.0,0.0,0.008554496486523552,0.01029710793056902,0.010989639318430442,0.006398989338259681,0.030794432791817476,0.030356052382853334,0.14077067397913628,0.09232085678744154,0.1391316787953823,0.007682418356987693,0.05292614938846887,0.032651911457771125,0.024363806773029878,0.0076881294914172595,0.0,0.007660097872706467,0.018173336974205263,0.033187728955261654,0.0,0.026238748715706882,0.0,0.0,0.0,0.0,0.11721980045134464,0.0,0.0,0.008923573515304,0.12208563221331309,0.11072822121590423,0.01943137002114189
please rate citys performance following areas 05 response time police emergency calls,0.0,0.0,0.0,0.009295523547093197,0.008781874714268383,0.012795447450711017,0.013267606249637782,0.0,0.011636430931956793,0.00882964732722769,0.011352668379838022,0.00933380619781369,0.024719179544382457,0.025216977834171594,0.023831413119129615,0.016562959693027672,0.023418884358369536,0.1889330731310547,0.24603866330748483,0.030514193985737913,0.0,0.0,0.0,0.009459395821637077,0.011386341660998755,0.012152129399296266,0.007075877943768114,0.03405188479994123,0.03356713227062806,0.030119641375108523,0.10208660770635002,0.15384910416734998,0.00849506878875229,0.05852470652940559,0.036105848579011356,0.02694102363020913,0.008501384050117465,0.0,0.008470387231388937,0.020095722537243288,0.036698345145572187,0.0,0.029014297961002446,0.0,0.0,0.0,0.0,0.27202519154566157,0.0,0.0,0.009867514021160331,0.02612174365140415,0.020237186190044915,0.021486831010596556
please rate citys performance following areas 06 response time fire structure fires,0.0,0.0,0.0,0.009248153275715727,0.008737122013001983,0.012730241460422726,0.013199994123716021,0.0,0.01157713132518162,0.008784651175269265,0.011294814835679175,0.009286240836881073,0.02459320985184029,0.02508847134636888,0.023709967511354808,0.016478554345496905,0.023299541009735834,0.08800705468076449,0.014002452064208247,0.03035869272293694,0.0,0.0,0.0,0.009411190452152754,0.011328316516772557,0.01209020177741005,0.007039819054052864,0.03387835535690174,0.03339607314125602,0.029966150764439568,0.10156637124128642,0.15306508444229994,0.00845177765922583,0.05822646284075918,0.03592185207393699,0.02680373135247089,0.008458060737826562,0.0,0.008427221879831238,0.019993314122559294,0.0365113292599319,0.0,0.028866440214069054,0.0,0.0,0.0,0.0,0.270638942876639,0.0,0.0,0.009817228868889428,0.025988626449414305,0.020134056872273612,0.0213773334647233
please rate citys performance following areas 07 response time fire medical emergencies,0.0,0.0,0.0,0.01019889697294697,0.00963532984305756,0.014038956451610206,0.014557001392352711,0.0,0.01276730241245558,0.009687745175581011,0.012455962763948655,0.010240900073533137,0.027121481017362566,0.027667657189704816,0.02614743816100011,0.01817260949536154,0.025694818326511583,0.09705449907913241,0.15342774675497892,0.033479676437415715,0.0,0.0,0.0,0.010378694962412355,0.012492908539359743,0.013333118367937363,0.007763537984281254,0.037361173154992565,0.036829310578474585,0.03304677974194397,0.11200776255795754,0.1688007302475888,0.009320651054848366,0.0642123543920253,0.03961474874573502,0.029559252145206556,0.009327580056716236,0.0,0.009293570852275005,0.022048699324565105,0.04026482632432052,0.0,0.031834014958650125,0.0,0.0,0.0,0.0,0.29846160773676234,0.0,0.0,0.010826475600978314,0.028660351501956283,0.02220391093938498,0.023575000874557973
please rate citys performance following areas 08 fire prevention education,0.0,0.0,0.0,0.011768578921887677,0.01111827484846896,0.016199650552404687,0.01679742625171653,0.0,0.014732280016078528,0.011178757269181263,0.01437302300674845,0.011817046594962861,0.031295667627386815,0.03192590415262225,0.03017171272728253,0.020969501861828412,0.029649431518057722,0.11199186884295076,0.01781858034839183,0.03863243402478861,0.0,0.0,0.0,0.011976049086027273,0.014415654996747863,0.015385179025158973,0.00895840106272655,0.04311132037661848,0.04249760041023845,0.03813291148434162,0.1292465447022251,0.19478034941037448,0.010755164782360133,0.07409508718710144,0.045711737094861774,0.03410862887090464,0.010763160206330807,0.0,0.010723916746219494,0.025442149167150447,0.046461866183254985,0.0,0.036733493674382556,0.0,0.0,0.0,0.0,0.16410434983183042,0.0,0.0,0.012492746313054368,0.03307138109880858,0.025621248940728564,0.027203359256568603
please rate citys performance following areas 09 prevention programs youth pals afterschool programming etc,0.0,0.0,0.0,0.007778069935279453,0.007348272030551923,0.010706646550956841,0.01110172748857206,0.0,0.00973683441575618,0.007388245973139023,0.00949939486066158,0.007810103110506575,0.02068388146884529,0.021100416362445036,0.019941039034330782,0.01385912887799307,0.019595853791643785,0.07401748280950424,0.011776626984199828,0.02553288511801707,0.0,0.0,0.0,0.00791519077687575,0.009527571125773663,0.010168347361117623,0.005920771780233969,0.028493063361110627,0.0280874445645792,0.025202741497480266,0.08542141496093912,0.12873390999778012,0.0071082859194722195,0.048970803852115594,0.030211726525934096,0.02254301921372799,0.007113570242007581,0.0,0.007087633518527701,0.016815183620671713,0.030707500616309488,0.0,0.02427784056706348,0.0,0.0,0.0,0.0,0.10845957852240035,0.0,0.0,0.008256685463180414,0.021857483112459962,0.016933553950133705,0.0179791997127707
please rate citys performance following areas 10 mental health programs,0.0,0.0,0.0,0.011044720213916332,0.010434414875221471,0.01520324663683575,0.01576425450306999,0.0,0.01382613074787103,0.010491177158846504,0.013488970825736388,0.011090206749893873,0.0293707417986847,0.029962213898758756,0.02831591882582563,0.019679715165808943,0.027825761954111454,0.10510350194478735,0.016722599717724343,0.03625624026642732,0.0,0.0,0.0,0.01123942935686947,0.01352898061832318,0.014438871413596208,0.008407390047565319,0.04045964043515003,0.0398836689977019,0.035787442229179095,0.12129688166483715,0.18279985006561708,0.0100936388891277,0.0695376657316929,0.04290011139457671,0.03201068414970742,0.010101142532629082,0.0,0.010064312849110597,0.023877260037682486,0.043604101737048255,0.0,0.034474099447866446,0.0,0.0,0.0,0.0,0.15401066193372584,0.0,0.0,0.011724345704518462,0.031037235145256893,0.024045343788717803,0.025530142072519538
please rate citys performance following areas 11 quality volunteer disaster response programs community emergency response team,0.0,0.0,0.0,0.0065424608011730185,0.006180939759641636,0.009005809404455134,0.009338128549068918,0.0,0.008190059747811776,0.006214563519085893,0.0079903393808338,0.05758046950127108,0.10892309946243836,0.055096781987025376,0.01677324417269885,0.011657494491198215,0.016482894389498823,0.06225920876414448,0.14794404126946487,0.021476780411524916,0.0,0.0,0.0,0.006657798891294651,0.008014039619010257,0.00855302338194173,0.0049802094359132805,0.023966710468862333,0.02362552748920191,0.02119908276749598,0.07185153432830371,0.10828349024248672,0.005979077377633046,0.04119139674370746,0.025412350130094505,0.018961878817383846,0.005983522242919168,0.0,0.0059617057771262465,0.04390730922584479,0.08018251572677507,0.0,0.0848767291865254,0.026107659223069752,0.0,0.0,0.0,0.0912298998207782,0.08595621404266753,0.0,0.006945044392755532,0.01838524565418847,0.014243522347464972,0.04694675355500568
two public safety services listed think citys top priorities 1st,0.5564401229252789,0.38021243645506975,0.1687406949846955,0.0,0.0,0.0,0.050372605393186255,0.04242242289953585,0.0,0.0,0.0,0.0,0.0,0.03891687781199317,0.03677856238535913,0.1179501722645498,0.16677342066321982,0.27407175295764236,0.073192269841582,0.047091969810324034,0.0,0.0,0.0,0.0,0.0836452062270065,0.0,0.051980108050937876,0.0,0.0,0.0,0.0,0.0,0.06450579551913888,0.03188094751780447,0.0,0.0,0.0,0.0,0.0,0.0,0.0,0.0,0.0,0.0,0.0323231018212583,0.014876272951342978,0.0,0.0,0.0,0.0,0.0,0.0,0.0,0.0
two public safety services listed think citys top priorities 2nd,0.7873399499382644,0.21014471371630694,0.3408673655248258,0.0,0.0,0.0,0.050446465843186045,0.04248462613919327,0.0,0.0,0.0,0.0,0.0,0.038973940933611444,0.03683249013332698,0.1181231204917263,0.16701795754595683,0.2744736194651949,0.07329959035726326,0.047161019923067204,0.0,0.0,0.0,0.0,0.0837678536962813,0.0,0.052056325553322604,0.0,0.0,0.0,0.0,0.0,0.06460037921294326,0.03192769398072225,0.0,0.0,0.0,0.0,0.0,0.0,0.0,0.0,0.0,0.0,0.03237049660712002,0.014898085764198881,0.0,0.0,0.0,0.0,0.0,0.0,0.0,0.0
please rate citys performance following areas 01 city parks appearance quality amenities,0.025562765934418693,0.037331707640135506,0.01909611434299435,0.010960583440251123,0.010354927302364786,0.015087430926117423,0.036585892195606026,0.01763654658795275,0.050454931779233214,0.02434806393564721,0.013386214172479425,0.011005723467642822,0.1380608323199715,0.14084112064193421,0.028100213039963434,0.0374345506974431,0.17668161701769902,0.13996101351474458,0.10586232792277862,0.09471358851251596,0.0,0.0,0.0,0.011153809322535463,0.04937055829919537,0.03350992543676413,0.03068062200674839,0.27559298992290043,0.061116448678764076,0.03551481966667188,0.16154123916945737,0.600665721692754,0.036834156340780466,0.06900793978757143,0.08890418979377127,0.06633744870494254,0.010024193770997532,0.019603674729654907,0.009987644649655937,0.09934466026260134,0.15787534129189426,0.0,0.07144251566372195,0.030160757324802036,0.03701665389794995,0.03641661439186047,0.0,0.18350940085046033,0.0,0.0,0.04278500424051848,0.030800798841028924,0.03684630969410279,0.09243579691735711
please rate citys performance following areas 02 recreation programs classes classes offered activities resources,0.0,0.0,0.0,0.007174030810927248,0.006777610691714666,0.009875176345468624,0.01023957559140569,0.0,0.008980679099155202,0.0068144802876607445,0.008761678923256125,0.007203576313598656,0.019077586622616546,0.019461773726277956,0.018392432778897627,0.012782839240408765,0.01807405436534265,0.06826934016293121,0.010862062894322814,0.023550020256013438,0.0,0.0,0.0,0.0073005029499819815,0.008787667040582519,0.009378681070222043,0.005460969048787677,0.09299646730177046,0.02590619451652728,0.02324551534342332,0.07878765142791964,0.1743222806638308,0.006556261723473672,0.04516776765884527,0.02786550632121208,0.020792345113415215,0.006561135669452431,0.0,0.0065372131726212845,0.015509328971051985,0.02832277896458086,0.0,0.022392441531143833,0.0507978655746363,0.0,0.0,0.0,0.10003668834740652,0.0,0.0,0.007615477413017531,0.020160047235738308,0.015618506748794534,0.016582948439457193
please rate citys performance following areas 03 rangevariety recreation programs classes,0.0,0.0,0.0,0.01032676624078749,0.00975613335501594,0.014214970689961085,0.014739510649474437,0.0,0.012927373213848084,0.009809205847839291,0.012612130126272218,0.010369295957706113,0.027461518173305974,0.028014542061382052,0.026475263197611523,0.018400449650732,0.02601696861545178,0.0982713255428957,0.01563555933319239,0.03389942984064603,0.0,0.0,0.0,0.010508818458071152,0.012649539111505324,0.013500283119994516,0.007860873796235757,0.1338651595392709,0.03729106021583561,0.03346110567751309,0.11341206643794882,0.2509308212385074,0.009437509263078315,0.06501742054419879,0.04011142097717728,0.029929852999372137,0.009444525137712725,0.0,0.009410089540879919,0.022325136183075037,0.04076964894145975,0.0,0.03223313578475359,0.0,0.0,0.0,0.0,0.14399931130664523,0.0,0.0,0.010962213172606155,0.029019682336685573,0.02248229377260179,0.023870573828100445
please rate citys performance following areas 04 recreation centersfacilities appearance quality safety,0.0,0.0,0.0,0.010717085419492078,0.010124884411219946,0.014752251727959315,0.015296617642802842,0.0,0.013415987130149156,0.010179962876806463,0.013088828848584592,0.010761222625511465,0.0884713821630333,0.09025303121238645,0.027475944606130696,0.019095928586538833,0.02700032793487333,0.20208877425355115,0.07375781725846281,0.03518072132197095,0.0,0.0,0.0,0.010906018636139398,0.013127651775418768,0.014010551222981404,0.00815799002144172,0.13892484017018855,0.03870054462335312,0.0347258298885647,0.11769868468756213,0.4785550415076206,0.00979421733399721,0.06747487388405161,0.04162750612207468,0.031061107001745407,0.009801498386554829,0.0,0.009765761232820221,0.07192376046472655,0.13134551299711944,0.0,0.033451446608609235,0.0,0.0,0.0,0.0,0.1494420308969504,0.0,0.0,0.011376550240236918,0.030116534759972287,0.02333205353631733,0.0769026186487248
please rate citys performance following areas 05 accessibility parks ease access home,0.0,0.0,0.0,0.009974193532548546,0.009423042987836682,0.013729648315382514,0.014236279621809993,0.0,0.01248601152538263,0.009474303498855524,0.012181531352987437,0.010015271215294514,0.02652393697809368,0.02705807972512391,0.025571354362137682,0.017772228171238316,0.13774349724088025,0.09491618158194867,0.015101735736299008,0.03274204779984162,0.0,0.0,0.0,0.010150030189046576,0.012217663134212187,0.013039361349265444,0.007592490693641963,0.23090973329756995,0.03601788236065486,0.03231868874133863,0.10953999279178933,0.3270259346044573,0.009115297244104608,0.06279761934898645,0.038741951387618975,0.18222234068518,0.00912207358529139,0.0,0.009088813676118405,0.02156291947918751,0.03937770637143549,0.0,0.031132643751363903,0.0,0.0757645468441997,0.02751129795369924,0.0,0.13908293903790922,0.0,0.0,0.010587945265650642,0.028028902865638028,0.021714711451282065,0.023055593352552348
please rate citys performance following areas 06 accessibility recreation centersfacilities,0.0,0.0,0.0,0.011618211334153986,0.010976216221015214,0.01599266699118954,0.01658280488728759,0.0,0.014544045104919036,0.011035925855500466,0.014189378336282242,0.011666059733897042,0.030895801672552337,0.03151798564134656,0.029786207587646888,0.020701573726080776,0.02927059958561821,0.11056094440632377,0.017590911658602656,0.038138825922132774,0.0,0.0,0.0,0.011823030643987768,0.014231465615697733,0.015188601998126293,0.008843939226111099,0.15060607333829684,0.04195460692728929,0.03764568580049133,0.127595156605261,0.2823117366486914,0.010617745626255053,0.07314837139437981,0.045127676463268665,0.033672821601542426,0.010625638892384635,0.0,0.0105868968474799,0.025117073843917495,0.04586822112330742,0.0,0.03626414840597679,0.0,0.0,0.0,0.0,0.16200758221149142,0.0,0.0,0.012333126010575091,0.03264882678431946,0.0252938852527665,0.026855780883953413
please rate citys performance following areas 07 appearancemaintenance parks,0.0,0.0,0.0,0.01322676807992665,0.012495887893148644,0.01820687291598192,0.018878716185342898,0.0,0.016557687411077257,0.012563864405604735,0.01615391655862035,0.013281241153982081,0.03517336633092127,0.03588169249418337,0.03391014747547156,0.02356773402455173,0.1826615140941243,0.12586825358058396,0.02002639667423108,0.043419196880143354,0.0,0.0,0.0,0.013459944894459036,0.01620183087760913,0.01729148405976692,0.010068394324422528,0.3062091666617468,0.047763277818887076,0.04285778085557135,0.14526087501769486,0.43366876520082837,0.012087786569803997,0.08327586028785687,0.051375663034372215,0.0383348683468218,0.012096772669082654,0.0,0.012052666736752897,0.028594565981363246,0.05221873708333244,0.0,0.041284967779149494,0.0,0.031700208584889034,0.036482704734360875,0.0,0.1844377465231471,0.0,0.0,0.014040663640094332,0.037169100091028466,0.028795857163927296,0.030573999313745943
please rate citys performance following areas 08 appearancemaintenance recreation centersfacilities,0.0,0.0,0.0,0.011441604137100554,0.010809367923519764,0.01574956415810369,0.01633073143069462,0.0,0.014322962619334736,0.010868169918190226,0.013973687102595108,0.011488725198398898,0.030426157871353093,0.03103888408769128,0.029333430608333225,0.020386891301634732,0.028825660308804325,0.1088803192280073,0.017323514078003685,0.03755908167826487,0.0,0.0,0.0,0.011643310010350011,0.014015134617744363,0.014957721671637158,0.008709503444843903,0.14831672640644084,0.04131685940146099,0.03707343772725872,0.12565559617573038,0.2780203459112684,0.010456346402213842,0.07203645076654544,0.04444169544429004,0.033160964615222444,0.01046411968364297,0.0,0.010425966552449819,0.024735271870947845,0.04517098316357081,0.0,0.035712900936008506,0.0,0.0,0.0,0.0,0.15954492215368504,0.0,0.0,0.012145651471423661,0.032152535434504595,0.024909395588341963,0.026447549009856457
please rate citys performance following areas 09 outdoor athletic facilities soccerbaseball fields tennis courts,0.0,0.0,0.0,0.007592970173754439,0.007173400447782178,0.010451853557347237,0.010837532498330365,0.0,0.009505120668854743,0.00721242310460023,0.00927333161644144,0.007624241034789896,0.020191653762080992,0.020598276105380516,0.019466489229491186,0.013529314223251376,0.019129518583308844,0.0722560408925862,0.011496370974099283,0.024925262534816327,0.0,0.0,0.0,0.007726827861986112,0.009300837352746723,0.009926364621529573,0.005779871344305199,0.027814995501456035,0.027419029477801785,0.024602975555572136,0.16439889959126416,0.1256703458695263,0.006939125441423799,0.04780541395588948,0.029492758527222163,0.02200654840345815,0.006944284009517601,0.0,0.006918964519023644,0.016415021819082845,0.029976734360875466,0.0,0.02370008509087229,0.0,0.0,0.2310957448792549,0.0,0.10587849577479728,0.0,0.0,0.008060195778343602,0.021337326448233725,0.016530575213246315,0.017551337067289757
please rate citys performance following areas 10 walking trails city access appearance quality,0.023456737138428222,0.034256076016573066,0.017522850839308973,0.010057578483540048,0.009501820281977555,0.013844429129307246,0.03357170575394226,0.01618353187619008,0.0462981226334855,0.022342110279980877,0.012283369801535242,0.010098999578568064,0.12668647286253967,0.12923770274527752,0.02578513266143727,0.3704095792820278,0.04856916528244017,0.12843010463210347,0.09714069304226788,0.08691046011511601,0.0,0.0,0.0,0.010234885146704457,0.04530308697316666,0.03074915736877127,0.028152950564977217,0.05689115931019151,0.05608127364503086,0.03258887522488859,0.1482324093541052,0.38788081928270707,0.03379951626588738,0.06332261181025266,0.08157967787396433,0.06087213334808436,0.009198334754314048,0.017988595062853475,0.009164796789989304,0.09115999371369622,0.1448685322560272,0.0,0.06555661131237735,0.027675915754923692,0.11784467906247645,0.11356293878593426,0.0,0.16839068938091387,0.0,0.0,0.039260094174124474,0.028263226441190264,0.033810668346024704,0.08482032797367106
please rate citys performance following areas 11 swimming facilities access appearance quality,0.0,0.0,0.0,0.009806843875283437,0.009264940680190169,0.013499288644452542,0.01399741955681671,0.0,0.012276517921457434,0.009315341128796723,0.01197714639792975,0.009847232345803238,0.08095718176561136,0.08258750879797552,0.025142311415021844,0.01747404102622369,0.024707090619728034,0.0933236527820194,0.06749329413012295,0.032192693061578265,0.0,0.0,0.0,0.009979730297849917,0.012012671950572247,0.012820583495634013,0.007465101876568864,0.03592498219173332,0.03541356480367134,0.03177643723333738,0.21233250028199918,0.3619243140036763,0.008962358375945237,0.06174398428156739,0.038091928679984295,0.028422972761378538,0.008969021021887243,0.0,0.008936319156267615,0.06581501053616548,0.1201898547285078,0.0,0.030610292019913568,0.0,0.0,0.0,0.0,0.13674936869926843,0.0,0.0,0.010410297919470101,0.027558626519708432,0.021350376279007318,0.07037099595351062
please rate citys performance following areas 12 ease registering city recreation programsevents,0.023153963654050504,0.03381390746450902,0.017296670421566348,0.009927757866806657,0.009379173248090131,0.013665728825767007,0.03313837087587977,0.01597463904055078,0.045700518464279784,0.022053724110246344,0.012124819247263222,0.009968644309073961,0.06949634179395736,0.07089586883042387,0.025452304851031574,0.03390705952861196,0.04794224708324229,0.12677236212303333,0.04259279832240439,0.085788642418024,0.0,0.0,0.0,0.010102775901510387,0.044718326466409684,0.030352255213826222,0.027789559574671614,0.14848174330930528,0.05535739109778483,0.03216822646860333,0.14631906382727486,0.2577227641465913,0.11115147601140839,0.06250525994649841,0.08052666853261622,0.21268698616425266,0.009079605032972126,0.017756402939366818,0.009046499967999819,0.044819375568442225,0.060521245261173515,0.0,0.06471042356197082,0.027318682206326918,0.00973497431730672,0.005601827392772826,0.0,0.16621714599933674,0.0,0.0,0.038753335052429616,0.027898412038451514,0.03337424900074865,0.03543510652372299
please rate citys performance following areas 13 city golf courses,0.025976691393455067,0.03793620185884401,0.019405328452121416,0.011138062846957416,0.010522599613253044,0.015331734370736622,0.03717830978688598,0.017922126624986434,0.05127192399560555,0.02474232031490858,0.013602970640082266,0.011183933804898922,0.07796872495478288,0.0795388700265416,0.028555226148146925,0.038040710203852246,0.053786944464357056,0.14222733426089992,0.047785337929007875,0.09624723967149479,0.0,0.0,0.0,0.011334417542149852,0.050169991782227086,0.034052535391581706,0.031177418424641716,0.06300296924057869,0.062106077662534134,0.036089893900455326,0.16415699803326997,0.20284223650982458,0.037430593952840534,0.070125351855851,0.09034377217953708,0.0674116188075418,0.01018651067437077,0.019921107517722123,0.010149369730850483,0.05028335990261911,0.06789946353837703,0.0,0.07259934963727108,0.030649135826274914,0.01092177682155292,0.19930305975267748,0.0,0.18648087949167585,0.0,0.0,0.04347780104371124,0.03129954122405853,0.03744294409951322,0.0397550432580009
three park recreation services listed think citys top priorities 1st,0.5469860647731115,0.37375253118165697,0.16587374798124105,0.0,0.0,0.0,0.049516762111864655,0.041701655225667184,0.0,0.0,0.0,0.0,0.0,0.038255670234075966,0.03615368532632111,0.2741322434935727,0.38760411353164637,0.04215691501669949,0.07194871470085329,0.04629186535569487,0.0,0.0,0.0,0.0,0.08222405305842677,0.0,0.051096952893674885,0.1213080723359746,0.0,0.0,0.0,0.10106997802538785,0.0634098257698984,0.03133928217168421,0.0,0.0,0.0,0.0,0.0,0.0,0.0,0.0,0.0,0.0,0.0,0.069263705275617,0.0,0.0,0.0,0.0,0.0,0.0,0.0,0.0
three park recreation services listed think citys top priorities 2nd,0.7739245851353939,0.20656409012910032,0.33505937869744906,0.0,0.0,0.0,0.049586916239034814,0.0417607371021699,0.0,0.0,0.0,0.0,0.0,0.038309869924041916,0.03620490697591772,0.274520627294356,0.38815326147898077,0.04221664189404462,0.07205064986514069,0.046357450528686804,0.0,0.0,0.0,0.0,0.08234054606864571,0.0,0.05116934579616743,0.12147993862065208,0.0,0.0,0.0,0.1012131714772428,0.06349966324697029,0.03138368289364432,0.0,0.0,0.0,0.0,0.0,0.0,0.0,0.0,0.0,0.0,0.0,0.06936183638477969,0.0,0.0,0.0,0.0,0.0,0.0,0.0,0.0
three park recreation services listed think citys top priorities 3rd,0.5328036566056911,0.20092357487511198,0.16157292690071573,0.0,0.0,0.0,0.048232877609814644,0.04062040300781996,0.0,0.0,0.0,0.0,0.0,0.03726376648200697,0.0352162824287408,0.26702446576492217,0.3775542053173354,0.04106385869524807,0.0700832082378467,0.04509159688161946,0.0,0.0,0.0,0.0,0.08009212473930598,0.0,0.04977209676164501,0.11816276259835745,0.0,0.0,0.0,0.09844940727570553,0.061765718015038606,0.030526708469980953,0.0,0.0,0.0,0.0,0.0,0.0,0.0,0.0,0.0,0.0,0.0,0.06746781649038044,0.0,0.0,0.0,0.0,0.0,0.0,0.0,0.0
please rate citys performance following areas 01 enforcement multifamily building conditions,0.0,0.0,0.0,0.009449393440758314,0.008927242118440837,0.013007251996056306,0.0134872264950688,0.0,0.011829050140661997,0.008975805517076595,0.011540590433670833,0.00948830978869508,0.02512835902832583,0.02563439743170604,0.024225897301107364,0.016837128311270023,0.023806539903290926,0.08992209151902433,0.01430714595069491,0.031019299024746767,0.0,0.0,0.0,0.009615978312320639,0.011574821112611832,0.012353285025335121,0.007193005782913379,0.03461554965073947,0.03412277295584149,0.030618215338386653,0.10377645932071344,0.1563957864686504,0.008635688660734858,0.05949347287428543,0.03670351293362198,0.027386981560411562,0.008642108459363564,0.0,0.008610598546651943,0.020428369394008692,0.037305817165478025,0.0,0.02949457504484928,0.0,0.0,0.0,0.0,0.13176498005352005,0.0,0.0,0.010030852140361783,0.12021688357928306,0.020572174711279652,0.021842505049401474
please rate citys performance following areas 02 enforcement mowing weeds high grass private property,0.0,0.0,0.0,0.008137031505905801,0.007687398226565203,0.01120076330409125,0.011614077412026478,0.0,0.010186193884607874,0.0077292169853258,0.009937796382833085,0.00817054302717344,0.02163845228660423,0.022074210460641334,0.020861327325802353,0.014498734167088308,0.020500211622486563,0.07743342430966944,0.0123201238354887,0.02671123972537459,0.0,0.0,0.0,0.008280480538566793,0.009967272995777366,0.010637621354510938,0.00619401817107869,0.029808031580883118,0.029383693286906952,0.026365859822116457,0.0893636532712973,0.1346750402409108,0.0074363366440538346,0.051230829386966825,0.03160601185575524,0.02358339010920118,0.0074418648405492884,0.0,0.0074147311251325,0.017591212220706396,0.032124666152613446,0.0,0.025398274280553364,0.0,0.0,0.0,0.0,0.11346503887179663,0.0,0.0,0.008637735364594612,0.21169504998727282,0.01771504539631567,0.018808948200660723
please rate citys performance following areas 03 enforcement blighted residential properties,0.0,0.0,0.0,0.00981164241913211,0.009269474067758547,0.01350589392228811,0.014004268572908514,0.0,0.012282524890703023,0.009319899177587989,0.011983006883005612,0.009852050651957626,0.02609167190584429,0.026617109638482152,0.025154613689363746,0.017482591172748314,0.024719179938087702,0.09336931657005229,0.014855620203203976,0.032208445127301685,0.0,0.0,0.0,0.009984613435997231,0.012018549818500767,0.01282685667922414,0.007468754592890759,0.0359425604875135,0.03543089286004802,0.03179198562274358,0.10775480106337255,0.16239132620624525,0.008966743708290833,0.061774195960241446,0.03811056727486517,0.028436880281763235,0.00897340961430296,0.0,0.008940691747476612,0.02121150494542968,0.03873596125253696,0.0,0.03062526980791001,0.0,0.0,0.0,0.0,0.13681628093426745,0.0,0.0,0.010415391736775607,0.12482548026148257,0.021360823138166424,0.022679852461050275
please rate citys performance following areas 04 enforcement sign regulations,0.0,0.0,0.0,0.01107675544319381,0.010464679912853016,0.015247343678892045,0.01580997874937168,0.0,0.013866233463010013,0.010521606835575736,0.01352809560796267,0.011122373912944308,0.02945593168392823,0.030049119349808404,0.028398049195288936,0.01973679621224938,0.027906470622756342,0.10540835482629582,0.016771103645908763,0.03636140155138326,0.0,0.0,0.0,0.011272029340338646,0.013568221449019141,0.014480751384051211,0.008431775696326216,0.040576993689258836,0.039999351645702216,0.03589124376465138,0.12164870347105006,0.1833300613335641,0.01012291550544704,0.06973935984634586,0.043024543238746285,0.0321035311921135,0.010130440913278829,0.0,0.010093504405202285,0.023946516069977566,0.043730575506372424,0.0,0.03457409163042581,0.0,0.0,0.0,0.0,0.15445737011380328,0.0,0.0,0.01175835218865732,0.14092047578492595,0.024115087348211217,0.025604192291894878
please rate citys performance following areas 05 city efforts remove junk motor vehicles inoperative private property,0.016347146035298504,0.0238732724817809,0.012211783758946574,0.007009189013017268,0.006621877664996351,0.009648268785915676,0.023396330588310414,0.01127840404169336,0.03226544968225109,0.015570355643592482,0.008560356829096782,0.0070380556318214525,0.049065761059277575,0.05005385420770335,0.017969819360149283,0.02393903964018766,0.0338481534323832,0.08950373887722828,0.03007133917248581,0.06056844032110714,0.0,0.0,0.0,0.007132755129594993,0.031572003140493424,0.021429279059711585,0.01961996638723728,0.03964780284115211,0.03908338848283172,0.02271138987845913,0.10330408822742497,0.12764872986049766,0.023555093151286066,0.04412992209828209,0.05685338501464171,0.04242216841365761,0.006410376712794975,0.012536363805712996,0.0063870038968185765,0.031643345760372366,0.04272916936834899,0.0,0.04568681024894428,0.01928751786049438,0.06441851166569167,0.003954998453933096,0.0,0.11735251898205139,0.0,0.0,0.027360603865597546,0.11287747171422588,0.10062863111727907,0.025017870364425633
please rate citys performance following areas 06 enforcement bulkbrush trash violations,0.0,0.0,0.0,0.009825155121130365,0.009282240089532224,0.013524494388142438,0.01402355540582043,0.0,0.012299440519253713,0.00933273464537827,0.011999510012057417,0.009865619004619158,0.026127605643748605,0.026653767015018662,0.025189256900372214,0.017506668389852563,0.02475322346493835,0.0934979058211375,0.014876079526957332,0.032252802952652496,0.0,0.0,0.0,0.009998364355584896,0.012035101897674781,0.012844521967508873,0.007479040643971774,0.03599206097766335,0.03547968867590617,0.031835769895478115,0.10790320216213371,0.162614973329162,0.00897909280647939,0.06185927206325607,0.03816305356783948,0.028476043866471366,0.00898576789285069,0.0,0.008953004966617818,0.021240717663649336,0.03878930884498498,0.0,0.030667447266774957,0.0,0.0,0.0,0.0,0.1370047058231698,0.0,0.0,0.010429735928983398,0.12499739128764001,0.24265869644501956,0.022711087403639807
please rate citys performance following areas 07 enforcement litter private property,0.0,0.0,0.0,0.010638277727528492,0.010050431447506968,0.014643771589522443,0.015184134529708845,0.0,0.013317333164098156,0.01010510489563026,0.012992580628878581,0.010682090372232935,0.028289907056608443,0.028859613155704025,0.02727390126186564,0.01895550738068846,0.026801782020240868,0.10123572369136605,0.016107212919643527,0.0349220211865819,0.0,0.0,0.0,0.010825821630742501,0.013031118072753603,0.013907525151824729,0.008098000543007362,0.03897073745360595,0.03841596159726722,0.03447047478053687,0.11683319175508013,0.17607286883540188,0.00972219591842855,0.0669786998900789,0.04132139979266966,0.030832700298166336,0.009729423430034998,0.0,0.009693949068140983,0.02299858382408165,0.041999483495620674,0.0,0.033205462630981064,0.0,0.0,0.0,0.0,0.14834311444006376,0.0,0.0,0.011292893198061048,0.2767680982521817,0.02316048214204406,0.02459064028154477
please rate citys performance following areas 08 city efforts survey abate mosquitos carrying viruses,0.01755123757836648,0.02563172043585186,0.013111274441795542,0.0075254690533445015,0.007109629280993171,0.010358937108403425,0.025119648147190525,0.012109144214723122,0.034642045267302676,0.016717230670739575,0.009190892167883304,0.007556461918008608,0.05267982725885144,0.05374070097712188,0.019293433125836174,0.025702331845302698,0.0363413271771087,0.09609636946989106,0.03228632184335284,0.06502976626815529,0.0,0.0,0.0,0.007658136753505056,0.0338975211175823,0.02300770832400801,0.021065126022511746,0.04256816484190584,0.04196217707657164,0.02438425634854037,0.11091321943175873,0.13705102893927917,0.025290104779517607,0.04738042624622646,0.0610410689041169,0.04554688352387885,0.006882549676264522,0.01345976227579994,0.006857455274759121,0.03397411866361599,0.04587649743207659,0.0,0.04905199104146424,0.020708190135180507,0.007379334683910857,0.004246314147874091,0.0,0.12599642387889975,0.0,0.0,0.02937592027964691,0.02114763869642524,0.10804069457209795,0.026860626651445355
please rate citys performance following areas 09 enforcement food safety restaurants,0.0,0.0,0.0,0.010766018711951484,0.010171113764688641,0.01481960924355083,0.0153664606864529,0.0,0.013477243376243566,0.01022644371382309,0.013148591318036782,0.010810357444666418,0.02862960307406575,0.029206150019000676,0.02760139741166353,0.019183118957962913,0.027123609115494888,0.20301149425682052,0.01630062310194604,0.03534135347688966,0.0,0.0,0.0,0.010955814581454839,0.01318759150702373,0.014074522197707865,0.008195238703893581,0.03943868541412325,0.03887724798945195,0.03488438504822986,0.1182360867828584,0.17818709466887617,0.009838936889963778,0.06778295836860976,0.041817573743232424,0.031202929351156275,0.009846251187182634,0.0,0.009810350860670454,0.023274743350394884,0.04250379965509682,0.0,0.03360418304356498,0.0,0.0,0.0,0.0,0.15012437038734094,0.0,0.0,0.011428494592483298,0.13696722717931306,0.023438585690786735,0.024885916704816533
please rate citys performance following areas 10 enforcement yard parking regulations neighborhood,0.0,0.0,0.0,0.0095587122598189,0.00903052023591729,0.013157731223781022,0.013643258486125914,0.0,0.011965898902446842,0.00907964545827451,0.011674102042154513,0.009598078825986631,0.025419065786503374,0.02593095848317803,0.024506163595472558,0.017031914886186085,0.024081954705781953,0.09096238864644807,0.014472663484625838,0.03137815731112588,0.0,0.0,0.0,0.0097272243303646,0.011708728731423682,0.012496198593169383,0.007276220742964926,0.035016012498717594,0.03451753493352731,0.16006879272074473,0.10497703584981591,0.15820510923523767,0.00873559383370548,0.060181745220780916,0.03712813116064719,0.027703818032571194,0.00874208790215998,0.0,0.008710213455315249,0.02066470257576128,0.037737403372803194,0.0,0.029835793995336535,0.0,0.0,0.0,0.0,0.13328935218420748,0.0,0.0,0.010146897780437035,0.23356855211353897,0.020810171558277763,0.02209519818492339
two code enforcement services listed think citys top priorities 1st,0.5329747207022668,0.3641786578254729,0.1616248021580055,0.0,0.0,0.0,0.04824836345254729,0.04063344475867307,0.0,0.0,0.0,0.0,0.0,0.03727573053756332,0.03522758911078726,0.11297614519419621,0.15974048893393195,0.04107704282377746,0.07010570943609055,0.0451060741720586,0.0,0.0,0.0,0.0,0.08011783944075648,0.0,0.049788076792302925,0.0,0.0,0.0,0.0,0.0,0.06178554876623673,0.030536509498448206,0.0,0.0,0.0,0.0,0.0,0.0,0.0,0.0,0.0,0.0,0.0,0.014248931906007444,0.0,0.0,0.0,0.0,0.0,0.27731540550836237,0.0,0.0
two code enforcement services listed think citys top priorities 2nd,0.7540460218214771,0.20125840864167915,0.3264532441963805,0.0,0.0,0.0,0.048313256411020564,0.04068809582359352,0.0,0.0,0.0,0.0,0.0,0.03732586555273776,0.035274969422028866,0.1131280955563213,0.15995533628155412,0.041132290518070554,0.07020000003095499,0.04516674082246258,0.0,0.0,0.0,0.0,0.0802255961242119,0.0,0.049855040630422016,0.0,0.0,0.0,0.0,0.0,0.061868648933028486,0.030577580413625474,0.0,0.0,0.0,0.0,0.0,0.0,0.0,0.0,0.0,0.0,0.0,0.014268096397407748,0.0,0.0,0.0,0.0,0.0,0.27768838846168786,0.0,0.0
please rate citys performance following areas 1 garbage collections,0.0,0.0,0.0,0.012114966465578606,0.011445521828788658,0.016676458941993905,0.017291829123828838,0.0,0.015165898919567843,0.01150778444380361,0.014796067808314196,0.012164860699867032,0.03221680088481493,0.0328655873202281,0.031059764337414864,0.021586702484822244,0.030522110693983678,0.11528815368917962,0.01834303910589396,0.039769512173090826,0.0,0.0,0.0,0.012328543151246627,0.014839954596398969,0.015838014869413584,0.009222075934613147,0.04438022671353875,0.04374844297301238,0.03925528706006033,0.13305069076328263,0.20051336842986187,0.011071724252766894,0.07627594652624997,0.04705718215116217,0.035112556724189004,0.011079955008062475,0.0,0.011039556485318356,0.026190994343337097,0.04782938997770246,0.0,0.037814679833689434,0.0,0.0,0.0,0.0,0.16893447443944343,0.0,0.0,0.012860448457727476,0.034044779377506246,0.02637536560560192,0.028004042572334083
please rate citys performance following areas 2 recycling,0.0,0.0,0.0,0.01748129599427958,0.016515320571998525,0.024063303495699996,0.02495125216029387,0.0,0.021883640271358216,0.016605162438713284,0.021349992312687655,0.017553290900784856,0.04648724648610244,0.04742341314795456,0.04481770010982744,0.03114854149615719,0.04404189255724957,0.1663550902101725,0.02646809604928304,0.05738543443939296,0.0,0.0,0.0,0.017789476563350722,0.021413318772148183,0.022853470265944885,0.013306998376986047,0.06403846693896328,0.06312683432290161,0.056643433094682796,0.1919855506067403,0.2893308499277832,0.015975949201310326,0.11006240935604059,0.06790118092183323,0.05066567860137813,0.015987825773151228,0.0,0.015929532707641875,0.03779230638411107,0.06901543853230244,0.0,0.05456470828704587,0.0,0.0,0.0,0.0,0.24376407146521345,0.0,0.0,0.018556989550690687,0.04912492882659479,0.03805834497510904,0.45840813028621813
please rate citys performance following areas 3 yard waste pickup,0.0,0.0,0.0,0.011513772103585564,0.010877548057413682,0.015848904600640937,0.016433737588261676,0.0,0.014413304766632636,0.01093672094591422,0.014061826193093976,0.011561190381177339,0.030618070990808724,0.03123466198034789,0.029518451345955862,0.020515481704742558,0.029007478283115156,0.10956708230202807,0.01743278221631744,0.03779598574480004,0.0,0.0,0.0,0.011716750237483623,0.01410353513862033,0.015052067564342058,0.008764438674657567,0.04217789770503841,0.041577465666878075,0.03730727859251897,0.126448169380047,0.1905630720797424,0.010522299851369082,0.07249082098442089,0.044722011626263214,0.03337012753978141,0.010530122162803699,0.0,0.010491728380574184,0.02489128970288732,0.045455899330917746,0.0,0.0359381602097038,0.0,0.0,0.0,0.0,0.1605512524249365,0.0,0.0,0.012222260219447558,0.03235533768774121,0.025066511706365327,0.02661436703709137
please rate citys performance following areas 4 bulk trash pickup,0.0,0.0,0.0,0.011159707524765923,0.010543048256923518,0.015361528640643336,0.01592837719678681,0.0,0.013970075507300006,0.010600401496428402,0.013629405390971067,0.011205667624070612,0.02967652252935754,0.030274152484489288,0.028610717724933503,0.019884601978817664,0.028115457797688606,0.10619774143799587,0.016896699806700107,0.03663370637593548,0.0,0.0,0.0,0.011356443797452759,0.013669831728148224,0.014589195456523117,0.008494919940048702,0.04088086842114441,0.040298900507059865,0.03616002765139137,0.12255971150270906,0.18470299136531873,0.010198724429554993,0.07026162695754362,0.043346747284745725,0.03234394949437343,0.01020630619398394,0.0,0.010169093074200415,0.0241258477672956,0.044058066917120234,0.0,0.03483301157173145,0.0,0.0,0.0,0.0,0.15561407709634903,0.0,0.0,0.011846408641190671,0.03136036584811188,0.2756190662927492,0.025795938066050284
please rate citys performance following areas 5 household hazardous waste disposal,0.0,0.0,0.0,0.010611227576194416,0.010024876024101887,0.01460653659267956,0.015145525541729262,0.0,0.013283470927495423,0.07031970251268327,0.012959544146730546,0.010654928817652962,0.028217973771286514,0.028786231267836533,0.027204551393823086,0.018907308851152514,0.0267336326187833,0.10097830968917468,0.016066256802666143,0.03483322429838406,0.0,0.07078086617706413,0.0,0.07533504742324633,0.01299798360071326,0.013872162222817353,0.008077409602838077,0.03887164581746706,0.038318280600261365,0.034382826047983275,0.11653611777386225,0.17562516499932906,0.06765510420872071,0.06680839187457202,0.04121633108264386,0.030754301404053483,0.009704684239828043,0.0,0.009669300079269458,0.02294010488709159,0.041892690609252436,0.0,0.03312103046890639,0.0,0.0,0.0,0.07726391593582486,0.14796591957847557,0.0,0.0,0.011264178543505955,0.029819059159797323,0.023101591543118322,0.024528113192287045
two solid waste services listed think citys top priorities 1st,0.4809170854571662,0.32860796563926814,0.14583830296679312,0.0,0.0,0.0,0.04353576525937924,0.03666462416768561,0.0,0.0,0.0,0.0,0.0,0.03363487045837931,0.03178677866845094,0.10194134236120703,0.1441380376660002,0.037064894349924916,0.06325822247533143,0.04070039513067083,0.0,0.0,0.0,0.0,0.0722924302792546,0.0,0.04492508903597248,0.0,0.0,0.0,0.0,0.0,0.05575072303031239,0.027553894354836562,0.0,0.0,0.0,0.0,0.0,0.0,0.0,0.0,0.0,0.0,0.0,0.012857185410380346,0.0,0.0,0.0,0.0,0.0,0.0,0.0,0.0
two solid waste services listed think citys top priorities 2nd,0.6802254394803321,0.18155535007889778,0.2944936980992879,0.0,0.0,0.0,0.04358342213055674,0.03670475947391764,0.0,0.0,0.0,0.0,0.0,0.033671689213693644,0.03182157439116593,0.10205293349533838,0.14429581984467332,0.03710546781601007,0.06332746873622667,0.040744948234907305,0.0,0.0,0.0,0.0,0.07237156592821818,0.0,0.04497426674464648,0.0,0.0,0.0,0.0,0.0,0.0558117511300754,0.02758405650739972,0.0,0.0,0.0,0.0,0.0,0.0,0.0,0.0,0.0,0.0,0.0,0.012871259660026751,0.0,0.0,0.0,0.0,0.0,0.0,0.0,0.0
please rate citys performance following areas 01 maintenance repair thoroughfares major streets,0.0,0.0,0.0,0.009868253312926713,0.00932295677631695,0.013583819787680937,0.014085069944074073,0.0,0.012353392201435966,0.009373672827297239,0.012052146044525713,0.009908894691853482,0.026242214781755174,0.11214192509033757,0.02529974995739937,0.017583461655982097,0.024861803854694782,0.09390803580157618,0.09522160349148068,0.3276095431713253,0.0,0.0,0.0,0.010042222332312412,0.012087894054488575,0.012900864657722238,0.0075118475690689,0.03614994069844507,0.4501754607422955,0.03197541798245731,0.1083765211932218,0.23921764043907434,0.07977106986592149,0.062130618697369855,0.03833045638050996,0.02860095446432228,0.009025184099852925,0.0,0.008992277458547752,0.021333890393491664,0.03895945873591683,0.0,0.030801970488842492,0.0,0.0,0.0,0.0,0.13760567904097376,0.0,0.0,0.010475486123653186,0.09760419644935446,0.02148407011745728,0.022810709932623657
please rate citys performance following areas 02 maintenance repair streets neighborhood,0.0,0.0,0.0,0.011303584087818643,0.010678974538498443,0.015559577195154899,0.016133733848024773,0.0,0.01415018474807686,0.0107370672048173,0.013805122541241659,0.011350136727842778,0.030059127185922692,0.0306644620870605,0.02897958148983055,0.02014096427003673,0.028477936422474082,0.10756689614103376,0.017114540560118293,0.25692972761824,0.0,0.0,0.0,0.01150285678349678,0.013846070075093277,0.014777286703119919,0.008604440721096939,0.04140792514104426,0.3854838447845132,0.18928816028497453,0.12413981295434749,0.2740116845653498,0.010330211515143016,0.07116747519583388,0.043905595355360816,0.03276094396116156,0.010337891027492819,0.0,0.01030019813744981,0.02443689033268438,0.044626085678249466,0.0,0.03528209627888838,0.0,0.0,0.0,0.0,0.15762033205648643,0.0,0.0,0.01199913850046611,0.24419918432619214,0.024608913596001612,0.026128512275672505
please rate citys performance following areas 03 street striping,0.0,0.0,0.0,0.011837584400776872,0.011183467246415441,0.01629463777657389,0.01689591855484838,0.0,0.014818663261191366,0.011244304307941502,0.014457299735676311,0.011886336265767954,0.031479170881783015,0.032113102821182384,0.030348625632355644,0.02109245727791116,0.029823282008781867,0.11264853712826352,0.01792306022469869,0.038858956668536,0.0,0.0,0.0,0.012046271073564341,0.014500181699857439,0.015475390566711588,0.009010928964312458,0.04336410512895601,0.042746786593839264,0.03835650515999964,0.13000438638992143,0.19592245088060975,0.010818228071586894,0.07452954635235998,0.04597976948263132,0.034308626023076785,0.010826270377008904,0.0,0.010786796811480766,0.025591330108953397,0.04673429697947443,0.0,0.03694888181419947,0.0,0.0,0.0,0.0,0.1650665814931982,0.0,0.0,0.012565997973063226,0.03326529631197048,0.025771480040390565,0.02736286711604373
please rate citys performance following areas 04 street cleaning,0.0,0.0,0.0,0.011837584400776872,0.011183467246415441,0.01629463777657389,0.01689591855484838,0.0,0.014818663261191366,0.011244304307941502,0.014457299735676311,0.011886336265767954,0.031479170881783015,0.032113102821182384,0.030348625632355644,0.02109245727791116,0.029823282008781867,0.11264853712826352,0.01792306022469869,0.038858956668536,0.0,0.0,0.0,0.012046271073564341,0.014500181699857439,0.015475390566711588,0.009010928964312458,0.04336410512895601,0.042746786593839264,0.03835650515999964,0.13000438638992143,0.19592245088060975,0.010818228071586894,0.07452954635235998,0.04597976948263132,0.034308626023076785,0.010826270377008904,0.0,0.010786796811480766,0.025591330108953397,0.04673429697947443,0.0,0.03694888181419947,0.0,0.0,0.0,0.0,0.1650665814931982,0.0,0.0,0.012565997973063226,0.03326529631197048,0.025771480040390565,0.02736286711604373
please rate citys performance following areas 05 street lighting,0.0,0.0,0.0,0.01241093707175285,0.011725137793329038,0.017083867553146514,0.017714271328863586,0.0,0.015536404303066437,0.01178892149418111,0.015157538157461615,0.012462050230320506,0.03300386258357946,0.03366849897739841,0.03181855944466444,0.022114069146371703,0.03126777083505648,0.11810466208225226,0.018791162542196836,0.04074108784014418,0.0,0.0,0.0,0.012629731470676739,0.01520249710693531,0.01622494015515957,0.009447372753412224,0.045464442888620754,0.04481722456829708,0.04021430012375477,0.13630114083336706,0.20541194271554739,0.011342208281575056,0.07813938033715075,0.048206796784079436,0.03597036221028032,0.011350640115564584,0.0,0.011309254650322597,0.02683084460574832,0.04899786977373537,0.0,0.03873849862794372,0.0,0.0,0.0,0.0,0.17306157119580912,0.0,0.0,0.013174631310525362,0.0348764988889104,0.027019720088013146,0.02868818589860842
please rate citys performance following areas 06 traffic signs signal operations,0.0,0.0,0.0,0.009457570079540876,0.00893496693533883,0.013018507279455424,0.013498897104396283,0.0,0.011839285916190594,0.008983572356287576,0.011550576602614398,0.009496520102117375,0.025150102806512364,0.02565657908913429,0.024246860171651008,0.016851697618517097,0.023827139900388327,0.08999990185315139,0.014319526043150751,0.03104614028233687,0.0,0.0,0.0,0.009624299098378891,0.011584836901646753,0.012363974425672133,0.007199229950677849,0.034645502773924405,0.03415229967525142,0.03064470953492511,0.10386625795459598,0.15653111704421444,0.008643161193999577,0.05954495307147087,0.03673527278881171,0.027410679743471472,0.008649586547733464,0.0,0.008618049369232146,0.020446046232051127,0.03733809819953199,0.0,0.029520096946090753,0.0,0.0,0.0,0.0,0.1318789973873144,0.0,0.0,0.010039531920196037,0.02657711746211553,0.020589975985259874,0.02186140555079502
please rate citys performance following areas 07 sidewalk maintenance,0.0,0.0,0.0,0.01288068623110856,0.012168929715719978,0.017730485320623556,0.018384749634991794,0.0,0.016124451186116592,0.012235127604935316,0.015731245103698194,0.012933734002923414,0.0342530459945093,0.03494283861831061,0.033022879591050436,0.022951078095122663,0.03245124384598041,0.12257487778058167,0.0195024007634915,0.14882193331435675,0.0,0.0,0.0,0.013107761913256433,0.015777905731989426,0.01683904785342755,0.00980495215159772,0.047185254436051226,0.28090952977467865,0.04173639580178434,0.14146008620191816,0.31224242727997215,0.011771506470318088,0.08109692560659659,0.05003140536388545,0.037331826482664476,0.011780257445957074,0.0,0.01173730555689112,0.027846381678048846,0.05085242015968636,0.0,0.04020473579117904,0.0,0.0,0.0,0.0,0.17961188461017955,0.0,0.0,0.013673286000913429,0.1273993471222268,0.02804240602413466,0.029774022619187997
please rate citys performance following areas 08 alley maintenance,0.0,0.0,0.0,0.012559941158815941,0.011865908263961774,0.017288974232323628,0.017926946553311597,0.0,0.015722932340879982,0.01193045774358301,0.015339517577888854,0.01261166797527947,0.033400102640667055,0.03407271857209202,0.032200568907310545,0.022379567767898418,0.03164316760170188,0.11952261120645769,0.0190167667816887,0.14511608248442529,0.0,0.0,0.0,0.01278136237467377,0.015385016298629046,0.016419734664348984,0.009560796674920198,0.04601028304293668,0.2739145338700613,0.04069710775078393,0.1379375545012566,0.30446720334284516,0.011478381350579008,0.07907751151640814,0.048785561280548936,0.03640221767385125,0.011486914416064482,0.0,0.011445032082340253,0.02715297221645955,0.04958613178904188,0.0,0.03920358797525731,0.0,0.0,0.0,0.0,0.17513932578215913,0.0,0.0,0.013332804210723652,0.12422694527425213,0.027344115313058474,0.02903261250593104
please rate citys performance following areas 09 curbs gutters,0.0,0.0,0.0,0.011483201858417138,0.010848667052304773,0.015806824134314727,0.016390104330404307,0.0,0.014375035965023649,0.010907682830720753,0.014024490603126478,0.011530494235621237,0.030536776873785004,0.03115173075104252,0.029440076831807098,0.020461010997851713,0.028930460454826154,0.1092761704672073,0.01738649639256428,0.03769563352832347,0.0,0.0,0.0,0.011685641064563173,0.014066088807127031,0.015012102782027983,0.008741168191566756,0.04206591106313412,0.04146707323358313,0.03720822394362724,0.12611243652861748,0.19005710758946803,0.010494362066662375,0.07229835042394626,0.04460327010111054,0.033281526430517225,0.010502163609058299,0.0,0.010463871766256206,0.02482520077721381,0.04533520925868115,0.0,0.03584274071046161,0.0,0.0,0.0,0.0,0.16012497239224424,0.0,0.0,0.01218980886570707,0.03226943094955647,0.024999957548311236,0.026543703164469384
please rate citys performance following areas 10 bike lanes city shared protected multiuse,0.01876271325734896,0.027400952137027586,0.014016281284519747,0.008044915200110789,0.007600372051811873,0.011073963630658946,0.026853534014727783,0.012944978932584299,0.03703321541266477,0.01787113895140145,0.009825294287951777,0.00807804734991618,0.05631605685304034,0.057450157470691404,0.02062516400188764,0.027476437505071165,0.038849790402019926,0.10272942961345519,0.0345148879773578,0.06951845146155107,0.0,0.0,0.0,0.008186740299652067,0.03623730041966203,0.02459581736413717,0.02251914815269073,0.04550643607062256,0.04485861994781867,0.02606738173411105,0.11856901391458449,0.14651098796485312,0.02703575643071904,0.05065086423105994,0.06525443391990253,0.04869076106506376,0.007357618257893237,0.014388823521151456,0.007330791713171914,0.03631918511787945,0.04904312660154144,0.0,0.05243780892963682,0.02213757473512682,0.007888693893294992,0.0045394163460808715,0.0,0.13469333784217488,0.0,0.0,0.03140359569613071,0.022607356270997116,0.027044676822357686,0.028714683709539335
two street infrastructure services listed think citys top priorities 1st,0.49447533075749084,0.3378722391294531,0.1499498464024504,0.0,0.0,0.0,0.04476314644955445,0.037698290850243024,0.0,0.0,0.0,0.0,0.0,0.03458312087016462,0.03268292678946081,0.10481532161412488,0.14820164640621644,0.03810984564157883,0.06504162864558163,0.04184784020527698,0.0,0.0,0.0,0.0,0.07433053317208693,0.0,0.046191638708895026,0.0,0.0,0.0,0.0,0.0,0.05732247417281314,0.028330706969607718,0.0,0.0,0.0,0.0,0.0,0.0,0.0,0.0,0.0,0.0,0.06330235600929404,0.013219661352568966,0.0,0.0,0.0,0.0,0.0,0.0,0.0,0.0
two street infrastructure services listed think citys top priorities 2nd,0.6994464869469789,0.1866855375125759,0.3028151706894915,0.0,0.0,0.0,0.044814953586025864,0.03774192139576373,0.0,0.0,0.0,0.0,0.0,0.03462314603829142,0.03272075274636433,0.1049366308182774,0.1483731692666415,0.0381539525047164,0.06511690531397583,0.041896273278921425,0.0,0.0,0.0,0.0,0.07441656045974372,0.0,0.04624509912712382,0.0,0.0,0.0,0.0,0.0,0.05738881699001649,0.0283634958354208,0.0,0.0,0.0,0.0,0.0,0.0,0.0,0.0,0.0,0.0,0.06337561971072823,0.01323496127793436,0.0,0.0,0.0,0.0,0.0,0.0,0.0,0.0
please rate citys performance following areas 01 services seniors,0.06010450411362202,0.04388812582295555,0.0,0.012971236205042053,0.012254476110437342,0.017855128911407805,0.06775326994391861,0.04146796515154956,0.016237804512825884,0.012321139364388329,0.015841834229814857,0.013024656897543653,0.034493841583059126,0.07322977434595035,0.06920611250623773,0.06521100609301388,0.09220387170465066,0.16535724100581292,0.09118502520648764,0.08861282087880099,0.0,0.0,0.0,0.013199908207194192,0.015888822877793838,0.016957424725345303,0.009873880013500144,0.047516962194672864,0.04684052481846085,0.04202979861310368,0.1424545368770132,0.21468538700145234,0.07490874525052092,0.11283069046668362,0.05038312128726649,0.037594265599202446,0.011863071512344704,0.0,0.011819817675667765,0.02804213903832051,0.05120990773738961,0.0,0.04048737118129527,0.0,0.0,0.014541573209812572,0.0,0.18087453872485845,0.0,0.0,0.013769407874294497,0.03645101916780973,0.028239541416532093,0.029983331108168296
please rate citys performance following areas 02 services youth,0.06365261179333902,0.04647894324300183,0.0,0.013736958233253615,0.012977886135019791,0.018909158404657466,0.07175290193421856,0.043915914898182674,0.01719635961187117,0.013048484674799795,0.016777014288622976,0.013793532472600263,0.03653009270980382,0.07755269703822695,0.07329150914810253,0.06906056237723679,0.09764687918170209,0.1751186608089017,0.0965678878218869,0.09384384033263597,0.0,0.0,0.0,0.013979129271774785,0.01682677678500504,0.0179584606673852,0.010456757952868486,0.050321998205967916,0.04960562916931248,0.044510914686438266,0.15086395716518936,0.22735876117825107,0.07933078147261333,0.11949134668964846,0.053357353288740555,0.03981354191556124,0.012563376019614445,0.0,0.01251756880907054,0.02969753126465796,0.05423294685234757,0.0,0.042877434201336884,0.0,0.0,0.015399995857861832,0.0,0.19155198044705865,0.0,0.0,0.014582247819393846,0.03860280700717576,0.029906586761125085,0.03175331638526634
please rate citys performance following areas 03 services underserved communities including populations face barriers low income lower levels education limited english proficiency mental physical disabilities,0.022059333034108567,0.016107657787863154,0.0,0.004760655187674353,0.004497592545936976,0.006553123444444463,0.02486655480955921,0.015219419359913175,0.005959539019139769,0.004522059047104047,0.005814211468844403,0.0706438520452333,0.012659802294817234,0.02687652122137426,0.0253997717190231,0.02393350252379927,0.03384032433113669,0.06068880365526345,0.033466391053671725,0.03252235012474315,0.0,0.0,0.0,0.059051231528774624,0.005831457068818596,0.00622365137078704,0.003623874961930907,0.017439499905696314,0.017191236359084712,0.015425621401189471,0.05228313780360318,0.07879303754788318,0.027492730919544062,0.041410703144107545,0.018491427026378307,0.013797708462211324,0.004353940676451705,0.0,0.004338065813122731,0.010291922263690922,0.018794871134608135,0.0,0.014859525383911207,0.0,0.0,0.027790361116836602,0.09958283076945343,0.06638390493297716,0.0,0.0,0.0050535972047509,0.01337811838086778,0.01036437215520758,0.011004371405122868
please rate citys performance following areas 04 services unhoused residents,0.05071381665072054,0.03703107444196821,0.0,0.010944618948891767,0.010339844971360554,0.015065455530193667,0.057167544431065795,0.03498903805276603,0.013700820812313491,0.010396092803167297,0.013366716661087264,0.01098969322817971,0.029104546879138098,0.06178840345365202,0.05839339584460597,0.05502248218134136,0.07779800055045205,0.1395219364323353,0.07693833794670789,0.07476801310023892,0.0,0.0,0.0,0.011137563390599067,0.01340636383418042,0.014308008044852213,0.00833119161401371,0.04009294384967253,0.03952219259602171,0.03546309103061994,0.12019753545569677,0.1811430859390969,0.06320505306871788,0.09520209896557072,0.04251129616547919,0.03172056272375676,0.010009593165499297,0.0,0.009973097279292038,0.02366085401844436,0.04320890605444159,0.0,0.03416165142759284,0.0,0.0,0.01226960755189606,0.0,0.15261482194971146,0.0,0.0,0.011618084811179683,0.030755936349023877,0.02382741438131024,0.025298755539568167
please rate citys performance following areas 05 housing services programs home repair loan assistance neighborhood grants etc,0.03412214069430309,0.024915883197524982,0.0,0.007363946401267641,0.006957031991892772,0.010136598409966667,0.03846444860696429,0.02354192521965992,0.009218421453171276,0.006994877623663654,0.008993623762766523,0.007394274051622776,0.01958262085249267,0.041573534298210264,0.03928924699851927,0.03702117100103605,0.05234538624456452,0.09387554436445901,0.05176697329417238,0.0503066980742338,0.0,0.0,0.0,0.007493766592705089,0.009020299854367624,0.009626959590207278,0.005605535358588217,0.02697602273379443,0.026592000077549596,0.12331556574478543,0.08087336916831118,0.12187980066229703,0.0425267088110404,0.06405551050652417,0.028603180053399877,0.021342773540731247,0.006734826302627509,0.0,0.006710270513965335,0.015919901973168768,0.02907255791436538,0.0,0.02298522874723334,0.13491713118089607,0.0382880045676515,0.00825544797846984,0.0,0.10268492435640968,0.0,0.0,0.007817079263739193,0.10694740871899092,0.016031969975759595,0.017021942991538964
please rate citys performance following areas 06 variety arts cultural programs,0.0,0.0,0.0,0.010886522351380205,0.010284958655588554,0.014985484568175422,0.015538456898553137,0.0,0.013628093650588815,0.010340907910746752,0.013295763002349888,0.010931357365850054,0.028950053136259556,0.029533053349298975,0.02791033880684535,0.01939783488145117,0.02742720264438507,0.1035980632346445,0.01648307535855969,0.03573692790697813,0.0,0.0,0.0,0.011078442598857964,0.013335199718974124,0.014232057791265892,0.0932619722638557,0.03988012112530313,0.03931239955281503,0.03527484464801468,0.11955949882126844,0.18018153606651122,0.009949063737693845,0.06854165045276854,0.042285636261324124,0.031552182556844784,0.009956459903564273,0.0,0.009920157746058004,0.023535256670641897,0.0429795430738132,0.0,0.0339803133908291,0.0,0.0,0.0,0.0,0.15180470677562322,0.0,0.0,0.01155641329933608,0.030592676644551356,0.023700932892140404,0.025164463827358804
please rate citys performance following areas 07 appearancemaintenance arts cultural centersfacilities,0.0,0.0,0.0,0.00983394378043222,0.009290543108130829,0.01353659212827395,0.014036099558980657,0.0,0.012310442441462014,0.009341082831655396,0.012010243644655073,0.00987444385910385,0.026150976941356138,0.02667760896708131,0.025211788839485133,0.01752232820815488,0.02477536536956723,0.0935815402502705,0.014889386267980542,0.03228165327543988,0.0,0.0,0.0,0.010007307951570274,0.012045867367424393,0.012856011468292922,0.0074857306900132075,0.036024256088845255,0.03551142546703712,0.03186424717973207,0.10799972221394874,0.16276043338351742,0.00898712465804234,0.06191460554757486,0.038197190644719305,0.02850151585594346,0.008993805715317837,0.0,0.008961013482453888,0.021259717611087442,0.03882400611091005,0.0,0.030694879479535205,0.0,0.0,0.0,0.0,0.1371272573419383,0.0,0.0,0.01043906538938968,0.02763478110870899,0.021409375196437846,0.022731402605497126
please rate citys performance following areas 08 accessibility arts cultural centersfacilities,0.0,0.0,0.0,0.009929763339318077,0.009381067902893486,0.013668489393044762,0.01417286390279312,0.0,0.012430392401596803,0.009432100073204656,0.012127268540651775,0.009970658040916153,0.026405785706883247,0.02693754910711358,0.02545744638433807,0.01769306151689104,0.025016770510165202,0.09449337604136811,0.015034464830166128,0.032596197861622454,0.0,0.0,0.0,0.010104816728818158,0.012163239372320419,0.012981277320470611,0.007558669831081171,0.03637526768751768,0.03585744016873087,0.03217472466233341,0.10905204526697727,0.16434633150120972,0.0090746930171476,0.06251788642090719,0.03856937478975567,0.028779227701554055,0.00908143917302192,0.0,0.009048327420608331,0.021466867134108482,0.03920229779355436,0.0,0.030993962927382032,0.0,0.0,0.0,0.0,0.13846339202026306,0.0,0.0,0.010540781106209443,0.027904047701529322,0.021617982946608882,0.02295289186953477
please rate citys performance following areas 09 variety library materials,0.0,0.0,0.0,0.011145030752922959,0.010529182489074959,0.01534132581270026,0.01590742887377502,0.0,0.01395170265923077,0.010586460300042956,0.013611480577723531,0.011190930407463313,0.0296374932313863,0.030234337209064918,0.028573090128029156,0.01985845059753965,0.028078481545538502,0.10605807469333753,0.016874477987050118,0.0365855272862014,0.0,0.0,0.0,0.01134150828644651,0.013651853747904522,0.01457000836827617,0.09547654571499985,0.04082710364485185,0.040245901110171386,0.03611247152373328,0.12239852619217358,0.18446007786091317,0.010185311501733215,0.07016922185948143,0.0432897394896381,0.03230141211011172,0.01019288329494863,0.0,0.010155719116274664,0.02409411848026788,0.04400012362474007,0.0,0.034787200679079734,0.0,0.0,0.0,0.0,0.15540942009256756,0.0,0.0,0.011830828749298394,0.031319122031153133,0.02426372880430261,0.025762012347420968
please rate citys performance following areas 10 appearancemaintenance librariesfacilities,0.0,0.0,0.0,0.011456628438411519,0.010823562017172893,0.015770245366314734,0.01635217578646005,0.0,0.014341770515804497,0.010882441226443253,0.013992036355281956,0.011503811375738308,0.030466111339251173,0.031079642144105545,0.02937194918445795,0.02041366191824053,0.028863512117062805,0.10902329312426465,0.01734626208537694,0.037608401594715006,0.0,0.0,0.0,0.011658599177476957,0.014033538296362114,0.014977363088577245,0.008720940145716984,0.04196856581601732,0.04137111376452336,0.03712211993059081,0.1258205981733289,0.18961729407688693,0.010470076933097119,0.07213104391351331,0.04450005311993798,0.03320450923695305,0.010477860421846914,0.0,0.010439657190673711,0.02476775247184476,0.045230298488015686,0.0,0.03575979657913003,0.0,0.0,0.0,0.0,0.1597544252053855,0.0,0.0,0.012161600277652057,0.03219475585871181,0.02494210483612827,0.026482278051387625
please rate citys performance following areas 11 accessibility city facilitiesservices persons,0.024764754621560726,0.03616629678038882,0.018499977159857194,0.010618418996728711,0.010031670063601636,0.014616435706277235,0.03544376399484725,0.017085973784796777,0.048879843760487464,0.023587972851736992,0.012968327063808018,0.010662149855307702,0.07433111139579726,0.075828001697699,0.027222988409532627,0.03626592931175446,0.051277526507433675,0.13559174954579944,0.045555923593040774,0.0917568460649941,0.0,0.0,0.0,0.12736421760478508,0.04782932194996979,0.032463821910245536,0.02972284288731676,0.06006357969305441,0.059208532392534305,0.034406127910043355,0.15649828972177066,0.19337867698270622,0.0356842778990292,0.06685366912809808,0.08612880353870345,0.06426654469289268,0.009711261279573917,0.018991692667620342,0.009675853138530793,0.04793740090586498,0.0647316291360793,0.0,0.06921224309208607,0.02921920719633378,0.010412223747838604,0.005991539197656447,0.0,0.17778065544512534,0.0,0.0,0.041449353885146006,0.029839268074629777,0.03569605185234977,0.037900280537727725
please rate citys performance following areas 12 variety arts cultural programs,0.0,0.0,0.0,0.010971612610770311,0.010365347026784945,0.015102612768333006,0.015659907191433144,0.0,0.01373461233362576,0.010421733587492191,0.013399684152386925,0.011016798060658181,0.02917632994451958,0.029763886951524127,0.02812848909323494,0.0195494504983024,0.02764157668524302,0.10440779712288024,0.01661190889350657,0.036016251676981206,0.0,0.0,0.0,0.011165032928069543,0.013439429110737833,0.014343297124638527,0.09399091812508,0.040191828550459954,0.039619669603546376,0.03555055672430182,0.12049398905046116,0.18158985482491283,0.0959941108825117,0.06907737955227411,0.04261614545809214,0.03179879789564906,0.010034280692284195,0.0,0.009997694793111037,0.02371921083252021,0.04331547592275971,0.0,0.034245907268034184,0.0,0.0,0.0,0.0,0.152991229106562,0.0,0.0,0.01164673950025874,0.030831792379319725,0.02388618199763864,0.02536115205206184
please rate citys performance following areas 13 services seek address racial ethnic disparities,0.03720232067595823,0.02716502123777365,0.0,0.008028684305444705,0.007585038038322917,0.011051621526018391,0.04193660545861091,0.025667037106421625,0.01005056142577443,0.0076262999668149836,0.009805471416897919,0.008061749609991922,0.02135032931130753,0.045326345977267084,0.04283585778074806,0.04036304426849671,0.05707056489871129,0.1023496191626636,0.05643993904623633,0.05484784588027676,0.0,0.0,0.0,0.008170223267942348,0.009834555539228235,0.01049597799323233,0.006111542820214625,0.029411128020819403,0.02899243992816879,0.026014789889868724,0.0881737473888027,0.13288179861815222,0.046365562836611945,0.06983775327213815,0.031185167608092458,0.023269369659131726,0.007342774008579649,0.0,0.007316001587340151,0.017356979553001077,0.03169691585560934,0.0,0.025060088062048038,0.0,0.0,0.00900066105963868,0.0,0.1119542152620999,0.0,0.0,0.008522721130669332,0.022561745147798684,0.01747916384991402,0.018558500985397977
customer service none,0.0,0.0,0.0,0.0,0.0,0.0,0.0,0.0,0.0,0.0,0.0,0.0,0.0,0.5141468004258178,0.0,0.0,0.0,0.0,0.0,0.0,0.0,0.0,0.0,0.0,0.0,0.0,0.0,0.0,0.0,0.0,0.0,0.0,0.4261062325619886,0.0,0.0,0.0,0.0,0.0,0.0,0.0,0.0,0.0,0.0,0.0,0.0,0.0,0.0,0.0,0.0,0.0,0.0,0.0,0.16147821300573717,0.17144948127493054
please rate performance city employees helped last time contacted city following areas 1 knowledge,0.04481923153215922,0.06545373268709075,0.033481242690990246,0.00960860276615713,0.009077653909870573,0.013226406360679559,0.05043162570364572,0.0309221806036594,0.07643434561556313,0.033562457365969814,0.011735033561599403,0.009648174801206602,0.10897264379673581,0.21810002300961778,0.024634070459593267,0.04851323671486746,0.06859437573551247,0.15395667576995184,0.06789886943916232,0.13451952909610163,0.0,0.0,0.0,0.009777994364435763,0.07479162458856378,0.04619157592081162,0.04647817732516409,0.0735042404612212,0.07245785590165396,0.031134090292636515,0.1777055192233388,0.19094572157049988,0.1444222763489266,0.060495856333216476,0.11855391747047625,0.08846112244215865,0.0087877161395247,0.034371148992391784,0.008755675327980508,0.06598450735692876,0.07921687747850253,0.0,0.09526873958952048,0.05288089595599975,0.018844033548902357,0.010843482466811057,0.0,0.7611217661332805,0.0,0.0,0.0648151466261446,0.027001540799088987,0.04368389616935782,0.046381373678182986
please rate performance city employees helped last time contacted city following areas 2 responsiveness,0.04544414370769539,0.06636635062122698,0.033948069887584816,0.009742575006492254,0.009204223158375229,0.013410821445249826,0.051134791194372115,0.031353326932875014,0.07750006565518568,0.03403041693448359,0.0118986545140851,0.009782698792334139,0.11049204360750862,0.22114098009888947,0.024977542001539933,0.04918965420935386,0.06955078348961835,0.156103285560097,0.06884557978575154,0.136395127777869,0.0,0.0,0.0,0.009914328422869484,0.07583444025576208,0.04683562262159913,0.04712622009417907,0.07452910619959952,0.07346813195544347,0.03156819126744129,0.18018325788208753,0.19360806767052896,0.14643594851205446,0.06133934685948726,0.12020690847349359,0.08969453119518545,0.008910242801027235,0.03485038410549499,0.00887775524614177,0.06690452585422302,0.0803213942127699,0.0,0.09659706658849543,0.053618211492355024,0.01910677491233853,0.010994672569520894,0.0,0.7717340466758638,0.0,0.0,0.06571886078859686,0.027378021854804542,0.044292978423958754,0.04702806671906638
please rate performance city employees helped last time contacted city following areas 3 courtesy,0.04544414370769539,0.06636635062122698,0.033948069887584816,0.009742575006492254,0.009204223158375229,0.013410821445249826,0.051134791194372115,0.031353326932875014,0.07750006565518568,0.03403041693448359,0.0118986545140851,0.009782698792334139,0.11049204360750862,0.22114098009888947,0.024977542001539933,0.04918965420935386,0.06955078348961835,0.156103285560097,0.06884557978575154,0.136395127777869,0.0,0.0,0.0,0.009914328422869484,0.07583444025576208,0.04683562262159913,0.04712622009417907,0.07452910619959952,0.07346813195544347,0.03156819126744129,0.18018325788208753,0.19360806767052896,0.14643594851205446,0.06133934685948726,0.12020690847349359,0.08969453119518545,0.008910242801027235,0.03485038410549499,0.00887775524614177,0.06690452585422302,0.0803213942127699,0.0,0.09659706658849543,0.053618211492355024,0.01910677491233853,0.010994672569520894,0.0,1.0000000000000002,0.0,0.0,0.06571886078859686,0.027378021854804542,0.044292978423958754,0.04702806671906638
please rate performance city employees helped last time contacted city following areas 4 overall,0.05035358092340672,0.07353606282235323,0.03761555933968457,0.010795088188859308,0.010198576930471664,0.014859623876649146,0.0566590023781504,0.03474050023007052,0.0858725791520834,0.03770680253080929,0.013184094012386157,0.010839546641203313,0.17144194812262803,0.29503158269226787,0.02767592432882291,0.054503727691664394,0.07706451742730927,0.17296748888964014,0.17032021919699297,0.15113021269137306,0.0,0.0,0.0,0.010985396528830469,0.08402701234203579,0.051895384561409935,0.052217375959153316,0.08258065999239451,0.08140506621722311,0.03497857686163228,0.19964887698549327,0.21452400039879152,0.16225576679199114,0.10892647421775047,0.13319314216383027,0.0993844413479178,0.009872837187000438,0.03861535267459973,0.009836839925517177,0.11397817802023753,0.08899870243761863,0.0,0.10703267379651064,0.05941071238385875,0.021170924529288402,0.01218245278240289,0.0,0.8551062821337939,0.0,0.0,0.0728186231475266,0.030335733639431588,0.04907805255953894,0.09471270842929497
please rate level agreement following statements 1 pleased overall direction city [city name] taking,0.041512178913921165,0.060624133190254635,0.031010780179296912,0.008899617943143623,0.00840784592557803,0.01225047660263405,0.04671045436438317,0.028640542234791205,0.0707945255171331,0.031086002310577072,0.01086914692904631,0.008936270097649728,0.14133908042495227,0.14418538656507257,0.022816409504099106,0.04493361651584671,0.06353303929314703,0.08451144359994542,0.14041431179877029,0.12459380869230108,0.0,0.0,0.0,0.00905651073433778,0.06927301506621146,0.042783262862613525,0.043048716962734004,0.06808062246155822,0.06711144691872564,0.028836815857111113,0.07517838984897961,0.05672258147081152,0.05168288864960352,0.04550699369722027,0.10980624309565351,0.08193388900722777,0.008139301638113727,0.031835023441341675,0.008109625004760134,0.0939651645720283,0.07337174419267299,0.0,0.5430696708990229,0.048979001625201565,0.01745359894403083,0.010043380237102916,0.0,0.07269391416712473,0.0,0.0,0.060032666136766416,0.025009192578392334,0.040460615933103516,0.07808244866873586
please rate level agreement following statements 2 city [city name] government welcomes resident involvement,0.038988695454469445,0.05693885331934181,0.029125666150244922,0.008358619150439166,0.007896741457493854,0.011505782493918393,0.043870972986727354,0.02689951257819115,0.06649099776127472,0.02919631560408351,0.010208422457062478,0.008393043257464526,0.09479638710027263,0.09670540998236216,0.02142942299811344,0.0422021473177059,0.05967092995609203,0.07937407823781717,0.05906590210871351,0.11701987680987523,0.0,0.0,0.0,0.008505974587202793,0.06506197839505971,0.040182511492779384,0.04043182890606666,0.06394207013340505,0.06303180979366779,0.027083854925102027,0.0706083714048624,0.053274472991230025,0.04854113801024542,0.011025025776701088,0.10313123240129815,0.07695321058735914,0.00764452170623257,0.029899804496268598,0.007616649085469,0.0574005794857624,0.0689115499146212,0.0,0.510057013705449,0.04600161754912247,0.01639261227950295,0.009432853288906173,0.0,0.06827492449221695,0.0,0.0,0.05638334095108904,0.023488909002416226,0.0380010559259516,0.040347618450376016
please rate level agreement following statements 3 city [city name] government listens diverse range people,0.03763382830752285,0.054960213591904,0.028113541796251494,0.00806815499541265,0.007622327670523635,0.011105953607129205,0.042346445445822306,0.025964747630653262,0.06418041856942532,0.02818173616348511,0.009853677163638197,0.008101382855907368,0.0915021883835862,0.09334487223187211,0.020684745063657507,0.04073561189596726,0.05759734986619977,0.07661580870173658,0.057013346891386124,0.11295340613725202,0.0,0.10479947256582031,0.0,0.008210389793030293,0.06280105799197117,0.03878615893292143,0.03902681250227941,0.06172006682907098,0.06084143826913817,0.02614268403382303,0.06815471242497763,0.051423171418162474,0.04685432103935488,0.010641903308894094,0.09954739567693771,0.07427906682179942,0.007378872620179159,0.0288607786365953,0.007351968580121654,0.05540589465585381,0.0665168559158563,0.0,0.4923324019203174,0.04440304956429488,0.01582296480678696,0.009105059222597113,0.0,0.06590235338983706,0.0,0.0,0.05442400542064205,0.022672663402145864,0.03668050950542627,0.038945528381479286
please rate level agreement following statements 4 employees city [city name] ethical way conduct city business,0.055657765932978845,0.08128226229679751,0.04157793663872349,0.007954819771478612,0.007515255085288399,0.010949945729271045,0.05695039055169195,0.038400022297144,0.08993924453086448,0.03790072257631616,0.009715260300235149,0.007987580872594989,0.12474830193915745,0.2157886407306142,0.020394181704978726,0.05315805138735431,0.07516182380621073,0.10141906082115822,0.07829658072839595,0.15399353679713537,0.0,0.0,0.0,0.008095056564267594,0.0880062772639451,0.05216227421156052,0.05469023280217189,0.07670933468671806,0.07561732335666148,0.025775451754461172,0.09707593893260343,0.06391174652957962,0.13902822743453813,0.010492414052021408,0.1317744150694896,0.09832583279341149,0.007275219903881041,0.042683046988287385,0.007248693791045606,0.0733427460359804,0.08267106671949186,0.0,0.5124375176257953,0.06566896461250968,0.023401043985893617,0.013465737550700355,0.0,0.17115175519432543,0.0,0.0,0.07626709268935902,0.02235417529856775,0.04558869788530071,0.048403796765800415
please rate level agreement following statements 5 government leaders city [city name] ethical way conduct business,0.03598890354407946,0.05255797548838931,0.11620819875563602,0.00771550663238122,0.007289165829058311,0.010620527092432356,0.04049553843236511,0.02482986291987612,0.06137517752484345,0.026949949821863353,0.009422985992785265,0.00774728214712686,0.0875027489868949,0.08926489156607381,0.019780642268090405,0.03895511228231776,0.055079846030835614,0.0732670332336948,0.054521369052137635,0.10801636243943336,0.0,0.0,0.0,0.00785152453548277,0.060056106970318435,0.03709086732489599,0.037321002245648424,0.05902236449863266,0.05818213962870694,0.02500002195866243,0.06517576026265406,0.049175532740817984,0.044806380757484714,0.010176759817779456,0.09519631093086206,0.07103242724470861,0.007056351876340804,0.027599312248332487,0.007030623776221316,0.05298417642364485,0.06360949229107947,0.0,0.4708132050651197,0.042462251110205296,0.0151313639834773,0.00870708914988796,0.0,0.06302184885614148,0.0,0.0,0.05204520426571686,0.021681671330367948,0.03507725304349636,0.03724327094605178
please rate level agreement following statements 6 pleased direction city taking address racial ethnic disparities,0.016107525396926975,0.023523331961291916,0.012032780316164862,0.006906446531721802,0.0065248124922819015,0.009506841999816804,0.023053381203811334,0.011113082317005333,0.03179249448667684,0.015342121397019227,0.008434876934095724,0.006934890016260804,0.04834654261210511,0.049320152039000226,0.017706413162076412,0.02358813508790699,0.03335199856133405,0.04311532828509128,0.029630545808699955,0.05968061266583492,0.0,0.0,0.0,0.007028201384628701,0.031109212661295578,0.021115163218509588,0.01933237191292439,0.03906663522900067,0.03851049420038289,0.022378480529681687,0.03240044717415064,0.03254906197161622,0.023209816584622733,0.00910960885610395,0.056020013588132536,0.041800333442927225,0.006316411775012864,0.012352602585773063,0.006293381563737783,0.03117950952284572,0.042102834299278205,0.0,0.3979830997385286,0.019004796501527237,0.006772332737380731,0.003897025077281081,0.0,0.03708636180066216,0.0,0.0,0.02695954515171879,0.019408097341669553,0.02321747461536164,0.02465115203607185
many years lived [city name] none,0.043333614517724536,0.21673022675682657,0.18935456023290334,0.0,0.0,0.0,0.035500099256595585,0.029897207259454328,0.0622711354715193,0.023625464203527638,0.0,0.0,0.08065576485024681,0.08228002190667538,0.0,0.03035186537275038,0.042915447383746426,0.060447194187040934,0.051582260316103426,0.09956421289345742,0.0,0.0,0.0,0.12274145229542421,0.0609328090583033,0.03251542077274025,0.037865816124620276,0.037035760136517215,0.03650853004318494,0.0,0.06978800926269858,0.0308570022676163,0.04546046657068179,0.0,0.07853941450547743,0.058603586548160135,0.0,0.03323185315881356,0.0,0.04371331361138812,0.03991412270432907,0.0,0.06311348614776129,0.05112806003969418,0.018219412913880087,0.010484055017974505,0.0,0.051994652542878966,0.0,0.0,0.05280496279072254,0.0,0.022010516538979823,0.023369664383561733
age none,0.0,0.0,0.0,0.0,0.0,0.0,0.0,0.0,0.0,0.0,0.0,0.0,0.0,0.0,0.0,0.0,0.0,0.0,0.0,0.0,0.0,0.0,1.0,0.3318237443164451,0.0,0.0,0.0,0.0,0.0,0.0,0.0,0.0,0.0,0.0,0.0,0.0,0.0,0.0,0.0,0.0,0.0,0.0,0.0,0.0,0.0,0.0,0.0,0.0,0.0,0.0,0.0,0.0,0.0,0.0
gender none,0.0,0.0,0.0,0.0,0.0,0.0,0.0,0.0,0.0,0.0,0.0,0.0,0.0,0.0,0.0,0.0,0.0,0.0,0.0,0.0,0.0,0.0,0.0,0.0,0.0,0.0,0.0,0.0,0.0,0.0,0.0,0.0,0.0,0.0,0.0,0.0,0.0,0.0,0.0,0.0,0.0,1.0,0.0,0.0,0.0,0.0,0.0,0.0,0.0,0.0,0.0,0.0,0.0,0.0
hispanic latino spanish origin none,0.0,0.0,0.0,0.5616832788056823,0.0,0.0,0.0,0.0,0.0,0.0,0.0,0.0,0.0,0.0,0.0,0.0,0.0,0.0,0.0,0.0,0.0,0.0,0.0,0.0,0.0,0.0,0.0,0.0,0.0,0.0,0.0,0.0,0.0,0.0,0.0,0.0,0.0,0.0,0.0,0.0,0.0,0.0,0.0,0.0,0.0,0.0,0.0,0.0,0.0,0.0,0.0,0.0,0.0,0.0
following best describes raceethnicity asian asian indian,0.0,0.0,0.0,0.13964766390522287,0.2609765507723325,0.19222740236859492,0.012851721342576552,0.0,0.01127167666463797,0.008552874186016345,0.0109968089018576,0.00904122974882454,0.009732981374084175,0.009928985512242137,0.009383430367910638,0.0,0.0,0.01094152568444061,0.0,0.012014722461768422,0.0,0.0,0.0,0.0091628826542943,0.011029426664099359,0.011771210105285687,0.006854078262224132,0.013407660230600419,0.013216792757415309,0.0118593704929275,0.008421535590784006,0.011170830586818128,0.008228783309125139,0.0,0.014216392218198938,0.010607814904244138,0.008234900613011284,0.0,0.008204875417108574,0.007912531757074499,0.014449683053608399,0.0,0.01142415026880376,0.0,0.0,0.0,0.0,0.009411534048894535,0.0,0.0,0.00955820802621285,0.010285229894513057,0.007968231951142673,0.00846026971238034
following best describes raceethnicity black african american,0.0,0.0,0.0,0.17422041491735116,0.32558684970278573,0.23981738657562093,0.016033438455694236,0.0,0.014062220093135456,0.010670320202670718,0.013719302966276098,0.011279578577643492,0.012142588038756131,0.012387117172437694,0.011706498242283328,0.0,0.0,0.013650333211917082,0.0,0.014989222689945956,0.0,0.0,0.0,0.011431349248732034,0.013759995949692504,0.01468542366748098,0.0085509511962271,0.01672701184626627,0.01648889106828387,0.014795410035206081,0.010506465943199754,0.013936407422667267,0.01026599373229571,0.0,0.017735962647849126,0.013234005226454461,0.01027362550493992,0.0,0.010236166932831652,0.009871447378452563,0.018027009594177107,0.0,0.014252441782770998,0.0,0.0,0.0,0.0,0.011741559587563278,0.0,0.0,0.011924545829304621,0.01283155743270111,0.009940937340906357,0.010554789520889906
following best describes raceethnicity american indian alaska native,0.0,0.0,0.0,0.16080718149543152,0.774741671635878,0.22135384092111465,0.014799023690557599,0.0,0.012979569471340562,0.009848812025038699,0.012663053541316378,0.010411163584862134,0.011207729929347366,0.01143343275986528,0.010805214695509957,0.0,0.0,0.01259939376980127,0.0,0.013835202118655514,0.0,0.0,0.0,0.010551249428780003,0.01270061357108061,0.013554792589342685,0.007892613283136674,0.01543919885114959,0.015219410996890292,0.013656311104295046,0.009697572908463029,0.012863443121027364,0.009475614658152358,0.0,0.016370470509221715,0.01221511888472724,0.009482658860459599,0.0,0.009448084224608619,0.009111444436419652,0.01663910974500851,0.0,0.013155145989075879,0.0,0.0,0.0,0.0,0.01083757666707673,0.0,0.0,0.011006474794203948,0.0118436555551098,0.009175584365197342,0.009742176052886806
following best describes raceethnicity white caucasian,0.0,0.0,0.0,0.18887932907785218,0.1784423002828564,0.25999563311277574,0.017382492744947284,0.0,0.015245415973762505,0.011568121462013442,0.01487364578321838,0.012228642866204285,0.013164265985229242,0.013429369812077964,0.0126914835721317,0.0,0.0,0.014798872910382694,0.0,0.016250416614026486,0.0,0.0,0.0,0.012393183528918803,0.014917762676232973,0.015921055927077637,0.009270428644582338,0.01813442343423902,0.01787626716244878,0.016040296553117256,0.011390480497203974,0.01510901741909945,0.011129774942812025,0.0,0.019228267405199232,0.014347515068032144,0.011138048853176643,0.0,0.011097438514994517,0.010702031439621775,0.01954380305570647,0.0,0.015451642925589369,0.0,0.0,0.0,0.0,0.012729494980703911,0.0,0.0,0.012927877693699854,0.01391120529739444,0.010777368290886562,0.011442870023064577
following best describes raceethnicity native hawaiian pacific islander,0.0,0.0,0.0,0.15298285351796057,0.28589763925820416,0.21058351938240316,0.014078953765666993,0.0,0.01234802797172773,0.009369602485043423,0.012046912625331547,0.009904591939506994,0.010662400087516748,0.01087712098952256,0.010279469869573434,0.0,0.0,0.011986350320774525,0.0,0.013162028458099582,0.0,0.0,0.0,0.010037861684929627,0.012082645112389127,0.012895262698330804,0.0075085856896404245,0.01468798019040701,0.014478886462126398,0.012991841669231795,0.009225722147100065,0.012237551932819953,0.00901456362682375,0.0,0.015573939351729191,0.011620772938550575,0.009021265082316583,0.0,0.008988372730105451,0.008668112683720065,0.015829507520236114,0.0,0.012515061536050592,0.0,0.0,0.0,0.0,0.010310257218183811,0.0,0.0,0.010470937339565672,0.01126738374527146,0.008729131782727956,0.009268155054924005
following best describes raceethnicity hispanic spanish latinoax,0.0,0.0,0.0,0.5283100531798128,0.16468361610984564,0.23994882920646937,0.01604222629781968,0.0,0.01406992752098714,0.010676168548278435,0.013726822443079024,0.011285760854517898,0.012149243326514507,0.012393906485310384,0.011712914511549538,0.0,0.0,0.013657814886765396,0.0,0.014997438202978068,0.0,0.0,0.0,0.011437614710302003,0.01376753773010266,0.01469347266988877,0.008555637926983104,0.01673617983226887,0.016497928541557745,0.01480351932055556,0.010512224481161545,0.013944045893265115,0.010271620468720929,0.0,0.01774568363440623,0.013241258714153853,0.010279256424299032,0.0,0.010241777321347125,0.009876857866125008,0.018036890102013602,0.0,0.014260253470116488,0.0,0.0,0.0,0.0,0.011747995073765885,0.0,0.0,0.011931081609290623,0.012838590340910642,0.009946385915656695,0.010560574544746962
following best describes raceethnicity korean,0.0,0.0,0.0,0.22656859038443994,0.21404894139252023,0.311875547144661,0.020851021113947113,0.0,0.018287508875976962,0.013876441566372046,0.01784155511052379,0.014668764390668963,0.01579108313377082,0.01610908617120155,0.015223961017141996,0.0,0.0,0.017751861947804044,0.0,0.019493048833746588,0.0,0.0,0.0,0.014866137741125876,0.017894475153766517,0.019097967027101176,0.01112026371820083,0.021752993167593115,0.02144332401065584,0.019241001104415262,0.013663353860121123,0.018123893151528122,0.0133506267329529,0.0,0.023065104385961654,0.017210439492527447,0.01336055163165638,0.0,0.013311837846395278,0.01283753065707701,0.023443602487900568,0.0,0.018534886659468737,0.0,0.0,0.0,0.0,0.015269557278526339,0.0,0.0,0.015507525572143079,0.016687067823499564,0.012927900335317606,0.013726197269630766
following best describes raceethnicity chinese,0.0,0.0,0.0,0.22656859038443994,0.21404894139252023,0.311875547144661,0.020851021113947113,0.0,0.018287508875976962,0.013876441566372046,0.01784155511052379,0.014668764390668963,0.01579108313377082,0.01610908617120155,0.015223961017141996,0.0,0.0,0.017751861947804044,0.0,0.019493048833746588,0.0,0.0,0.0,0.014866137741125876,0.017894475153766517,0.019097967027101176,0.01112026371820083,0.021752993167593115,0.02144332401065584,0.019241001104415262,0.013663353860121123,0.018123893151528122,0.0133506267329529,0.0,0.023065104385961654,0.017210439492527447,0.01336055163165638,0.0,0.013311837846395278,0.01283753065707701,0.023443602487900568,0.0,0.018534886659468737,0.0,0.0,0.0,0.0,0.015269557278526339,0.0,0.0,0.015507525572143079,0.016687067823499564,0.012927900335317606,0.013726197269630766
following best describes raceethnicity middle eastern north african,0.0,0.0,0.0,0.14884737420638716,0.14062241736099707,0.20489096124442857,0.013698367179081468,0.0,0.012014232300895806,0.009116320523414862,0.011721256796689665,0.00963684797922978,0.010374170825480745,0.010583087326355397,0.010001592094371833,0.0,0.0,0.011662331630882492,0.0,0.012806228477022482,0.0,0.0,0.0,0.009766515136111407,0.011756023352222375,0.012546674010906495,0.0073056113035270265,0.014290930215135781,0.014087488772504179,0.012640642229511334,0.008976329602796545,0.011906742684079272,0.00877087918425833,0.0,0.015152939857290989,0.011306636648327529,0.008777399483955523,0.0,0.008745396287874966,0.008433793609068325,0.01540159942885876,0.0,0.012176750562792868,0.0,0.0,0.0,0.0,0.01003154718995314,0.0,0.0,0.01018788375712304,0.010962800379864055,0.008493163221118984,0.009017615451271018
following best describes raceethnicity slaviceastern european,0.0,0.0,0.0,0.1868290725013591,0.1765053360768438,0.25717341980202624,0.01719380841278576,0.0,0.015079929287028797,0.011442551251546482,0.014712194605726623,0.012095902795703047,0.013021369867148497,0.01328359603201534,0.012553719435705253,0.0,0.0,0.014638233381127,0.0,0.016074020797203523,0.0,0.0,0.0,0.012258657394386746,0.014755832616533834,0.0157482352707434,0.009169799542455283,0.017937577008065864,0.017682222983597156,0.015866181557805233,0.01126683855256755,0.01494501131806608,0.011008962917574562,0.0,0.0190195474680068,0.014191774959952651,0.011017147015892405,0.0,0.010976977496794812,0.01058586250547718,0.019331658026706857,0.0,0.015283917676455544,0.0,0.0,0.0,0.0,0.012591318236181134,0.0,0.0,0.012787547534804163,0.01376020126594655,0.010660381586605278,0.011318659398041267
following best describes raceethnicity unknowndont know,0.0,0.0,0.0,0.1868290725013591,0.1765053360768438,0.25717341980202624,0.01719380841278576,0.0,0.015079929287028797,0.011442551251546482,0.014712194605726623,0.012095902795703047,0.013021369867148497,0.01328359603201534,0.012553719435705253,0.0,0.0,0.014638233381127,0.0,0.016074020797203523,0.0,0.0,0.0,0.012258657394386746,0.014755832616533834,0.0157482352707434,0.009169799542455283,0.017937577008065864,0.017682222983597156,0.015866181557805233,0.01126683855256755,0.01494501131806608,0.011008962917574562,0.0,0.0190195474680068,0.014191774959952651,0.011017147015892405,0.0,0.010976977496794812,0.01058586250547718,0.019331658026706857,0.0,0.015283917676455544,0.0,0.0,0.0,0.0,0.012591318236181134,0.0,0.0,0.012787547534804163,0.01376020126594655,0.010660381586605278,0.011318659398041267
following best describes raceethnicity prefer say,0.0,0.0,0.0,0.1988587505265627,0.18787028230446765,0.27373247774434084,0.018300895101509455,0.0,0.01605090608168411,0.012179322062962857,0.0156594934483612,0.012874742052935935,0.013859798730770593,0.014138909293182733,0.0133620369036902,0.0,0.0,0.015580769957876661,0.0,0.017109005835516437,0.0,0.0,0.0,0.013047976205968821,0.015705941253236554,0.016762243407891432,0.009760230863311911,0.019092553977497415,0.01882075804355674,0.01688778410110551,0.011992295454615557,0.015907300922314106,0.011717815546968548,0.0,0.020244191090982203,0.015105564666707929,0.011726526608603032,0.0,0.011683770627052345,0.011267472256331342,0.020576398037675626,0.0,0.016268029014963315,0.0,0.0,0.0,0.256287927909562,0.013402056641431376,0.0,0.0,0.013610920886264552,0.014646202510694643,0.011346789522991825,0.012047452976109213
following best describes raceethnicity ,0.0,0.0,0.0,0.3114080670315822,0.29420038751222655,0.4286585405591414,0.02865876584972084,0.0,0.025135336633501846,0.019072528271144636,0.02452239377213881,0.020161539412365256,0.021704114708392112,0.02214119520144918,0.020924631542563264,0.0,0.0,0.024399114661026754,0.0,0.026792295646846872,0.0,0.0,0.0,0.020432819970032334,0.024595129928308927,0.02624927394415616,0.01528428906888843,0.029898484794283326,0.029472858835197343,0.0264458676796799,0.018779649056955238,0.02491045437422605,0.018349820058970335,0.0,0.031701921085029935,0.02365495449319814,0.018363461374015334,0.0,0.018296506525242114,0.017644593191826555,0.032222149251255106,0.0,0.025475345975719217,0.0,0.0,0.0,0.0,0.020987301498700928,0.0,0.0,0.021314377931512078,0.0229356042976811,0.017768802142287956,0.018866024421907043
please describe raceethnicity none,0.0,0.0,0.0,0.0,0.0,0.0,0.0,0.0,0.0,0.0,0.0,0.0,0.0,0.0,0.0,0.0,0.0,0.0,0.0,0.0,0.0,0.0,0.0,0.0,0.0,0.0,0.0,0.0,0.0,0.0,0.0,0.0,0.0,0.0,0.0,0.0,0.0,0.0,0.0,0.0,0.0,0.0,0.0,0.0,0.0,0.0,0.0,0.0,0.0,0.0,0.0,0.0,0.0,0.0
including many persons household age 12,0.0,0.0,0.0,0.0,0.0,0.0,0.0,0.0,0.0,0.07916437762756734,0.0,0.0,0.0,0.0,0.0,0.0,0.0,0.0,0.0,0.0,0.0,0.09301620273182959,0.48783208020504465,0.5585352007993192,0.0,0.0,0.0,0.0,0.0,0.0,0.0,0.0,0.18542712393815086,0.0,0.0,0.0,0.0,0.0,0.0,0.0,0.0,0.0,0.0,0.0,0.0,0.0657692823585628,0.10153585928947755,0.0,0.0,0.0,0.0,0.0,0.0,0.0
including many persons household ages 1217,0.0,0.0,0.0,0.0,0.0,0.0,0.0,0.0,0.0,0.06784078065464764,0.0,0.0,0.0,0.0,0.0,0.0,0.0,0.0,0.0,0.0,0.0,0.24169200158774184,0.0,0.33992293225783865,0.0,0.0,0.0,0.0,0.0,0.0,0.0,0.0,0.0652701152136318,0.0,0.0,0.0,0.0,0.0,0.0,0.0,0.0,0.0,0.0,0.0,0.0,0.056361707020445316,0.0870122669446708,0.0,0.0,0.0,0.0,0.0,0.0,0.0
including many persons household ages 1834,0.0,0.0,0.0,0.0,0.0,0.0,0.0,0.0,0.0,0.06784078065464764,0.0,0.0,0.0,0.0,0.0,0.0,0.0,0.0,0.0,0.0,0.0,0.24169200158774184,0.0,0.33992293225783865,0.0,0.0,0.0,0.0,0.0,0.0,0.0,0.0,0.0652701152136318,0.0,0.0,0.0,0.0,0.0,0.0,0.0,0.0,0.0,0.0,0.0,0.0,0.056361707020445316,0.0870122669446708,0.0,0.0,0.0,0.0,0.0,0.0,0.0
including many persons household ages 3549,0.0,0.0,0.0,0.0,0.0,0.0,0.0,0.0,0.0,0.06784078065464764,0.0,0.0,0.0,0.0,0.0,0.0,0.0,0.0,0.0,0.0,0.0,0.24169200158774184,0.0,0.33992293225783865,0.0,0.0,0.0,0.0,0.0,0.0,0.0,0.0,0.0652701152136318,0.0,0.0,0.0,0.0,0.0,0.0,0.0,0.0,0.0,0.0,0.0,0.0,0.056361707020445316,0.0870122669446708,0.0,0.0,0.0,0.0,0.0,0.0,0.0
including many persons household ages 5064,0.0,0.0,0.0,0.0,0.0,0.0,0.0,0.0,0.0,0.06784078065464764,0.0,0.0,0.0,0.0,0.0,0.0,0.0,0.0,0.0,0.0,0.0,0.24169200158774184,0.0,0.33992293225783865,0.0,0.0,0.0,0.0,0.0,0.0,0.0,0.0,0.0652701152136318,0.0,0.0,0.0,0.0,0.0,0.0,0.0,0.0,0.0,0.0,0.0,0.0,0.056361707020445316,0.0870122669446708,0.0,0.0,0.0,0.0,0.0,0.0,0.0
including many persons household ages 65,0.0,0.0,0.0,0.0,0.0,0.0,0.0,0.0,0.0,0.07037544379416412,0.0,0.0,0.0,0.0,0.0,0.0,0.0,0.0,0.0,0.0,0.0,0.5351278592349202,0.0,0.6119393122293512,0.0,0.0,0.0,0.0,0.0,0.0,0.0,0.0,0.06770873330657752,0.0,0.0,0.0,0.0,0.0,0.0,0.0,0.0,0.0,0.0,0.0,0.0,0.05846748970582134,0.09026321399425072,0.0,0.0,0.0,0.0,0.0,0.0,0.0
primary language spoken home none,0.0,0.0,0.0,0.0,0.0,0.0,0.20699657826928214,0.0,0.0,0.0,0.0,0.0,0.0,0.0,0.0,0.0,0.0,0.0,0.0,0.0,0.0,0.0,0.0,0.0,0.0,0.0,0.0,0.0,0.0,0.0,0.0,0.0,0.0,0.0,0.0,0.0,0.0,0.0,0.0,0.0,0.0,0.0,0.0,0.0,0.059260574332408805,0.0,0.0,0.0,0.0,0.0,0.15394952186345723,0.0,0.0,0.0
please define none,0.0,0.0,0.0,0.0,0.0,0.0,0.0,0.0,0.0,0.0,0.0,0.0,0.0,0.0,0.0,0.0,0.0,0.0,0.0,0.0,1.0,0.0,0.0,0.0,0.0,0.0,0.0,0.0,0.0,0.0,0.0,0.0,0.0,0.0,0.0,0.0,0.0,0.0,0.0,0.0,0.0,0.0,0.0,0.0,0.0,0.0,0.0,0.0,0.0,0.0,0.0,0.0,0.0,0.0
total annual household income none,0.0,0.0,0.0,0.0,0.0,0.0,0.0,0.0,0.0,0.07332320522613127,0.0,0.0,0.0,0.0,0.0,0.0,0.0,0.0,0.0,0.0,0.0,0.08615296837609906,0.0,0.07855276608911586,0.0,0.0,0.0,0.0,0.0,0.0,0.0,0.0,0.07054479631219411,0.0,0.0,0.0,0.0,0.0,0.0,0.0,0.0,0.0,0.0,0.0,0.0,0.07979477971673327,0.879214960287701,0.0,0.0,0.0,0.0,0.0,0.0,0.0
rent home none,0.0,0.0,0.0,0.0,0.0,0.0,0.0,0.0,0.0,0.0,0.0,0.0,0.0,0.0,0.0,0.0,0.0,0.0,0.0,0.0,0.0,0.0,0.0,0.0,0.0,0.0,0.0,0.0,0.0,0.0,0.0,0.0,0.0,0.0,0.0,0.0,0.0,0.0,0.0,0.0,0.0,0.0,0.0,0.0,0.09074098503379892,0.0,0.0,0.0,0.0,0.41949794249248334,0.0,0.0,0.0,0.0
anyone household disabled none,0.0,0.0,0.0,0.0,0.0,0.0,0.0,0.0,0.0,0.09820265206117039,0.0,0.0,0.0,0.0,0.0,0.0,0.0,0.0,0.0,0.0,0.0,0.1153857084040824,0.0,0.10520666592385636,0.0,0.0,0.0,0.0,0.0,0.0,0.0,0.0,0.09448149553210766,0.0,0.0,0.0,0.0,0.0,0.0,0.0,0.0,0.0,0.0,0.0,0.0,0.0,0.12595426074649385,0.0,0.0,0.0,0.0,0.0,0.0,0.0
anyone household member lgbtq community none,0.0,0.0,0.0,0.0,0.0,0.0,0.0,0.0,0.0,0.0778897156194734,0.0,0.1069749108922228,0.11515964577094,0.0,0.0,0.0,0.0,0.0,0.0,0.0,0.0,0.09151850612493884,0.0,0.08344496933726142,0.0,0.0,0.0,0.0,0.0,0.0,0.0,0.0,0.20785660729780092,0.0,0.0,0.0,0.0,0.0,0.0,0.0,0.0,0.0,0.13516938414086113,0.05475017155368762,0.0,0.0,0.09990098377887417,0.0,0.1802581160084635,0.0,0.0,0.0,0.0,0.0
would willing participate future surveys sponsored city insertans8245x10302x182318comname none,0.019252483517196595,0.028116209640788047,0.014382153620394625,0.0,0.0,0.0,0.01577216863635724,0.013282886654595174,0.027666143768648056,0.010496444047576263,0.0,0.0,0.035834162477056175,0.036555795845391766,0.0,0.013484884524600031,0.0190666980491726,0.026855793653464587,0.02291723475108055,0.044234906064664854,0.0,0.0,0.0,0.0,0.0270715451528199,0.014446120164424382,0.016823221624087354,0.01645444003484863,0.016220199508305482,0.0,0.03100577953123446,0.013709309370082426,0.020197412403207868,0.0,0.03489389934454919,0.026036706068116443,0.0,0.014764420469108645,0.0,0.019421178204302895,0.017733253918944248,0.0,0.028040387705844085,0.08293806005890796,0.051015108665718796,0.004657910462197358,0.0,0.023100454513313138,0.0,0.0,0.02346046336242594,0.0,0.009778946704258072,0.010382795973848625
please rate overall satisfaction major categories services provided city [city name] 01 overall quality police fire emergency medical services,0.12849945856312994,0.12524490491951132,0.03213912844308648,0.0,0.0,0.0,0.10527032153166077,0.08865576961779122,0.061824242152760375,0.023455914346676807,0.0,0.0,0.25277760782222103,0.5017907998907767,0.08711894193018635,0.13214999271940212,0.18685098888200768,0.3211181987821977,0.9542832901060609,0.3726447745678227,0.0,0.0,0.0,0.0,0.06049552033608587,0.032282071497992906,0.03759406934969297,0.08819709605798837,0.19315640667164596,0.01773786609179295,0.0692871705541568,0.04734358299171471,0.311379678172763,0.12647886389335716,0.0992389955614694,0.07404894856879096,0.0,0.03299336235510172,0.0,0.22706106493009798,0.171677673429247,0.0,0.07974746197337303,0.050761135809714544,0.01808865997608201,0.0820298912258454,0.0,0.0656981863872063,0.0,0.0,0.0524260041465642,0.039450567954930356,0.05241592542771281,0.1733198055670926
please rate overall satisfaction major categories services provided city [city name] 02 overall quality city parks recreation programs facilities,0.109781726381686,0.12838708288176154,0.049336414866617176,0.0,0.0,0.0,0.08993623602564225,0.07574182452727277,0.09490569929623961,0.03600691049643007,0.0,0.0,0.29966577647208437,0.527646445607921,0.0629951920103208,0.12002556104290789,0.2762822149277968,0.22680463555395153,0.5874903882227486,0.39844497026170755,0.0,0.0,0.0,0.0,0.09286599336874797,0.04955584514369061,0.057710233345167464,0.3808027167983674,0.2162220298579585,0.01815279925637286,0.2070698745865807,0.29052169410953976,0.29587375664143395,0.10675965971191657,0.14146035425342124,0.10555316926949594,0.0,0.05064773974435769,0.0,0.2545800062595521,0.1959709780913081,0.0,0.11367612255383,0.07792284908545787,0.050390343608456664,0.10472863634170758,0.0,0.0936495645442614,0.0,0.0,0.08047856975817505,0.040373415659457124,0.0648239366339477,0.18924654145267888
please rate overall satisfaction major categories services provided city [city name] 03 overall maintenance city streets buildings facilities,0.10847873119782828,0.12686326142095797,0.04875084281306334,0.0,0.0,0.0,0.08886878622085168,0.07484284765900504,0.09377926711868662,0.03557954582920553,0.0,0.0,0.2439150411232653,0.46813872593346506,0.062247504444265786,0.11860098217050985,0.16769362105067687,0.22411269985988228,0.5304475657190486,0.5751035800735431,0.0,0.0,0.0,0.0,0.09176377038417823,0.04896766868042632,0.057025272754853744,0.10778069267007413,0.498056651093644,0.017937344364341436,0.2046121700286266,0.13509427259027335,0.29236204214540473,0.10549253332376639,0.1397813666261164,0.1043003626710563,0.0,0.050046603625121124,0.0,0.20912672179631783,0.11615724306814432,0.0,0.11232690492819089,0.0769979857186912,0.027438124862487312,0.07775899030948434,0.0,0.092538041382863,0.0,0.0,0.07952337263881044,0.105935986061264,0.06405454376669523,0.141631401942988
please rate overall satisfaction major categories services provided city [city name] 04 overall quality city water sewer utilities,0.10024264547411779,0.11723135768540412,0.04504950785018204,0.0,0.0,0.0,0.08212155629480983,0.06916051617964762,0.08665921626108855,0.032878221927051615,0.0,0.0,0.27362741670847507,0.4817985408505732,0.28610092360053224,0.10959637965270189,0.15496173321384307,0.2070972776896869,0.5364425633216242,0.3638235543502331,0.0,0.0,0.0,0.0,0.08479674310731321,0.045249871537253995,0.05269571405112556,0.09959760447951649,0.1974342087442456,0.01657547827124512,0.09712002425093234,0.058555071498417176,0.2701648905482185,0.3529640312373004,0.12916867503765556,0.0963815133400631,0.0,0.04624688995696098,0.0,0.23245920931821157,0.17894279792725382,0.0,0.10379865235874915,0.07115202859945018,0.02535492619331038,0.07185525505275314,0.0,0.08551222873629338,0.0,0.0,0.0734856792876835,0.03686531562146492,0.0591912981550409,0.17280265657407748
please rate overall satisfaction major categories services provided city [city name] 05 overall enforcement city codes ordinances,0.10498429187710073,0.12277659886351454,0.04718042564313992,0.0,0.0,0.0,0.08600604457991984,0.07243192538099737,0.09075834352500145,0.03443341734312961,0.0,0.0,0.23605777453094473,0.45305851294246036,0.0602423175772612,0.11478047347726442,0.16229168486683623,0.21689332863367763,0.5133601900578004,0.38103302283189505,0.0,0.0,0.0,0.0,0.08880777224603714,0.04739026687094915,0.05518831030894929,0.10430873935422358,0.20677318020983448,0.01735952638321224,0.10171396539712795,0.06132482525774474,0.28294414607785223,0.10209428877924398,0.1352785714841585,0.10094052167310794,0.0,0.04843444594549672,0.0,0.20239009580898756,0.11241545485691976,0.0,0.10870850389213088,0.07451763970117066,0.026554257017170665,0.07525412995319936,0.0,0.08955710155345371,0.0,0.0,0.07696167600761411,0.12808215057677816,0.06199114650957386,0.1370690113754142
please rate overall satisfaction major categories services provided city [city name] 06 overall quality customer service receive city employees,0.10614475811835167,0.12413373616138297,0.1346806331403614,0.0,0.0,0.0,0.08695673072061752,0.07323256710263563,0.09176156021475076,0.034814034459110965,0.0,0.0,0.2897381231680439,0.9201511548038108,0.06090821887157073,0.11604922389929039,0.16408561058806864,0.21929080525929115,0.5680273685800138,0.3852448525436757,0.0,0.0,0.0,0.0,0.08978942788050934,0.0479141052841471,0.055798346056965674,0.10546173823171018,0.20905879161835372,0.017551413607211484,0.10283828238776226,0.06200269228137087,0.564778803032034,0.10322280975542522,0.13677390200042086,0.1020562892387265,0.0,0.13826034328477038,0.0,0.24614600331787584,0.18947863868889578,0.0,0.10991013650447823,0.07534133631048953,0.02684778015552742,0.07608596751445693,0.0,0.18682126494121964,0.0,0.0,0.07781238829304327,0.039035881296722356,0.1363965524762329,0.2612493656334438
please rate overall satisfaction major categories services provided city [city name] 07 overall effectiveness city communication public,0.11071484278166283,0.12947834002018216,0.049755761686397025,0.0,0.0,0.0,0.09070067086879582,0.07638561052845881,0.09571237329730874,0.03631295996207522,0.0,0.0,0.2489429506766371,0.47778863994280535,0.06353063491800606,0.12104574739920697,0.17115035071948853,0.3056634341195418,0.5413818745298522,0.40183164988948844,0.0,0.0,0.0,0.0,0.09365533039475939,0.04997705706431134,0.05820075546533927,0.11000241533157673,0.2180598614237991,0.01830709337480125,0.10726600604998536,0.06467223110836738,0.29838860737064354,0.10766708932353317,0.14266273083148184,0.10645034402308343,0.0,0.0510782324878668,0.0,0.21343752705680058,0.3178703919299704,0.0,0.11464234031826889,0.07858517323366593,0.05119152561827727,0.07936186468917472,0.0,0.09444556172345604,0.0,0.0,0.08116261687387573,0.04071657929439523,0.0653749233999409,0.14455090159994732
please rate overall satisfaction major categories services provided city [city name] 08 overall quality citys stormwater runoffstormwater management system,0.07950905125819546,0.0871821015063641,0.029796181548146124,0.0,0.0,0.0,0.06513602068226226,0.05485576522808996,0.05731724637531234,0.0217459749566323,0.0,0.0,0.23435008535824697,0.44013216620386447,0.057067873178698485,0.0947635295975204,0.1339891047352772,0.17764501994819748,0.508473119140831,0.3151328790355117,0.0,0.0,0.0,0.0,0.056085388562281555,0.02992870403464045,0.0348534565105174,0.08176751559448107,0.1790752779922987,0.016444773207951104,0.06423612626723603,0.043892229263743594,0.24711255666934223,0.09671447179718876,0.09200445910166814,0.06865077000803513,0.0,0.030588141690191115,0.0,0.21050828198883367,0.15916234736482274,0.0,0.07393386099969507,0.04706064201008881,0.01676999416970698,0.06646363853496311,0.0,0.060908779540916114,0.0,0.0,0.048604141215625084,0.03657461611145338,0.04859479723676765,0.16068476784339733
please rate overall satisfaction major categories services provided city [city name] 09 overall flow traffic congestion management [city name],0.09711600076253821,0.11357482205822933,0.0436443792762818,0.0,0.0,0.0,0.07956012220175063,0.06700334683180713,0.08395624908628148,0.031852725061639206,0.0,0.0,0.21836587742276065,0.419102992473406,0.05572731744115791,0.106177984824546,0.15012835834271232,0.20063775534758976,0.47488522061446253,0.35247561967854735,0.0,0.0,0.0,0.0,0.08215186789335939,0.04383849346684842,0.051052094463059104,0.09649107908945903,0.19127608490647752,0.01605847643800767,0.0940907764814183,0.05672869407421041,0.26173824116868705,0.09444259564604943,0.12513980536050298,0.09337530029018352,0.0,0.044804414120184814,0.0,0.18722150092630244,0.10399021800695689,0.0,0.10056109307515697,0.06893274245744517,0.024564086670671555,0.06961403474030738,0.0,0.08284503697884173,0.0,0.0,0.07119360479748069,0.03571545825703286,0.05734507633524891,0.12679605658376236
please rate overall satisfaction major categories services provided city [city name] 10 overall quality city olathes solid waste system trash recycling yard waste,0.07708861335608497,0.09015327521610933,0.03464397887864262,0.0,0.0,0.0,0.06315313080045462,0.05318582990366791,0.06664268270750363,0.025284014861962547,0.0,0.0,0.21042499457688632,0.3705127818154544,0.04423515789223438,0.08428182333291706,0.11916869392473373,0.15926197768832914,0.4125351356806035,0.2797876410632359,0.0,0.0,0.0,0.0,0.06521040334019038,0.03479806258952471,0.04052406544935892,0.07659256383946997,0.15183088304547424,0.01274687663719051,0.07468725474276106,0.04503002933960745,0.20776224222093156,0.07496652130378662,0.09933331268942396,0.07411932497795903,0.0,0.03556478983522107,0.0,0.17876581392516908,0.1376106156918193,0.0,0.07982325427187865,0.05471734306553512,0.019498448916063754,0.055258138371804655,0.0,0.06576062619946767,0.0,0.0,0.05651196744683029,0.02835017021699525,0.19479023920376792,0.29137713201821036
please rate overall satisfaction major categories services provided city [city name] 11 overall quality city libraries,0.11402372536929692,0.13334799845083573,0.05124278880346807,0.0,0.0,0.0,0.09341139928590916,0.07866851145008011,0.09857288411471697,0.03739822836787441,0.0,0.0,0.31124495237242145,0.5480348632604484,0.06542934521176576,0.12466338488857465,0.1762654409922535,0.23556843501416685,0.6101911938505219,0.4138410039749356,0.0,0.0,0.0,0.0,0.09645436333556813,0.05147069793256793,0.05994017415128899,0.11329000593409558,0.22457691424525347,0.01885422888957167,0.11047181487151614,0.06660505975212866,0.307306407752876,0.11088488513277664,0.1469264249676289,0.10963177553611247,0.0,0.05260478366962235,0.0,0.26441705441330715,0.20354335573614657,0.0,0.11806860218302014,0.08093381145439554,0.02884065087619097,0.08173371552321369,0.0,0.09726821193741472,0.0,0.0,0.08358828594401474,0.041933456606147695,0.06732875307870013,0.1965590848395449
three major categories city services listed question 1 think receive emphasis city leaders next two years 1st,0.27878780473538567,0.5722580377506644,0.7174195864399799,0.0,0.0,0.0,0.08068298088239137,0.06794898753144424,0.07099798613872012,0.026936402674238226,0.0,0.0,0.09195908877339729,0.3927284714637383,0.029356929627222875,0.12875418957012294,0.182049557088979,0.10315000754161051,0.2886882911424778,0.2619883637629199,0.0,0.0,0.0,0.06997139094004937,0.13623834591292627,0.0370722225608606,0.0846633568218581,0.04222605489524179,0.16360040801379694,0.0,0.07956829559576774,0.0351813886592877,0.2544267026765541,0.0254476160031189,0.08954614718649889,0.066816456676441,0.0,0.14151818414169828,0.0,0.04983941934507233,0.04550779922420434,0.0,0.07195838618896687,0.058293289025668896,0.020772732273476827,0.058496311598094305,0.0,0.059281328220123164,0.0,0.0,0.06020519760694,0.0,0.025095131738127472,0.02664475435379717
three major categories city services listed question 1 think receive emphasis city leaders next two years 2nd,0.462605087612786,0.43667032941216266,0.855211618509573,0.0,0.0,0.0,0.08075829642815402,0.06801241621273464,0.07106426098399238,0.026961547132785806,0.0,0.0,0.09204493028399911,0.3930950736745308,0.02938433358717339,0.12887437838752466,0.18221949579969654,0.10324629549513492,0.28895777444570836,0.26223292335137915,0.0,0.0,0.0,0.07003670748436622,0.1363655210031871,0.037106828553899886,0.08474238794905989,0.04226547186193113,0.16375312490503957,0.0,0.0796425706106799,0.03521422960614642,0.2546642036434136,0.025471370716525266,0.08962973627644741,0.06687882816848896,0.0,0.14165028782896172,0.0,0.049885943197158784,0.04555027961718862,0.0,0.07202555754367823,0.05834770435377467,0.020792123099783042,0.058550916442696326,0.0,0.059336665858118226,0.0,0.0,0.06026139765391302,0.0,0.025118557416283775,0.026669626565928157
three major categories city services listed question 1 think receive emphasis city leaders next two years 3rd,0.2739581750915048,0.42870540825904474,0.7049912418606322,0.0,0.0,0.0,0.07928525505074631,0.06677186127671067,0.06976804001953148,0.026469765157656422,0.0,0.0,0.09036601930041291,0.38592497060910946,0.02884835968559456,0.12652369368701952,0.17889578951866916,0.10136307021606161,0.2836871486783502,0.2574497621939516,0.0,0.0,0.0,0.06875922922361993,0.13387819692908212,0.03642999538304547,0.08319667624648139,0.041494544395133046,0.16076624752731367,0.0,0.0781898802110376,0.03457191767563737,0.25001909687540413,0.025006769744684406,0.08799487873213546,0.06565895001946971,0.0,0.13906656895025304,0.0,0.04897601738482073,0.044719436848132656,0.0,0.07071180241033306,0.057283434964854045,0.020412872186814826,0.05748294043998356,0.0,0.058254357688279815,0.0,0.0,0.059162222261034285,0.0,0.024660391802947757,0.026183169258268454
please rate satisfaction following items may influence perception city [city name] 01 overall quality services provided city [city name],0.15409276095784116,0.18769565162617055,0.11562591139165834,0.011036063800240503,0.01042623679466572,0.015191330935074623,0.14198896401714584,0.10631338425862846,0.1617636811060932,0.06661408642558218,0.013478398705368719,0.011081514685675116,0.636893408747282,0.43686517826811117,0.08515328775199253,0.15835883676342508,0.2239084894259408,0.31448848930719864,0.4427387370350426,0.42418569609660933,0.0,0.0,0.0,0.011230620337889458,0.15828706861968123,0.09168010545147617,0.0983652178175962,0.2102532297370758,0.20726012713761305,0.03575939345127115,0.1761295110768469,0.1069956055784813,0.2255751883847722,0.109817072735139,0.22946625982372246,0.17122034716116039,0.01009322565771805,0.07895470390422106,0.03716222739190105,0.3187155492107466,0.3182786824204368,0.0,0.18439678602077023,0.1214738408459979,0.043287033830150125,0.062111081313674224,0.0,0.15191122221844874,0.0,0.0,0.1371731075243416,0.09378830163706886,0.12495442711161864,0.22990686256441226
please rate satisfaction following items may influence perception city [city name] 02 overall image city,0.0789776731945255,0.1153385127947517,0.09859707736850312,0.011287789685804286,0.010664052898100873,0.015537835930129185,0.08081189134878727,0.054489150989248426,0.12762266222605034,0.05378065093509347,0.013785832760798587,0.011334277278220012,0.5392553231566166,0.23286335601169686,0.05581033832529732,0.10689674082573024,0.15114462982954707,0.1752455319180617,0.23616889432532504,0.2529213597429062,0.0,0.0,0.0,0.011486783939437707,0.1248798058691081,0.07401761419465881,0.07760475579245511,0.19254913784432015,0.18980806544449613,0.03657504341004983,0.13774954225261218,0.09068996834660296,0.09316974431022401,0.08520278668546387,0.18698624557244967,0.1395231259962646,0.010323445980187444,0.06056670941565977,0.03800987513742651,0.19513214835144152,0.20751376200196153,0.0,0.15026027242583598,0.09318343881130463,0.033205788506748775,0.019107713034746742,0.0,0.12378860894307939,0.0,0.0,0.1082220498963244,0.09592755560591597,0.11443280676477725,0.16604761870612134
please rate satisfaction following items may influence perception city [city name] 03 overall quality life city,0.08151487630570813,0.11904382876147107,0.10176456510692664,0.011650416412457244,0.011006641722213674,0.016036997833340352,0.0834080197716351,0.056239646259919465,0.13172261354849302,0.05550838523460691,0.1495333157331507,0.12294158011771568,0.7415284432202048,0.30685187267795,0.057603277497945846,0.11033086001952189,0.156000237870791,0.18087539528094157,0.30629753102601853,0.2610466036867696,0.0,0.0,0.0,0.011855803470778421,0.12889164135575984,0.07639547256172476,0.08009785314357878,0.1987348894856841,0.19590575856071615,0.037750037686002366,0.14217482541215118,0.0936034356663518,0.09616287585703155,0.08793997514285655,0.19299328610460428,0.1440053865522034,0.010655092611439083,0.0625124497413466,0.03923096420669814,0.25440165032156226,0.3109690442407778,0.0,0.1550874699775664,0.09617701030182461,0.034272543533844645,0.01972155929025664,0.0,0.1277653891017676,0.0,0.0,0.11169874540518307,0.09900928342451097,0.11810902640510312,0.228051694474279
please rate satisfaction following items may influence perception city [city name] 04 overall quality neighborhood,0.056861739599171124,0.08304053810419731,0.08524208204993505,0.01219034440626386,0.011516734561236036,0.01678021796902392,0.06398213156033147,0.03923068114325416,0.09697153896328338,0.04258037556227859,0.014888127256006347,0.012240549076791908,0.5976718459497414,0.2670893198596719,0.06027284920723654,0.09553040531354821,0.1350734141850223,0.1495989364660144,0.28664986620080096,0.20782121498499018,0.0,0.0,0.0,0.012405249941730166,0.09488743416991369,0.0586028200818194,0.05896642860133079,0.18364618461811313,0.1810318520190407,0.20413771844176318,0.10297638280904829,0.07769634698467803,0.07079317523227355,0.09201547362062058,0.1504082455949927,0.11222979816927905,0.011148893225412557,0.043606355060491125,0.041049087701114435,0.2375116767100231,0.2991932568172227,0.0,0.12086655833430755,0.06708949780772955,0.023907249009543854,0.013757024725726786,0.0,0.09957324635709178,0.0,0.0,0.0822303699449524,0.24638289804273347,0.10914174216913045,0.22328787655534854
please rate satisfaction following items may influence perception city [city name] 05 overall quality new residential development city,0.06562174689345032,0.0958335993900719,0.08192331064975386,0.009378909858788961,0.008860653293924192,0.012910230137668484,0.06714578013724916,0.04527448239515004,0.1060403744465682,0.04468579689268863,0.011454508490220599,0.009417535927395426,0.500545361398236,0.24702430814145315,0.046372243540271266,0.08881941676001504,0.12558453853849788,0.145609733416814,0.2465780476645419,0.2101497902086428,0.0,0.0,0.0,0.009544252163987294,0.10376136294445636,0.06150048422388367,0.06448100376162401,0.15998712391855957,0.15770959468830695,0.030389832267654307,0.11445469625479089,0.07535337403468,0.07741379470871529,0.07079413049709485,0.1553649732031151,0.11592834898236157,0.21244368677929984,0.050324263993625475,0.031582019383837055,0.2048004175835152,0.2503387459773096,0.0,0.12484973494955522,0.07742517333063961,0.0275903525724325,0.01587640478329194,0.0,0.10285469849620911,0.0,0.0,0.08992060261252698,0.07970523211761504,0.09508105744429354,0.18358796886704784
please rate satisfaction following items may influence perception city [city name] 06 overall quality new commercial development city including architecture design,0.052437358091106945,0.07657919830351936,0.06546369427691819,0.00749454682405928,0.007080415741584344,0.010316372129908845,0.05365519029965193,0.03617816285200044,0.08473527984554084,0.03570775305712354,0.009153126697992132,0.007525412338725591,0.39997832424515306,0.19739343611582802,0.03705536739150609,0.07097426969828247,0.10035272954165919,0.11635456375651865,0.19703683603220484,0.16792755943901078,0.0,0.0,0.0,0.09296246047321166,0.08291415578396975,0.04914411862976691,0.05152580728782412,0.1278433218260019,0.1260233822257405,0.02428406118988457,0.09145903876143799,0.060213756028857195,0.06186020742366899,0.05657053259573064,0.12414983020636597,0.09263661265173737,0.16976057793659535,0.04021336792496335,0.025236720112914834,0.1636529556500864,0.2000419538999052,0.0,0.09976555896568258,0.0618692999105453,0.02204703876673142,0.048034213197594135,0.0,0.08218965376151653,0.0,0.0,0.07185421087032698,0.18521898894515612,0.07597785327146114,0.14670240462100884
please rate satisfaction following items may influence perception city [city name] 07 overall quality public education [city name],0.07415358259116896,0.10829344026636972,0.09257460018966437,0.010598312293607222,0.010012674409743589,0.01458875848488194,0.07587576358094392,0.05116086097208532,0.1198272529576153,0.05049563730624973,0.01294377064892792,0.010641960344812445,0.5656239517265161,0.27914126494584224,0.05240134793858282,0.10036730608691863,0.1419124587739042,0.25019124301363715,0.2786369837479408,0.2374724929230555,0.0,0.0,0.0,0.010785151639780777,0.11725193493198464,0.0694964924310453,0.07286452531906464,0.18078790901865785,0.17821426598301052,0.03434097755200414,0.1293355659284331,0.08515047083517366,0.08747877786535237,0.07999845556245441,0.17556480766807872,0.13100081616052528,0.009692872341678005,0.056867191793145616,0.03568816731712161,0.23142761963718558,0.2828866306430332,0.0,0.1410821194245202,0.08749163588301546,0.056993325017850066,0.01794058142432922,0.0,0.11622739017009734,0.0,0.0,0.10161166302540516,0.09006813735663867,0.10744305630112415,0.2074572265537534
please rate satisfaction following items may influence perception city [city name] 08 overall value receive city tax dollars fees,0.059301123615431266,0.08660299966061394,0.15480751622679068,0.008475542320095465,0.00800720372698462,0.011666729240546299,0.060678363449221215,0.04091368798058362,0.09582666800219233,0.04038170409711952,0.01035122129612761,0.008510447963081915,0.4049048963499536,0.24328414679313398,0.04190571383251273,0.08026441632662273,0.11348835708611207,0.13158474453569166,0.1773296202587621,0.18990836539530634,0.0,0.0,0.0,0.008624959014157982,0.0937671686867114,0.0555768169855505,0.05827025576024105,0.1445773186711486,0.14251915885653307,0.0274627129765767,0.10343053046107538,0.06809540983000545,0.06995737277483757,0.06397530822627662,0.14040036904817102,0.10476224238129872,0.007751455841202953,0.12839899755931472,0.02854006978123888,0.1465167962372385,0.15581364649819168,0.0,0.11282432906912397,0.06996765541888854,0.024932876461636132,0.014347204809273205,0.0,0.09294783328238991,0.0,0.0,0.08125953702143454,0.07202810114576656,0.08592294182818745,0.12467840548665658
please rate satisfaction following items may influence perception city [city name] 09 citys efforts promote diversity community,0.04225270130507402,0.06170558757897046,0.06334150620201953,0.009058375361617589,0.008557830781399843,0.01246900890963137,0.0475437071172554,0.02915145164437918,0.07205740625931689,0.031640535494926306,0.011063038140836928,0.07972313814202298,0.42833009509779757,0.10480127008458469,0.04478742142451542,0.0709865317121752,0.1003700671848508,0.1111636615870858,0.08546774243887126,0.1544273492776919,0.0,0.0,0.0,0.009218066912788444,0.07050875407344522,0.04354645971098997,0.04381664916131624,0.13646341879766768,0.134520766054375,0.02935122652864012,0.076519472935209,0.05773443733485149,0.05260484305637778,0.03400389020957326,0.11176504130447112,0.08339548126741476,0.00828449601887289,0.03240291817242947,0.030502669346863583,0.10184536210845632,0.14706914675073185,0.0,0.1790554054959178,0.08600012676980011,0.017764948074874026,0.01022254086280408,0.0,0.0739906774917607,0.11901082408050888,0.0,0.06110356953518983,0.07698121867858983,0.18069730694134242,0.08610878475774743
please rate satisfaction following items may influence perception city [city name] 10 overall quality downtown [city name],0.07777320141146189,0.11357950954050756,0.09709339420363705,0.01111564199368096,0.010501417683750817,0.015300871681997728,0.07957944629275385,0.053658148476829606,0.12567631600802334,0.2342457766046961,0.013575587942297565,0.011161420613661027,0.5932334485213694,0.2927668369116487,0.05495918666436544,0.1052664812495975,0.1488395550605945,0.17257289939084877,0.29223794050769974,0.2490641096009062,0.0,0.0,0.0,0.01131160142805726,0.12297529037302192,0.07288878722190703,0.0764212220821959,0.18961261168438276,0.18691334279974703,0.03601724516188891,0.13564875313003896,0.08930687482837067,0.09174883225346447,0.08390337701371699,0.1841345579055024,0.1373952883232882,0.010166005289873725,0.05964301934562574,0.03743019457418633,0.24272417117661327,0.29669502312394774,0.0,0.14796868480452688,0.09176231790260671,0.03269937405222001,0.018816305346240358,0.0,0.12190073506042655,0.0,0.0,0.10657157831197718,0.09446458475260902,0.11268761624155858,0.2175837242279085
please rate satisfaction following items may influence perception city [city name] 11 overall sense community [city name],0.07335439614457138,0.10712631324846872,0.09157688216734484,0.010484089524512475,0.009904763323011895,0.01443152888590109,0.07505801641674481,0.05060947740764479,0.11853582086289477,0.04995142315587006,0.012804269822278412,0.09227090776096826,0.5888577996683871,0.21628328834610955,0.05183659508925863,0.09928560257505448,0.14038300450221067,0.16276790200214075,0.2193534695393654,0.23491314526712115,0.0,0.0,0.0,0.010668915219181473,0.11598825819566817,0.06874749753563783,0.07207923162133711,0.1788394765687652,0.176293570839403,0.033970869421507136,0.12794165847661237,0.08423276598754603,0.08653597980770011,0.07913627629612364,0.17367266692605413,0.12958896155943442,0.009588407905390714,0.056254308539915455,0.03530353991778208,0.18123857454571224,0.19273860684461563,0.0,0.2428497352527578,0.12838540945432794,0.0308415083135894,0.017747227724920614,0.0,0.11497475541259052,0.13774215399959425,0.0,0.10051654852023201,0.08909743260940388,0.10628509425294787,0.154224887981074
please rate satisfaction following items concerning city leadership 1 overall quality leadership provided citys elected officials,0.01907426279163122,0.027855937178907806,0.042939871928816084,0.008178498736220799,0.007726574074975366,0.011257843657202506,0.027299429333883955,0.013159926637770845,0.03764814145542521,0.018167884147100796,0.009988440514065881,0.00821218103598052,0.18417349508393788,0.19111017226294566,0.040437038088646515,0.05073126825250985,0.07173051957972709,0.12680508289731612,0.21487505165793136,0.15385120149855247,0.0,0.0,0.0,0.008322678801331584,0.036839010519610936,0.025004223938388213,0.02289307222343546,0.10690605428697046,0.10538417141561206,0.02650022321752707,0.03836806888313338,0.03854405604638344,0.06737922506294959,0.06173315614711555,0.06633796529506947,0.04949925734838931,0.0074797894231310525,0.014627745856391459,0.02753982173908684,0.9792510523046245,0.18315957762845952,0.0,0.05330852388044021,0.022505162887451545,0.00801968341889512,0.023015686871474008,0.0,0.04391705079082488,0.0,0.0,0.03192504349953333,0.06950372164343112,0.14451688720344702,0.2254998799374951
please rate satisfaction following items concerning city leadership 2 overall effectiveness city manager appointed staff,0.03961173613347315,0.05784873813134335,0.05938240520659547,0.008492190168661732,0.00802293165447901,0.01168964528937538,0.04457203262669719,0.027329367703791765,0.06755352616623754,0.02966287372013069,0.010371553395019413,0.0085271643740878,0.18058016857332965,0.1375845266701513,0.04198802596683963,0.0665495856208236,0.09409653097251403,0.10421548195522248,0.15410197781143695,0.14477501372545462,0.0,0.0,0.0,0.008641900350315023,0.06610167102196281,0.04082462939266582,0.041077930906694385,0.1279339017464361,0.12611267267730114,0.027516655847674036,0.07173669558064316,0.05412580088099699,0.04931682704607976,0.06410096994833613,0.10477927300160063,0.07818292550900491,0.0077666814230169315,0.030377604388731983,0.028596128820512656,0.4453661722230823,0.13787672869486906,0.0,0.0841995733836012,0.046736724961642696,0.016654566781089,0.009583590605186109,0.0,0.0693659601069949,0.0,0.0,0.05728434865655811,0.07216958034262544,0.16011995102780216,0.20352277747275968
please rate satisfaction following maintenance items 01 overall maintenance city streets,0.03010571564578583,0.04396620372258976,0.06777381586262837,0.012908470437458283,0.01219517863198193,0.017768730756774244,0.04308784385516212,0.02077086876720385,0.05942165386054341,0.028675139898888917,0.015765178090827687,0.01296163263564857,0.21845410547343624,0.1519705605244923,0.06382348736375425,0.08007130619120142,0.11321531265361462,0.11641647048035139,0.19840479835672342,0.5086953037404338,0.0,0.0,0.0,0.013136035931833283,0.058144568285077775,0.03946522411146303,0.03613310407569596,0.16873434671292128,0.7948349765623259,0.04182642304198292,0.06055794576660299,0.2593744930874143,0.04338022887245018,0.09743605114308151,0.10470401616620356,0.07812677127747285,0.011805667979049701,0.023087589916426975,0.04346726535488162,0.16240985719454457,0.18184812176958018,0.0,0.08413909774511746,0.03552085036539262,0.01265780550556378,0.007283721487318209,0.0,0.06931613858702833,0.0,0.0,0.05038864631759113,0.2924996926607342,0.10027957075347779,0.15741662922961794
please rate satisfaction following maintenance items 02 maintenance streets neighborhood,0.0,0.0,0.0434882206989806,0.012396576090547177,0.011711570366267694,0.01706409941642706,0.01769377373741217,0.0,0.015518426771723706,0.011775280261530078,0.015139999020864185,0.012447630104901521,0.09969379038374596,0.03362954038158551,0.06129252271229155,0.056645493076080924,0.08009282618311236,0.07146999393890362,0.04813382198590827,0.4220941655446304,0.0,0.0,0.0,0.012615117317431541,0.01518490594730169,0.01620616590312007,0.009436440980753129,0.13733309632391427,0.7389570353534176,0.2075912439613839,0.011594458150228006,0.22850126432220116,0.011329083951073593,0.046535034763928416,0.0481510155889449,0.035928740075490934,0.011337506028393762,0.0,0.041743540803730994,0.08104713777578182,0.1480064142826483,0.0,0.038693673418733844,0.0,0.0,0.0,0.0,0.03187692881208498,0.0,0.0,0.013159386641122215,0.42610111878878704,0.08161766835200918,0.08665755361885336
please rate satisfaction following maintenance items 03 maintenance sidewalks [city name],0.029431025780409452,0.0429808907534607,0.0662549578743845,0.012619182706047626,0.011921876262217319,0.01737052123725149,0.042122215536870775,0.020305379262912433,0.05808997358709262,0.028032510223326354,0.015411869569320273,0.012671153502686057,0.15626322895023728,0.0901158080080046,0.062393158963528025,0.0782768529574609,0.11067807936039097,0.11380749703092016,0.0840314502780815,0.35626244501879173,0.0,0.0,0.0,0.01284164830063713,0.05684150838076628,0.03858078120181445,0.03532333627574418,0.1649528935494238,0.6218792456067682,0.04088906403469683,0.05920080040731443,0.2535617316874802,0.04240804800412903,0.04737066925810887,0.10235752690141738,0.07637589641318882,0.011541094811841892,0.02257018109227369,0.0424931339389201,0.1121914169142457,0.17777277985646275,0.0,0.08225348249522754,0.03472480359364162,0.012374135348275734,0.007120488261855733,0.0,0.06776271608208154,0.0,0.0,0.049259401977396464,0.28594457267668133,0.09803223636396506,0.10408572004835129
please rate satisfaction following maintenance items 04 cleanliness city buildings city hall community center etc,0.043645082492491806,0.06373901258257375,0.06542884071305131,0.009356881990839196,0.008839842634301069,0.01287990839996598,0.049110446315589626,0.030112098694197,0.07443196158455345,0.03268320696970061,0.01142760574733779,0.08235030739563781,0.23502066021643953,0.10825485559216363,0.0462633309190158,0.07332579780080749,0.10367762833505972,0.11482691118622439,0.08828421743401345,0.23690899557186054,0.0,0.0,0.0,0.009521835963222708,0.07283227563982474,0.04498147497409571,0.045260568155924406,0.14096038801468125,0.30922536198107003,0.030318456892233663,0.07904106969222663,0.13159377817033197,0.054338365211799584,0.03512444287400478,0.11544810856683876,0.08614366767078813,0.008557500490720252,0.033470712947371126,0.03150784396653926,0.1052015396271831,0.15191561352943017,0.0,0.1849559365961161,0.08883414577760812,0.018350368148168556,0.010559411007086872,0.0,0.07642894118145886,0.12293266641083314,0.0,0.06311715584037254,0.14577022450462146,0.08377338389442113,0.08894638444403534
please rate satisfaction following maintenance items 05 snow removal major city streets,0.026191924005639078,0.038250526254462625,0.058963110378497816,0.011230348439641647,0.01060978572049908,0.015458767070472836,0.03748635458792766,0.018070622292543248,0.0516967429213928,0.02494732541552786,0.013715679485869492,0.011276599466235914,0.13906530639053571,0.17735275905037176,0.0555263309623505,0.06966190710984718,0.09849713922057943,0.10128214136151614,0.1661443622367729,0.4672393083264048,0.0,0.0,0.0,0.011428330052339501,0.05058568053261428,0.0343346812596912,0.031435742208338835,0.1467986092157429,0.6164671081223783,0.036388920517047306,0.05268531504510185,0.13929118148146624,0.11825915670960863,0.042157177210266766,0.09109232501816603,0.06797016487438833,0.010270912081319677,0.020086165951981313,0.037816450680101095,0.09984392279860295,0.1582075723426212,0.0,0.07320087919423487,0.030903082468869043,0.011012270353596263,0.006336825934273495,0.0,0.060304928658619285,0.0,0.0,0.043838040942970016,0.17495683016141841,0.24374971121758182,0.09263031774425343
please rate satisfaction following maintenance items 06 snow removal neighborhood streets,0.0,0.0,0.039114823398889546,0.011149913165888979,0.010533795111349938,0.015348046537813041,0.015914397597209813,0.0,0.013957814618495094,0.010591098014570541,0.013617443492562685,0.01119583292814132,0.08966807430034829,0.030247582261795698,0.05512863398478633,0.050948933352563286,0.07203828304117839,0.06428260679116382,0.04329323932391932,0.28742299294579154,0.0,0.0,0.0,0.011346476772253287,0.013657834349414437,0.014576391194788664,0.008487464341921325,0.12352217964296969,0.4617434588898758,0.18671480957820985,0.010428460297126269,0.1197763704118466,0.010189773481071045,0.04185523430014494,0.04330870385053271,0.03231556270662451,0.0101973485913362,0.0,0.0375455974132451,0.07289662419229505,0.13312213430485045,0.0,0.03480244024937904,0.0,0.0,0.0,0.0,0.02867122225152122,0.0,0.0,0.011836011596521064,0.304302315346937,0.22879547623584975,0.07794282800033495
please rate satisfaction following maintenance items 07 mowing trimming along city streets public areas,0.02570348648423725,0.03753721507380927,0.057863542607866865,0.011020920390172792,0.010411930173926427,0.01517048577161887,0.03678729398751604,0.017733634068201342,0.0507326812903482,0.024482097668649023,0.013459903984574603,0.011066308909041887,0.13647196068780096,0.0787023350946771,0.05449085363499,0.06836282387955327,0.09666032499739699,0.2603891550371088,0.07338858191994263,0.3431546755158215,0.0,0.0,0.0,0.011215209962218402,0.049642338439362346,0.03369439432968198,0.030849515858401268,0.14406104977508724,0.4780567359318778,0.035710325308081055,0.16243050804015063,0.21013155255443663,0.037036924802756575,0.041371013233101626,0.08939359874509714,0.06670262993295475,0.010079375986512139,0.01971159105973822,0.03711123431514729,0.09798199321419038,0.15525725397405107,0.0,0.07183579979073748,0.030326789371747924,0.037652117747164905,0.006218654258446053,0.0,0.12105251170374197,0.0,0.0,0.04302053154363432,0.17169416490406791,0.08561612093310028,0.09090291036494344
please rate satisfaction following maintenance items 08 overall cleanliness city streets,0.029913358360622744,0.043685286315194125,0.06734078223612819,0.012825993131216105,0.012117258828269995,0.017655199331400362,0.04281253863521562,0.020638155498615685,0.05904198548956034,0.0284919231261166,0.015664448153252238,0.012878815655165209,0.21705831607729603,0.15099956070535012,0.06341569394328292,0.07955969905122771,0.11249193539073306,0.11567263975819402,0.1971371118873413,0.3993586157318764,0.0,0.0,0.0,0.013052104619939494,0.057773059717273215,0.039213065237123285,0.0359022354298118,0.16765623645540917,0.556355748369372,0.04155917753687351,0.06017101717869721,0.15908212879789055,0.043103055489367825,0.09681349380229569,0.1040350209317979,0.07762758853761344,0.011730236912447414,0.02294007420314732,0.04318953586140257,0.16137215659372722,0.18068622243368115,0.0,0.08360149988135143,0.03529389364981866,0.012576929796385498,0.007237182919437307,0.0,0.0688732504526466,0.0,0.0,0.050066693392680287,0.19981526966596058,0.09963884504496406,0.156410832330637
please rate satisfaction following maintenance items 09 adequacy city street lighting,0.02542694531477933,0.03713335603464466,0.05724099469976223,0.010902347440348648,0.01029990928725109,0.015007268074319284,0.036391503272247175,0.017542839721801425,0.0501868535862983,0.024218697295932148,0.0133150902609201,0.010947247628807947,0.13500367288840207,0.07785558475987336,0.05390459214092298,0.06762731528328983,0.0956203664948275,0.09832402801751272,0.07259900170943517,0.21761750446213374,0.0,0.0,0.0,0.011094546670856355,0.04910824162198834,0.03333187980396498,0.03051760908777991,0.14251111174615214,0.33887758194374773,0.035326121588150856,0.05114655281739921,0.13522295092173114,0.036638448335201856,0.04092590675355236,0.08843182220345243,0.06598498319273957,0.00997093301616158,0.01949951607734705,0.03671195835918578,0.09692781501910828,0.1535868571348075,0.0,0.07106292580357398,0.03000050656167427,0.010690638687412672,0.006151748396389567,0.0,0.05854362294592215,0.0,0.0,0.04255767806610808,0.16984692502939994,0.0846949858870119,0.08992489529469738
please rate satisfaction following maintenance items 10 maintenance curbs gutters city streets,0.023246895963022172,0.03394962524237991,0.05233327999615531,0.009967604584857135,0.009416818129943343,0.013720578515977048,0.03327137727457109,0.016038755928406725,0.045883945145151546,0.022142240423634905,0.01217348423894015,0.010008655131704645,0.12342876029384331,0.0711804212675532,0.049282933121376965,0.06182910071133655,0.08742209039790816,0.08989394603605108,0.06637452587659193,0.3928020493539459,0.0,0.0,0.0,0.010143325083740206,0.04489781095528445,0.03047407907092746,0.02790109762384395,0.1302925281556251,0.613752093632825,0.03229733903031921,0.04676136191326909,0.20028262829582522,0.033497149820821574,0.03741701115545247,0.08084987579649318,0.06032757849649295,0.009116047547647891,0.017827671234888133,0.03356435725996292,0.08861744121353662,0.1404186639369978,0.0,0.0649701496791057,0.02742833031035912,0.009774047266310374,0.005624311264728807,0.0,0.05352422381351478,0.0,0.0,0.038908878049757636,0.22586109576345062,0.07743342745778363,0.0822149361443905
please rate satisfaction following maintenance items 11 quality landscaping median city streets,0.02420415382811334,0.03534759879686477,0.054488253458505914,0.01037804939865725,0.009804582725842946,0.014285562835557255,0.03464142201642222,0.01669919787657764,0.04777334867848666,0.02305401091677857,0.012674762497845127,0.010420790319948667,0.18658598313360794,0.13335568451735177,0.05131229976973474,0.06437509192846877,0.09102194664319886,0.09359558805328944,0.12481896354321277,0.3231378186035113,0.0,0.0,0.0,0.010561005694950915,0.046746607574441136,0.03172893700630332,0.029050005640965257,0.13565769809220404,0.4501707883931177,0.03362727494337475,0.04868689560796336,0.12872002769827823,0.03487649139722488,0.038957764306915554,0.08417910218529558,0.06281174021380487,0.00949142704895472,0.018561776920782796,0.034946466296151536,0.1394789611493661,0.23241907907217074,0.0,0.06764548263002534,0.028557770772331938,0.01017652180030111,0.005855908472478456,0.0,0.05572823781606749,0.0,0.0,0.04051106311542184,0.16167892170099268,0.08062197175087271,0.1360810536783769
two city maintenance services listed question 5 think receive emphasis city leaders next two years 1st,0.29606110943052183,0.6077143499795662,0.7618699063619668,0.0,0.0,0.0,0.08568198617896883,0.07215901230806843,0.0753969226290705,0.028605344725791102,0.0,0.0,0.09765674603418617,0.22343733191000187,0.031175844162763623,0.13673162010848883,0.19332909448552055,0.1095410385670278,0.12449741290971776,0.2535061006074795,0.0,0.0,0.0,0.07430672101948792,0.14467948437071848,0.03936916591757396,0.08990898067647776,0.04484232253640119,0.2488949673562107,0.0,0.08449823654208312,0.12386357752467185,0.10972203317642695,0.02702431490285704,0.09509430194203429,0.07095631141620264,0.0,0.15028645403392737,0.0,0.05292740046029084,0.048327399180346134,0.0,0.07641682773088464,0.0619050601502263,0.02205978187828585,0.025304004100291225,0.0,0.06295431687918766,0.0,0.0,0.06393542792846582,0.07964466497726583,0.026649991202976356,0.028295626280985794
two city maintenance services listed question 5 think receive emphasis city leaders next two years 2nd,0.4913260805124116,0.46378115410119336,0.9083077203048268,0.0,0.0,0.0,0.08577220250140569,0.07223499001366822,0.07547630959692676,0.028635463880566637,0.0,0.0,0.09775957082713568,0.22367259366429781,0.031208669849172838,0.13687558763862123,0.19353265465846173,0.10965637657558878,0.1246284987919026,0.2537730223856972,0.0,0.0,0.0,0.07438496009168588,0.14483182037031503,0.03941061852068089,0.09000364768820807,0.0448895379384848,0.2491570339775542,0.0,0.08458720647022301,0.12399399602856612,0.10983756175792829,0.027052769358870923,0.09519442868498808,0.07103102277333999,0.0,0.15044469372700242,0.0,0.05298312880692017,0.04837828409118238,0.0,0.0764972885777629,0.061970241259068956,0.02208300907554831,0.02533064720574034,0.0,0.06302060277198317,0.0,0.0,0.0640027468532289,0.07972852448025351,0.026678051525881166,0.02832541932685178
please rate satisfaction following water services 1 water pressure typical day,0.04010999899172101,0.029288199087034936,0.0,0.008656194386398686,0.0081778733837405,0.011915399905467382,0.04521430846511995,0.02767313473334872,0.010836098429595053,0.008222360283486054,0.010571852548416173,0.00869184402620481,0.044393256424738646,0.04886898608509326,0.5259215692455219,0.06764798896848934,0.09564959766195716,0.07788081135211375,0.08135557102843309,0.08551973102102434,0.0,0.0,0.0,0.008808795824693865,0.010603209842696418,0.011316328096643154,0.00658921196050774,0.06115389270729199,0.0602833240341812,0.20759013593516557,0.008096097085216065,0.026419632386772418,0.049989426595876754,0.03221421253314903,0.03362255414688646,0.025088069147495916,0.0079166743560408,0.0,0.007887809441986766,0.03608997467065925,0.06590667960827133,0.0,0.027018747450095634,0.0,0.0,0.009704139404944022,0.0,0.02225879873791999,0.0,0.0,0.009188844398591035,0.04691212595045874,0.03634402971331659,0.038588270985928035
please rate satisfaction following water services 2 taste tap water,0.04439381611244011,0.032416229299899485,0.0,0.00958069088714358,0.009051284375836799,0.01318798518091931,0.05004327464745105,0.030628673285697093,0.011993412444588621,0.009100522553257953,0.011700944647221032,0.00962014797001098,0.04913453283205099,0.05408827814507852,0.7625263588600042,0.07487291094829908,0.10586513977999011,0.0861986164239748,0.09004448643103422,0.09465338589802329,0.0,0.0,0.0,0.00974959042243323,0.01173565095465196,0.012524931468936445,0.007292951170630792,0.06768523399783127,0.0667216870878623,0.03104364936354475,0.008960774227487029,0.029241294725006854,0.055328383636253364,0.03565474603225163,0.03721350096108275,0.027767518233545774,0.008762188841158723,0.0,0.008730241104463923,0.0399444462554728,0.07294562674297299,0.0,0.02990439631114386,0.0,0.0,0.010740558242384644,0.0,0.02463607686100904,0.0,0.0,0.010170228839972671,0.05192242197059543,0.04022563481517574,0.042709564929181106
please rate satisfaction following water services 3 smell tap water,0.04439381611244011,0.032416229299899485,0.0,0.00958069088714358,0.009051284375836799,0.01318798518091931,0.05004327464745105,0.030628673285697093,0.011993412444588621,0.009100522553257953,0.011700944647221032,0.00962014797001098,0.04913453283205099,0.05408827814507852,0.7625263588600042,0.07487291094829908,0.10586513977999011,0.0861986164239748,0.09004448643103422,0.09465338589802329,0.0,0.0,0.0,0.00974959042243323,0.01173565095465196,0.012524931468936445,0.007292951170630792,0.06768523399783127,0.0667216870878623,0.03104364936354475,0.008960774227487029,0.029241294725006854,0.055328383636253364,0.03565474603225163,0.03721350096108275,0.027767518233545774,0.008762188841158723,0.0,0.008730241104463923,0.0399444462554728,0.07294562674297299,0.0,0.02990439631114386,0.0,0.0,0.010740558242384644,0.0,0.02463607686100904,0.0,0.0,0.010170228839972671,0.05192242197059543,0.04022563481517574,0.042709564929181106
please rate satisfaction following water services 4 clarity tap water,0.04500913082927023,0.0328655302318547,0.0,0.0097134828076518,0.009176738526220286,0.01337077553502188,0.05073689294985061,0.031053198029907806,0.012159645578579124,0.009226659162998401,0.011863124069328252,0.009753486780286686,0.04981555563665872,0.054837961692588234,1.0000000000000002,0.0759106771966818,0.10733246978696494,0.08739336114071036,0.09129253632902214,0.09596531684789569,0.0,0.0,0.0,0.009884723352992631,0.011898311419021352,0.01269853165326405,0.00739403417221477,0.06862337638427246,0.06764647435762332,0.031473925829733705,0.009084973873726043,0.02964658988904259,0.0560952555047042,0.03614893400435383,0.03772929385323085,0.028152386310119206,0.008883636020467529,0.0,0.008851245476321622,0.04049809105983858,0.07395668011918344,0.0,0.03031888230850805,0.0,0.0,0.010889426353582195,0.0,0.024977542001539933,0.0,0.0,0.010311191974633486,0.05264208595016979,0.04078317699701751,0.043301535301445926
please rate satisfaction following water services 5 city keeps informed tap water quality issues,0.058474584454145564,0.05699357687619668,0.014625136957325067,0.008394379666283782,0.007930525931092787,0.011555007456770882,0.2087466476919097,0.04034343292828683,0.03864190767764702,0.018647446454738325,0.010252096949996533,0.00842895104928889,0.12646435349010007,0.13248450951820948,0.6681079514223036,0.07931462077406072,0.11214541158471679,0.10283474955615267,0.14726188385881459,0.12791535164396414,0.0,0.0,0.0,0.008542365530913105,0.037811418795270654,0.02566423933894285,0.023497361333575745,0.07603667004729736,0.07495423457147776,0.027199727248718,0.039380838422184365,0.03956147097008349,0.06901609275460666,0.03123986345298732,0.06808903258850323,0.050805847476779444,0.007677227113032433,0.015013862120763711,0.007649235245383881,0.09293590723590153,0.15168455758667354,0.0,0.05471566400318993,0.0230992126821706,0.008231372235036184,0.014147233444366974,0.0,0.045076292123021694,0.0,0.0,0.03276774193420537,0.04549322468999105,0.25936227125486794,0.08881110150480984
please rate satisfaction following water services 6 well city keeps informed disruptions water service,0.05940938706322974,0.05790470339145541,0.014858941375322116,0.008528576225129595,0.008057307102793267,0.011739731319615037,0.06084275176382256,0.040988382297535424,0.03925965565233132,0.01894555343166462,0.010415991863776657,0.008563700282759662,0.08076088042858226,0.17175866956778355,0.5181679143894886,0.08058258214788212,0.11393822164612764,0.10447871493165681,0.10383311883885304,0.12996026749201892,0.0,0.0,0.0,0.008678927862404495,0.038415890178401406,0.026074520115081032,0.02387300136396271,0.07725222853667875,0.07615248873084283,0.027634555067262284,0.04001039929634241,0.040193919522343705,0.14126256008672264,0.03173927881670293,0.0691775363531373,0.05161805399729383,0.007799958928962177,0.015253880884709367,0.007771519569960667,0.05562291705154917,0.08325615344818008,0.0,0.05559037471632146,0.023468487718233767,0.008362962879304702,0.014373397868767252,0.0,0.045796903237710074,0.0,0.0,0.03329158269237121,0.046220501087640434,0.2386276982640641,0.12189085676214925
please rate satisfaction following water services 7 charged water,0.05118988125618722,0.03737869536676745,0.0,0.011047359110173106,0.010436907952259418,0.015206879122753338,0.05770419196190564,0.0353174898179126,0.013829434201826366,0.010493683798000546,0.01349219372264372,0.011092856514171493,0.056656334631843275,0.06236842826454664,0.6712007817627414,0.0863348942798926,0.12207159485414844,0.09939440502287486,0.10382902331496928,0.1091434800816351,0.0,0.0,0.0,0.01124211477465133,0.013532213074702355,0.014442321268638926,0.008409398811001247,0.07804688568269573,0.07693583337349233,0.035795992862016235,0.010332541980774343,0.033717723228817505,0.06379837636086713,0.04111298319089589,0.042910361445386666,0.032018332408146145,0.010103555981471809,0.0,0.010066717498299543,0.046059375825743015,0.08411257013078839,0.0,0.03448233628594171,0.0,0.0,0.012384785747192496,0.0,0.02840751166647199,0.0,0.0,0.011727146982540317,0.059871010153227724,0.04638361037555813,0.04924779504629139
please rate satisfaction following water services 8 overall quality water service,0.05104539653750836,0.03727319306529459,0.0,0.011016177663097862,0.010407449518827768,0.015163957326528836,0.057541320438518395,0.03521780532059472,0.013790400278302714,0.01046406511332591,0.013454111668797553,0.011061546649536841,0.16815902901932123,0.2869845653755772,0.6693063007881778,0.08609121188395635,0.12172704472806174,0.09911386183161189,0.2586358512742483,0.10883541988246592,0.0,0.0,0.0,0.011210383624847681,0.013494018065235234,0.01440155745605796,0.008385663072772335,0.07782659639807733,0.07671868006177314,0.035694957777902346,0.010303378122904494,0.033622554112662954,0.1555123649061225,0.08279632885364732,0.04278924587821398,0.03192795986503738,0.010075038442305555,0.0,0.010038303936672347,0.13670668895936228,0.1753948447948537,0.0,0.03438500903033175,0.0,0.0,0.012349829380022475,0.0,0.028327330755112665,0.0,0.0,0.011694046817212755,0.0597020227313637,0.13523707299710633,0.2406492484079452
dissatisfied none,0.0,0.0,0.0,0.0,0.0,0.0,0.0,0.0,0.0,0.0,0.0,0.0,0.0,0.0,0.0,0.0,0.0,0.0,0.0,0.0,0.0,0.0,0.0,0.0,0.0,0.0,0.0,0.0,0.0,0.0,0.0,0.0,0.0,0.0,0.0,0.0,0.0,0.0,0.0,0.0,0.0,0.0,0.0,0.0,0.0,0.0,0.0,0.0,0.0,0.0,0.0,0.0,0.0,0.0
please rate satisfaction following items concerning trash service 1 timeliness trash service,0.0,0.0,0.029883184214353025,0.008518379482694016,0.008047673808432895,0.011725695328921034,0.012158379707049357,0.0,0.0106635773660714,0.00809145243413435,0.010403538532359735,0.008553461546096736,0.06850516887517569,0.19458844574214415,0.04211751407012059,0.03892428058214542,0.05503625213009021,0.049111022717124295,0.0330754362037969,0.053928064949748306,0.0,0.0,0.0,0.008668551359962135,0.010434396588487651,0.011136161316957632,0.006484305396342095,0.0943692372374117,0.09302582477407959,0.02760151526871861,0.007967199466889022,0.025999006540035785,0.14990101522732255,0.03197682024972781,0.03308725088829293,0.02468864306261836,0.007790633319375389,0.0,0.02868431725988036,0.13944998738833755,0.10170346985518097,0.0,0.02658858311784513,0.0,0.0,0.0,0.0,0.021904417347240024,0.0,0.0,0.009042549196632674,0.07239214622558765,0.6617260799331895,0.295217370737378
please rate satisfaction following items concerning trash service 2 professionalism employees pick trash,0.0,0.0,0.030287019543954668,0.008633495146452945,0.008156428450563503,0.01188415401270778,0.012322685600330298,0.0,0.010807682801739521,0.008200798691790695,0.010544129855630465,0.008669051301790973,0.06943093392262452,0.20640057688526314,0.04268668166800795,0.03945029546615659,0.055780000950817255,0.04977469918157943,0.033522410983501366,0.0546568379522351,0.0,0.0,0.0,0.008785696416208773,0.010575404921310573,0.011286653156905888,0.006571932992791866,0.09564452409274357,0.09428295702409803,0.0279745165839765,0.008074866594984688,0.026350351875261725,0.15953687225356478,0.03240894855481516,0.033534385329262846,0.025022280409866687,0.007895914368134055,0.0,0.029071951343047377,0.14133448641682012,0.103077870052161,0.0,0.026947895872135832,0.0,0.0,0.0,0.0,0.11327417215186232,0.0,0.0,0.00916474838427839,0.07337043910167074,0.600930510279825,0.2251625595033605
please rate satisfaction following items concerning trash service 3 overall effort employees ensure trash removed,0.0,0.0,0.026684710183035063,0.007606635427278989,0.0071863105914425456,0.01047066401299163,0.010857037069767,0.0,0.009522227266240085,0.007225403478287375,0.009290021057418558,0.007637962567245378,0.09570946859018599,0.2170835747615937,0.03760956826184736,0.034758114763379394,0.04914558057526265,0.0438545436991774,0.09579744738538977,0.04815600551780357,0.0,0.0,0.0,0.00774073402245538,0.009317576296468011,0.009944229341925709,0.005790273519666327,0.08426865516777499,0.08306903159409049,0.02464725413045543,0.007114449625560689,0.023216266030795484,0.14056170807483784,0.05741660269588594,0.029545837363723577,0.0220461541250996,0.006956781806738582,0.0,0.025614161040793545,0.15260118372509984,0.09081788601333307,0.0,0.02374273871177543,0.0,0.0,0.0,0.0,0.09980144961800974,0.0,0.0,0.008074701909178843,0.06464382870650938,0.5294564056951336,0.22840242282089326
please rate satisfaction following items concerning trash service 4 city efforts keep informed trash removal issues,0.019237537472783752,0.02809438252858007,0.043307434962548845,0.00824850625305383,0.00779271314059873,0.011354210203772329,0.1738075255946445,0.01327257491410242,0.037970407556048344,0.018323400274971043,0.010073941036836315,0.008282476871518911,0.10214118070425457,0.14192754362085297,0.04078317699701751,0.05116552522688824,0.07234452903535983,0.07439006731030742,0.05492700749468977,0.0964201201409413,0.0,0.0,0.0,0.008393920491900016,0.03715435050219748,0.025218258773474892,0.02308903571144629,0.10782116446017405,0.10628625435188978,0.026727063727358516,0.03869649752447937,0.03887399112854346,0.0965268178726078,0.03096375341325383,0.0669058147710981,0.049922968374557584,0.007543816025180679,0.014752958587639477,0.027775561157305388,0.1544381334417115,0.11620086026379949,0.0,0.053764842026749374,0.022697805892052836,0.008088331485007476,0.004654294443693726,0.0,0.044292978423958754,0.0,0.0,0.032198320184200484,0.07009866982644686,1.0,0.2254967399249314
please rate satisfaction following items concerning trash service 5 city efforts keep informed disruptions trash service,0.017878072675999085,0.026109028421328,0.04024701554275981,0.007665606602152607,0.007242023157482494,0.010551838845735509,0.025587420440627152,0.012334637905068044,0.035287141443374484,0.017028535084119095,0.009362042841766463,0.00769717660879335,0.09492313943125363,0.2090543672381487,0.0379011400675549,0.047549795799285616,0.06723213663052746,0.0691331222422664,0.05104546427808008,0.08960637076065796,0.0,0.0,0.0,0.0078007448096230345,0.03452875293667772,0.02343615256121943,0.02145739594020102,0.10020173408145176,0.09877529192346485,0.02483833434553569,0.035961920595502905,0.03612687120612404,0.15365000562676973,0.02877562861811349,0.062177761608879,0.04639504708254076,0.00701071492873514,0.013710406864130569,0.02581273729496246,0.14352440781585266,0.107989259423088,0.0,0.04996542590379391,0.02109381327511046,0.007516750952200249,0.00432538803043664,0.0,0.04116291331051566,0.0,0.0,0.029922951890937965,0.06514498622399478,0.8001411840674065,0.27530481325590306
please rate satisfaction following items concerning trash service 6 quickly city personnel respond trash service requests,0.016950051332274833,0.024753751704536076,0.03815785917105402,0.007267697573125036,0.00686610164828584,0.010004110248707978,0.024259219536084113,0.011694367141520896,0.033455443977325444,0.016144611839325786,0.008876074598126657,0.007297628832652761,0.08999583540906023,0.19820269892290462,0.035933754232873046,0.04508156411731541,0.0637422270128607,0.0655445355885579,0.0483957781956442,0.08495505145423209,0.0,0.0,0.0,0.007395820978543923,0.03273642217048524,0.02221962043352609,0.020343577813710167,0.09500042689409455,0.0936480290020747,0.02354901726796496,0.034095196453658105,0.034251584749420645,0.14567428658427933,0.02728193307158281,0.058950216284292534,0.043986756506930194,0.006646800249197747,0.012998722197016662,0.024472840563150265,0.1360742918994259,0.10238371460548923,0.0,0.04737180283673687,0.01999886812668201,0.0071265687750986795,0.004100864252908686,0.0,0.039026214192309686,0.0,0.0,0.028369700680626924,0.06176341715063209,0.5731798817093353,0.2610141932678501
please rate satisfaction following items concerning trash service 7 charged trash service,0.0,0.0,0.030401614043118988,0.008666160990343908,0.008187289256523808,0.011929119106585753,0.012369309930026388,0.0,0.010848574940234522,0.008231827377775109,0.010584024810569031,0.008701851676575847,0.06969363402382885,0.197964272557731,0.04284819174659568,0.03959956029706106,0.05599105114223896,0.0499630276077387,0.03364924696654882,0.05486363852440604,0.0,0.0,0.0,0.008818938131497533,0.01061541820913702,0.011329357536050227,0.006596798673905107,0.09600640639418007,0.09463968767645647,0.028080361456320327,0.00810541880207552,0.026450051529483796,0.15250158004995681,0.0325315716218585,0.03366126661865527,0.025116955149563556,0.007925789488435924,0.0,0.029181948488823016,0.14186924206228987,0.10346787729194273,0.0,0.02704985640432085,0.0,0.0,0.0,0.0,0.022284427163231903,0.0,0.0,0.009199424287251914,0.07364804478387134,0.6732060659965544,0.3003389631976155
please rate satisfaction following items concerning trash service 8 overall quality trash service,0.0,0.0,0.031525984535608474,0.008986669489888905,0.008490087207989648,0.012370304548444665,0.012826775348739139,0.0,0.011249797636209159,0.008536272523013453,0.010975463408924436,0.009023680157171816,0.1633622056232177,0.29821119748983865,0.04443288532201157,0.041064106786284436,0.05806181901852717,0.051810855617064215,0.16141959473100903,0.05689271027631895,0.0,0.0,0.0,0.009145096926753684,0.011008017858052397,0.011748361451247994,0.006840774068215183,0.09955709848199054,0.09813983316514356,0.029118882957025714,0.008405188864197796,0.027428277798075915,0.15814168443464502,0.06783341157770811,0.0349061918016458,0.02604587830447556,0.008218916156574049,0.0,0.030261210982835476,0.2211695512628153,0.181953555342011,0.0,0.028050265801136415,0.0,0.0,0.0,0.0,0.023108592364093676,0.0,0.0,0.009539654947433534,0.07637183728604185,0.6981038571104698,0.39062638463689503
please rate satisfaction following items concerning trash service 9 bulky item pick upremoval services old furniture appliances etc,0.031045933023328465,0.022669645726435404,0.023504388360365402,0.006700065766955398,0.0063298358446050515,0.009222755340574049,0.0349967695734414,0.02141955395347732,0.008387354638149994,0.006364269585433642,0.008182823096514621,0.006727659293695579,0.0538822128988909,0.10526358534529046,0.05169711217131549,0.05236088226060734,0.07403468155993644,0.06028128929993917,0.06297082205723092,0.06619396430301099,0.0,0.0,0.0,0.006818182300280507,0.008207094262869382,0.00875906190451188,0.005100180462349613,0.0742253966441174,0.073168745919087,0.02170975922635837,0.006266539371139436,0.020449318329576516,0.09458299460221145,0.041248167247029704,0.02602452232254926,0.019418662029848426,0.0061276626278618344,0.0,0.022561428791926918,0.10968331342846843,0.07999408081568268,0.0,0.020913045245476936,0.0,0.0,0.0075111959508430744,0.0,0.017228750739680866,0.0,0.0,0.007112347417892663,0.056939484993346806,0.31546548957136467,0.17473849597846028
dissatisfied none,0.0,0.0,0.0,0.0,0.0,0.0,0.0,0.0,0.0,0.0,0.0,0.0,0.0,0.0,0.0,0.0,0.0,0.0,0.0,0.0,0.0,0.0,0.0,0.0,0.0,0.0,0.0,0.0,0.0,0.0,0.0,0.0,0.0,0.0,0.0,0.0,0.0,0.0,0.0,0.0,0.0,0.0,0.0,0.0,0.0,0.0,0.0,0.0,0.0,0.0,0.0,0.0,0.0,0.0
please rate satisfaction following items concerning recycling service 1 timeliness recycling pickups,0.0,0.0,0.030143642146370317,0.008592624566092303,0.008117816282630388,0.01182789495848289,0.012264350557159034,0.0,0.010756519714140832,0.00816197647711765,0.01049421441590561,0.008628012400179273,0.06910225098295032,0.10979730027049464,0.04248460482382762,0.03926353952968479,0.05551594091803741,0.04953906797911524,0.033363717387368805,0.05439809492291828,0.0,0.0,0.0,0.008744105321836016,0.010525341426821863,0.011233222645041695,0.006540821755575615,0.0951917471881786,0.0938366257172141,0.027842086472103997,0.008036640537232471,0.026225610486568005,0.07953011532314712,0.032255526040081056,0.033375635047112356,0.024903826052164506,0.007858535462229862,0.0,0.028934326024048402,0.14066541527160703,0.10258990401987551,0.0,0.0268203257368535,0.0,0.0,0.0,0.0,0.022095333388963766,0.0,0.0,0.009121362874821237,0.07302310672045867,0.2110634941223254,0.6350174838805499
please rate satisfaction following items concerning recycling service 2 professionalism employees pick items recycled,0.0,0.0,0.06180034237925659,0.008808277671662479,0.008321552903302215,0.012124745153732916,0.012572154682093061,0.0,0.011026481105289592,0.00836682140678291,0.010757592608668728,0.008844553650723263,0.09649986988582987,0.21057909478800763,0.04355086076212782,0.04024895489027986,0.056909250374948754,0.05078237306879714,0.03420106216050648,0.05576334927762629,0.0,0.0,0.0,0.008963560210570229,0.010789500828692813,0.011515148071939072,0.006704979809232128,0.13293331385298168,0.13104091463635076,0.02854085229936429,0.00823833985236891,0.026883806862238842,0.16276664848248468,0.05451199028735427,0.034213278923313946,0.025528848987522564,0.008055764791246612,0.0,0.05129461585250692,0.16505903854133147,0.14326468745512183,0.0,0.02749344795848299,0.0,0.0,0.0,0.0,0.115567373863785,0.0,0.0,0.00935028597228205,0.10197526414764659,0.237370797654971,0.4626453805061782
please rate satisfaction following items concerning recycling service 3 overall effort employees ensure recycling pickup complete,0.0,0.0,0.025421172417862528,0.007246456468529168,0.00684603427731867,0.009974871504244092,0.010342949554428339,0.0,0.009071343832358943,0.006883276091450352,0.008850132733176645,0.007276300248768175,0.0911775652185999,0.20680453133078616,0.03582873161401709,0.033112296227278064,0.046818506508419205,0.041778003547223705,0.09126137816266598,0.04587578845064255,0.0,0.0,0.0,0.007374205411110506,0.008876383214373059,0.00947336384505971,0.005516100436556426,0.08027848148799942,0.07913566084299373,0.02348019118736848,0.006777575973246168,0.022116961271815866,0.13390602303005034,0.05469789054362574,0.028146823431901124,0.02100225489880831,0.006627373824542552,0.0,0.024401314449008952,0.1453754219565017,0.08651760214501003,0.0,0.022618505141121,0.0,0.0,0.0,0.0,0.0950757883780578,0.0,0.0,0.007692359708915989,0.06158290286936284,0.17799711956327816,0.5641311277264821
please rate satisfaction following items concerning recycling service 4 well city keeps informed curbside recycling issues,0.018648541070893483,0.027234215771474436,0.04198148961200046,0.00799596142963808,0.007554123351896867,0.011006577926731211,0.168486054104776,0.012866207993217397,0.03680786617254437,0.017762392045740996,0.009765506808601766,0.008028891968411347,0.0990139203672836,0.13758214272741368,0.0395345169466924,0.049598988433803455,0.07012955389321618,0.07211246384655154,0.05324530525880111,0.09346802172849185,0.0,0.0,0.0,0.008136923515313144,0.03601679436793008,0.024446150404587853,0.022382117844416925,0.10451999984882467,0.10303208414054006,0.02590876022095718,0.03751172541734669,0.037683784693119005,0.09357145269173071,0.030015735020815323,0.06485735694631335,0.04839447499093735,0.007312846728739299,0.014301266704639942,0.026925155766008256,0.14970969535339032,0.11264313419367436,0.0,0.05211872185431279,0.02200286632298707,0.00784069073843557,0.004511793737220675,0.0,0.0429368586525159,0.0,0.0,0.03121250301491699,0.06795245623941769,0.4098877832759,0.7242411787194565
please rate satisfaction following items concerning recycling service 5 quickly city personnel respond requests curbside recycling,0.017503165959741065,0.025561516936867593,0.03940302767506433,0.007504857317180914,0.007090156501034608,0.010330564700371435,0.025050847178578216,0.012075978111195027,0.034547163115485266,0.01667144333900934,0.009165718953678376,0.007535765294544988,0.09293258244303598,0.12913198239476686,0.037106345672058456,0.046552667186771285,0.06582226544206318,0.06768338700993863,0.04997503080691222,0.08772730746191794,0.0,0.0,0.0,0.00763716164974089,0.033804678165611786,0.022944691811636272,0.021007430107911475,0.09810048392050641,0.09670395453640036,0.024317469566900757,0.035207792015474734,0.035369283579201195,0.08782438579678946,0.028172198000675622,0.060873881663231794,0.04542213377876488,0.0068636988515445784,0.013422896923369836,0.02527143909396136,0.140514672627263,0.105724703317116,0.0,0.048917641050722334,0.02065147184314235,0.007359123199618064,0.004234683788854172,0.0,0.04029971888567275,0.0,0.0,0.029295461677787724,0.06377888299192216,0.19323471838416245,0.679758995506118
please rate satisfaction following items concerning recycling service 6 overall quality citys curbside recycling program,0.0,0.0,0.030339098034297324,0.00864834043002254,0.008170453418575847,0.01190458879993018,0.012343874442041875,0.0,0.010826266598127935,0.008214899954374575,0.01056226047307406,0.00868395772412299,0.15721196481282793,0.19993622933068006,0.042760081361093674,0.039518130197417206,0.055875914589219824,0.04986028671147402,0.155342489103524,0.054750820313336196,0.0,0.0,0.0,0.008800803409661892,0.010593589316188545,0.011306060542191182,0.0065832334229448215,0.09580898472635142,0.09444507644491891,0.02802261872851551,0.008088751317493445,0.02639566127071643,0.08004580049589241,0.06527962739854856,0.03359204766080995,0.02506530618818024,0.007909491382523684,0.0,0.02912194052521381,0.21284298640650176,0.17510338961738214,0.0,0.026994232743708657,0.0,0.0,0.0,0.0,0.022238602838143558,0.0,0.0,0.009180507157092954,0.07349659947537959,0.21243206141264614,0.9766180977932544
please rate satisfaction following items concerning recycling service 7 household hazardous waste disposal service oil paint etc,0.0,0.0,0.025021823519051394,0.007132619688563955,0.006738487850862372,0.009818173225914354,0.010180469026499668,0.0,0.008928839343948948,0.047267263946081946,0.008711103316939214,0.007161994643818067,0.05736082987147525,0.16293302993687858,0.03526588721484203,0.03259212513453256,0.04608302040609524,0.04112170023292856,0.027694763769837677,0.04515511179188297,0.0,0.04757724740545026,0.0,0.0506384618208947,0.008736941421373977,0.009324543902478954,0.005429446343705752,0.07901736250208137,0.07789249477280354,0.023111333750723988,0.006671104979027867,0.021769519226902862,0.16447306373692677,0.026774869346246503,0.02770465645557934,0.02067232411400719,0.00652326240138171,0.0,0.02401798680799469,0.11676443009339686,0.08515847092256051,0.0,0.02226318419162326,0.0,0.0,0.0,0.05193500224759647,0.018341032910644053,0.0,0.0,0.007571518099861946,0.06061547839175723,0.23281542555798954,0.417741633112263
dissatisfied none,0.0,0.0,0.0,0.0,0.0,0.0,0.0,0.0,0.0,0.0,0.0,0.0,0.0,0.0,0.0,0.0,0.0,0.0,0.0,0.0,0.0,0.0,0.0,0.0,0.0,0.0,0.0,0.0,0.0,0.0,0.0,0.0,0.0,0.0,0.0,0.0,0.0,0.0,0.0,0.0,0.0,0.0,0.0,0.0,0.0,0.0,0.0,0.0,0.0,0.0,0.0,0.0,0.0,0.0
please rate satisfaction following transportation items 1 ease northsouth travel [city name] car,0.02316562384308619,0.033830935933541896,0.05215032066191747,0.009932757422613044,0.009383896540166822,0.013672610800006913,0.033155059148977234,0.015982683767309998,0.04572353295511531,0.02206483022563585,0.012130925229226354,0.009973664455032987,0.12299724818891081,0.07093157153967761,0.04911063792730854,0.06161294359098213,0.08711645911590069,0.08957967304341666,0.06614247775987489,0.11610801212214658,0.0,0.0,0.0,0.010107863595287439,0.0447408463315934,0.03036754041677206,0.027803554220370317,0.12983702003136327,0.12798869873495158,0.032184426183139075,0.046597882237538184,0.04681161801698082,0.03338004238496942,0.03728619972053621,0.08056722125143075,0.3789102071113693,0.009084177464398368,0.017765344951108753,0.033447014864094474,0.0883076309351157,0.13992775441880276,0.0,0.0647430113202737,0.027332439721173666,0.14861207950170724,0.0056046484374682815,0.0,0.05333710088991364,0.0,0.0,0.03877285098582341,0.084412020997882,0.07716271695891044,0.08192750929129648
please rate satisfaction following transportation items 2 ease eastwest travel [city name] car,0.02316562384308619,0.033830935933541896,0.05215032066191747,0.009932757422613044,0.009383896540166822,0.013672610800006913,0.033155059148977234,0.015982683767309998,0.04572353295511531,0.02206483022563585,0.012130925229226354,0.009973664455032987,0.12299724818891081,0.07093157153967761,0.04911063792730854,0.06161294359098213,0.08711645911590069,0.08957967304341666,0.06614247775987489,0.11610801212214658,0.0,0.0,0.0,0.010107863595287439,0.0447408463315934,0.03036754041677206,0.027803554220370317,0.12983702003136327,0.12798869873495158,0.032184426183139075,0.046597882237538184,0.04681161801698082,0.03338004238496942,0.03728619972053621,0.08056722125143075,0.3789102071113693,0.009084177464398368,0.017765344951108753,0.033447014864094474,0.0883076309351157,0.13992775441880276,0.0,0.0647430113202737,0.027332439721173666,0.14861207950170724,0.0056046484374682815,0.0,0.05333710088991364,0.0,0.0,0.03877285098582341,0.084412020997882,0.07716271695891044,0.08192750929129648
please rate satisfaction following transportation items 3 ease travel bicycle [city name],0.027322436137848363,0.03990151928516742,0.06150811286175699,0.011715079731516923,0.011067731897900276,0.016126008000096954,0.03910436396535359,0.018850597743521703,0.05392810992809899,0.026024117408447327,0.014307684183841703,0.011763327073719035,0.14506772973332085,0.08365944930632505,0.05792299303255542,0.07266869771918014,0.10274853407239701,0.1056537442098093,0.0780110061716551,0.13694229724992563,0.0,0.0,0.0,0.011921606749854359,0.052769091172698256,0.035816656150549256,0.032792591286851705,0.1531348221901741,0.15095484029434852,0.03795956176179375,0.054959351417341346,0.05521143969364897,0.03936971792858465,0.04397679154198376,0.09502410866880645,0.446901408997413,0.01071423158370854,0.02095313755335718,0.03944870787059019,0.10415344836178364,0.1650362260872718,0.0,0.07636042112019845,0.032236940556048845,0.17527885624846165,0.006610339960843374,0.0,0.06290784753796187,0.0,0.0,0.045730205761699824,0.09955881475946855,0.09100870413044869,0.09662848519456113
please rate satisfaction following transportation items 4 ease pedestrian travel [city name],0.026189351611261024,0.038246769545384154,0.05895731941890212,0.01122924547045223,0.010608743698800563,0.015457248814483118,0.03748267293064372,0.018068847517723988,0.051691665615471095,0.024944875257241185,0.013714332424202962,0.011275491954582157,0.1390516483327212,0.08019002121310671,0.05552087754008297,0.06965506538649095,0.09848746549492524,0.10127219411170815,0.07477582379074854,0.13126318440411794,0.0,0.0,0.0,0.011427207638729455,0.0505807123477576,0.03433130913853562,0.03143265480145306,0.14678419164500728,0.14469461544148302,0.036385346642346786,0.05268014064828401,0.052921774610643305,0.03773702244067417,0.04215303681624199,0.09108337854349276,0.42836802973026966,0.010269903341507748,0.020084193224038135,0.03781273660300212,0.09983411680093608,0.15819203426036457,0.0,0.07319368989687483,0.030900047376235515,0.16800989388906423,0.006336203573907586,0.0,0.06029900591466901,0.0,0.0,0.04383373546582972,0.09543002653867512,0.08723449622619346,0.0926212202182927
please rate satisfaction following transportation items 5 reliability traffic signal timing progression,0.0,0.0,0.029706799005179613,0.008468099829224161,0.008000172490705915,0.011656484524327389,0.012086614987049818,0.0,0.010600635702600744,0.008043692713487646,0.010342131745619366,0.008502974821082993,0.06810081777072731,0.022972335512815086,0.04186891584592083,0.03869453038808448,0.054711401177981026,0.04882114537498618,0.03288020875777037,0.053609755061877984,0.0,0.0,0.0,0.00861738531842219,0.010372807662365958,0.011070430231234277,0.0064460318457233235,0.09381222371668851,0.0924767407325796,0.027438597588686442,0.007920173148193753,0.02584554765245637,0.007738896060542628,0.03178807737386856,0.03289195370620409,0.02454291858293871,0.007744649180678034,0.0,0.028515008351445815,0.055363291326993455,0.10110316609653894,0.0,0.026431644260150933,0.0,0.11839448262393662,0.0,0.0,0.021775126733231124,0.0,0.0,0.008989175636436808,0.07196485227448388,0.05575302070386569,0.05919576580184611
two transportation services listed question 10 think receive emphasis city leaders next two years 1st,0.2510904512303018,0.5298632620001325,0.6907290324333418,0.0,0.0,0.0,0.05973310913337665,0.05030558171412354,0.03508067753444126,0.013309493797563748,0.0,0.0,0.04543772739296409,0.161569069322775,0.029010991372112625,0.11013812977817959,0.15572773058235898,0.06788134784087307,0.08679324422552415,0.09323609681532702,0.0,0.0,0.0,0.06914685713502258,0.10030620456228634,0.018317684146724352,0.062333845375154365,0.02086423426767772,0.020567217218757806,0.0,0.03931533655484822,0.017383407866793463,0.07649260333874255,0.025147744593246688,0.04424547349502907,0.03301455010400449,0.0,0.12112926317919809,0.0,0.0246260590424656,0.022485770607171586,0.0,0.035555218944685475,0.02880318423026666,0.1566088189856951,0.017640660608368455,0.0,0.029291382364567485,0.0,0.0,0.029747873679399135,0.0,0.012399706978582229,0.013165388010353617
two transportation services listed question 10 think receive emphasis city leaders next two years 2nd,0.43270939913990736,0.3958313611083895,0.8268622257168411,0.0,0.0,0.0,0.05978756033119435,0.05035143901539233,0.03511265619652198,0.01332162639688997,0.0,0.0,0.04547914728083795,0.1617163516170094,0.029037437061161953,0.11023852892329078,0.15586968805932053,0.06794322676787089,0.08687236276094162,0.0933210884928924,0.0,0.0,0.0,0.06920988966841918,0.10039764117200256,0.018334382086234054,0.06239066733862661,0.020883253578138982,0.020585965775958098,0.0,0.03935117542543568,0.017399254143577535,0.07656233206936479,0.025170668643834087,0.04428580655427827,0.033044645336358154,0.0,0.1212396815646894,0.0,0.024648507537644342,0.0225062680693191,0.0,0.03558763018676373,0.02882944048755941,0.15675157964065356,0.01765674139027245,0.0,0.029318083650983463,0.0,0.0,0.02977499109180029,0.0,0.012411010239158617,0.013177389246473738
please answer either yes following questions 1 sidewalkstrails,0.0,0.0,0.0,0.011008099338349696,0.01039981758336118,0.015152837374082772,0.01571198511177927,0.0,0.01378028757539774,0.5410717758587242,0.01344424557126513,0.011053435055045108,0.011899142096725289,0.012138768682028114,0.011471795435651093,0.0,0.0,0.013376658586935696,0.0,0.01468870475864358,0.0,0.0,0.0,0.011202162886017697,0.013484122703756655,0.014390996582625505,0.008379513742977348,0.016391653095456465,0.01615830638515453,0.014498777840960752,0.010295822504519837,0.013656997314813159,0.010060171505018907,0.0,0.01738037550935375,0.01296867753363377,0.010067650268759677,0.0,0.010030942701078547,0.009673535384849143,0.017665587274763313,0.0,0.013966695522997383,0.0,0.0,0.0,0.0,0.011506153838345549,0.0,0.0,0.011685471401065814,0.012574298388998366,0.009741632147655773,0.010343177246006741
please answer either yes following questions 2 bike lanes bike facilities,0.0,0.0,0.0,0.007684170698152723,0.007259561445071218,0.010577392641994109,0.010967704041799297,0.0,0.009619288375250445,0.3776935289061786,0.009384715263023114,0.007715817159099619,0.008306160420834258,0.008473431039374878,0.008007852366914385,0.0,0.0,0.0093375363714999,0.0,0.010253406263056734,0.0,0.0,0.0,0.007819636175047082,0.009412551375652495,0.01004559196447124,0.005849294413998965,0.01144214423752411,0.011279257266876435,0.010120828348305862,0.08917031066898708,0.009533225978951823,0.007022472519660826,0.0,0.012132318950520055,0.00905274642195225,0.007027693048239726,0.0,0.007002069440811591,0.006752582336611173,0.012331410167192988,0.0,0.009749409883498272,0.0,0.0,0.0,0.0,0.008031836146775481,0.0,0.0,0.008157008233142736,0.00877745124391798,0.0068001170774701,0.007220023827608391
please answer either yes following questions 3 streets,0.0,0.0,0.0,0.012451286179096214,0.011763257303620935,0.017139408790827156,0.017771862067679316,0.0,0.015586914594217707,0.6120075153372275,0.015206816719639528,0.01250256551128233,0.01345914666811766,0.013730188843339562,0.012975773888569892,0.0,0.0,0.015130368928063364,0.0,0.1557706528525708,0.0,0.0,0.0,0.01267079189890081,0.01525192183482721,0.01627768894021708,0.009478087038331756,0.018540636068659824,0.1713554718380639,0.016399600566468487,0.011645628233599718,0.015447460700275637,0.01137908285251343,0.0,0.019658982238032925,0.014668900631477938,0.01138754209917718,0.0,0.01134602208594983,0.010941757858303224,0.019981585914072432,0.0,0.015797761047386533,0.0,0.0,0.0,0.0,0.013014636755942003,0.0,0.0,0.013217463258659842,0.014222817484697508,0.01101878226147349,0.011699191289316017
please answer either yes following questions 4 public transportation,0.0,0.0,0.0,0.011448042737275281,0.01081545074174762,0.01575842700157609,0.016339921317792893,0.0,0.014331022663059237,0.5626959408319371,0.0139815505964848,0.011495190315281411,0.012374696400645356,0.01262389976493343,0.01193027064745782,0.0,0.0,0.10642834488178167,0.0,0.015275745127621651,0.0,0.0,0.0,0.01164986211763923,0.014023021435634352,0.01496613891700018,0.008714404594169629,0.017046752523175227,0.01680408001177876,0.015078227699429734,0.010707299455095035,0.01420280505447126,0.010462230562596039,0.0,0.01807498965128376,0.013486976278798624,0.010470008218328854,0.0,0.010431833617003174,0.010060142364494682,0.018371600026901237,0.0,0.014524880484023306,0.0,0.18794337152210777,0.0,0.0,0.011966002198413246,0.0,0.0,0.012152486264233221,0.013076835602946672,0.010130960643556224,0.010756546749082116
please answer either yes following questions 5 rideshare applications uber lyft etc,0.0,0.0,0.0,0.007819551460736129,0.007387461384187757,0.010763746581575579,0.011160934540612243,0.0,0.009788762303785654,0.3843477847751207,0.009550056450620835,0.007851755473328394,0.008452499482794838,0.008622717097802008,0.008148935797081912,0.0,0.0,0.009502046354981636,0.0,0.010434052166628838,0.0,0.0,0.0,0.007957403586793563,0.009578382983661626,0.010222576567517445,0.005952348077100489,0.011643733488116592,0.011477976752706082,0.010299138476176757,0.007313588970279735,0.009701183648504984,0.007146195393901665,0.0,0.012346067792906047,0.009212238937439016,0.007151507898461821,0.0,0.007125432850839288,0.006871550248966038,0.012548666625663474,0.0,0.009921176310431433,0.0,0.0,0.0,0.0,0.008173342126432705,0.0,0.0,0.00830071951161127,0.008932093571583338,0.006919922463342859,0.007347227187612739
please rate satisfaction following code enforcement items 1 enforcing cleanup debris private property,0.0,0.0,0.03215333842230543,0.009165500448413763,0.008659036387112424,0.012616468427302317,0.013082022805316779,0.0,0.01147366389686974,0.00870614077055916,0.011193870533374799,0.009203247612472626,0.07370934311152678,0.024864250031297608,0.04531708112793284,0.04188126531045412,0.05921722489613983,0.05284186994138283,0.03558809817915114,0.05802485137967635,0.0,0.0,0.0,0.009327080524910282,0.011227072802404044,0.011982148922990113,0.006976902606718498,0.1015382430394397,0.10009277473644963,0.029698336530592305,0.008572448601841216,0.027974089037137807,0.008376242220048269,0.03440602299218491,0.03560081039704025,0.026564180372672434,0.008382469145361416,0.0,0.03086339640561888,0.059922802248035235,0.10942963981079787,0.0,0.02860845434092172,0.0,0.0,0.0,0.0,0.0235684436724433,0.0,0.0,0.009729490084929732,0.5399773145607001,0.060344628259834825,0.06407090480069662
please rate satisfaction following code enforcement items 2 enforcing mowing cutting weeds private property,0.0,0.0,0.030125099483237595,0.008587338869626648,0.008112822661356248,0.011820619106722196,0.012256806222608526,0.0,0.010749902911812458,0.00815695569099043,0.010487758968955577,0.008622704935120318,0.0690597431879245,0.023295808227779886,0.04245847069870266,0.03923938682168215,0.055481790652255294,0.049508594347395976,0.03334319391613844,0.05436463229274507,0.0,0.0,0.0,0.008738726442980153,0.010518866832295868,0.011226312602041898,0.006536798212108774,0.095133190611221,0.0937789027343132,0.02782495959580094,0.008031696850684009,0.02620947797483166,0.007847867206212063,0.032235684265466504,0.033355104244812014,0.02488850662742615,0.007853701335846425,0.0,0.028916527263771488,0.05614286004541738,0.10252679651541995,0.0,0.026803827389943944,0.0,0.0,0.0,0.0,0.022081741590008377,0.0,0.0,0.009115751928463865,0.5059154388941433,0.056538077189067525,0.06002929946966414
please rate satisfaction following code enforcement items 3 enforcing exterior maintenance residential property,0.0,0.0,0.0345782008879413,0.00985672192359064,0.009312062584514003,0.013567946632657887,0.01406861106120995,0.0,0.012338956842859452,0.009362719372065304,0.0120380627023204,0.009897315811685072,0.07926817551425563,0.02673940171368879,0.04873469480263197,0.04503976496392109,0.06368312588855912,0.05682696988192221,0.038271995022600605,0.14392780776684222,0.0,0.0,0.0,0.010030487654265426,0.012073768939518845,0.012885789558976514,0.007503069719919172,0.10919580789753064,0.28700879865074724,0.031938053619966086,0.00921894473173537,0.10588444578908364,0.009007941333082805,0.03700077295717384,0.03828566593969568,0.02856753327712197,0.009014637865541245,0.0,0.03319097715394045,0.06444191476128458,0.11768233888422212,0.0,0.030765977339623288,0.0,0.0,0.0,0.0,0.025345871374790836,0.0,0.0,0.010463245162142983,0.6504913652567377,0.0648955530237938,0.06890284884799841
please rate satisfaction following code enforcement items 4 enforcing exterior maintenance business property,0.0,0.0,0.034682793229848415,0.00988653659303676,0.009340229765243164,0.013608987036054794,0.014111165877264171,0.0,0.012376279790836641,0.009391039779738247,0.012074475503962125,0.00992725326975853,0.07950794634971953,0.02682028321054553,0.04888210778915647,0.04517600150531284,0.06387575497583396,0.05699886042887972,0.03838776037435628,0.14436316143167502,0.0,0.0,0.0,0.010060827931298052,0.01211028974559323,0.012924766569714096,0.007525765048575567,0.10952610400840852,0.28787694452381074,0.03203466002915703,0.009246830249045228,0.1062047256727163,0.009035188606092821,0.03711269310907838,0.0384014726433204,0.028653944516898344,0.009041905394261349,0.0,0.03329137341347883,0.06463683903752741,0.11803830510308053,0.0,0.030859038445706876,0.0,0.0,0.0,0.0,0.025422537713023902,0.0,0.0,0.010494894446586767,0.6524589752981924,0.06509184946767509,0.06911126658345085
please rate satisfaction following code enforcement items 5 enforcing sign regulations,0.0,0.0,0.037946284142433825,0.010816814097345476,0.010219102316203044,0.014889529961975633,0.015438961516480578,0.0,0.013540830649279322,0.010274693318765439,0.013210627970698953,0.010861362025592796,0.08698927747178532,0.02934394818615814,0.05348168872546476,0.049426854930020636,0.06988616897324999,0.062362190360371134,0.04199987161078353,0.06847897001725456,0.0,0.0,0.0,0.011007505446839675,0.013249812167319831,0.014140927504850348,0.008233904836611511,0.11983200534552206,0.11812611246983569,0.03504897381870916,0.01011691433621755,0.033014075157203004,0.009885358190591657,0.04060482639547165,0.04201487414102674,0.03135014856600438,0.009892706997554184,0.0,0.03642393813750093,0.070718867535615,0.12914516531148398,0.0,0.03376273166531808,0.0,0.0,0.0,0.0,0.027814681282645963,0.0,0.0,0.011482415619636437,0.4934635008884383,0.07121669234908173,0.07561431808099442
please rate satisfaction following code enforcement items 6 professionalism code enforcement employees,0.0,0.0,0.03233913646492577,0.009218463286069518,0.00870907262255937,0.012689372680906912,0.013157617264555152,0.0,0.011539964455328802,0.008756449198651494,0.01125855430608699,0.009256428572088363,0.07413527249693247,0.12759899015773918,0.045578945848175886,0.04212327617150199,0.05955941158700857,0.053147216648295754,0.03579374397852107,0.058360147941049934,0.0,0.0,0.0,0.009380977052920215,0.011291948434403601,0.01205138776180172,0.0070172186333424015,0.10212498170278017,0.10067116076225562,0.029869948346572087,0.00862198448983413,0.028135737290234344,0.0934483980891086,0.03460483817094918,0.03580652965395198,0.026717681469579757,0.008430907237203635,0.0,0.03104174051923669,0.06026906611711725,0.11006197890462556,0.0,0.02877376827346346,0.0,0.0,0.0,0.0,0.120949138156506,0.0,0.0,0.009785711936288716,0.48060483980741875,0.06069332965021834,0.06444113847735353
two code enforcement services think receive emphasis city leaders next two years 1st,0.18406125865110085,0.3978257873820202,0.5710713261352938,0.0,0.0,0.0,0.06593068821763287,0.05552501237119255,0.03872045581659177,0.014690413719170988,0.0,0.0,0.050152096241536555,0.17833258790108492,0.032021012379722935,0.05636940218815256,0.07970245268123663,0.07492434338711773,0.09579843419254509,0.10290976175431618,0.0,0.0,0.0,0.07632115496983284,0.11071342502068023,0.020218226371745033,0.06880126255706792,0.023028992536289743,0.022701158630910153,0.0,0.043394479781408875,0.0191870147202016,0.08442905542420091,0.02775693634918422,0.048836140632303265,0.03643995836031738,0.0,0.133696969747,0.0,0.02718112357306718,0.02481877057369304,0.0,0.03924423303527475,0.031791644311038425,0.01132890812724606,0.019470958592268273,0.0,0.03233049520040278,0.0,0.0,0.032834349544984445,0.2520728854008344,0.01368623242044019,0.01453135630754868
two code enforcement services think receive emphasis city leaders next two years 2nd,0.3845156908461843,0.2497667211082793,0.7212981438329772,0.0,0.0,0.0,0.06600392927171916,0.05558669397264644,0.03876346957961132,0.014706732999537125,0.0,0.0,0.050207809180270686,0.1785306939283222,0.03205658386794796,0.05643202180499694,0.0797909925070059,0.07500757530892449,0.09590485471521457,0.10302408210543668,0.0,0.0,0.0,0.07640593858107958,0.11083641430183641,0.02024068638621256,0.0688776924735207,0.02305457497344459,0.0227263768840796,0.0,0.04344268582212585,0.01920832918272076,0.08452284593635767,0.027787770962493727,0.04889039170284586,0.0364804387653203,0.0,0.13384549097826776,0.0,0.02721131852773184,0.024846341238691155,0.0,0.03928782865170188,0.03182696099896364,0.011341493179750705,0.019492588482231822,0.0,0.032366410486768256,0.0,0.0,0.032870824552843826,0.252352908017501,0.013701436176324465,0.014547498894286973
please rate satisfaction following parks recreation items 01 maintenance city parks,0.02977547135513842,0.043483916972403884,0.06703037179349013,0.012766871124121311,0.012061403764643706,0.01757381687551937,0.04261519226312245,0.02054302296865643,0.058769828733409524,0.02836058829192689,0.015592242156774771,0.012819450160209184,0.15809205333802323,0.0911704770335791,0.06312337637622363,0.07919296494778286,0.4002650810986466,0.11513944138840748,0.08501491111299433,0.2548345343993282,0.0,0.0,0.0,0.01299194034150526,0.05750675213301454,0.03903231080372854,0.03573674241916655,0.7831989714192577,0.3968325573186219,0.04136760859058981,0.05989365609888485,0.671843097954259,0.042904369966431787,0.047925071184825474,0.10355546670291974,0.07726976058672341,0.011676165844198248,0.022834330872715254,0.04299045170320166,0.11350444750200073,0.17985334095500202,0.0,0.0832161349105024,0.035131204818675515,0.07371492983545648,0.07763221267241596,0.0,0.06855577602706059,0.0,0.0,0.049835908659545604,0.19889421196150198,0.09917955519166385,0.10530388573277666
please rate satisfaction following parks recreation items 02 number city parks,0.029521126584560284,0.043112473418941005,0.06645779229232161,0.01265781535575629,0.011958374162298243,0.01742369974158474,0.04225116943473366,0.020367542607602714,0.058267811538523506,0.028118329580501783,0.015459051813392372,0.012709945256960235,0.1567416167132963,0.0903916905691088,0.0625841707834377,0.1895512336297439,0.5538414592925159,0.11415590986156317,0.08428870604961006,0.1479623146156943,0.0,0.0,0.0,0.012880962011519738,0.1684692793917237,0.03869889327296641,0.10469280597240077,0.9119949218613665,0.16310247469874703,0.04101424273482061,0.05938203906895233,0.5687623644753423,0.0425378769559348,0.047515690890217926,0.10267088653602607,0.07660971529996202,0.01157642697902786,0.02263927795221384,0.04262322337471999,0.1125348822408781,0.17831701744235956,0.0,0.08250529515620383,0.03483111088823308,0.07308525023463476,0.07696907128714177,0.0,0.06797016638490123,0.0,0.0,0.049410205818325004,0.1075705093899622,0.09833235445685796,0.10440437041232258
please rate satisfaction following parks recreation items 03 number walking biking trails,0.0,0.0,0.03792396960373793,0.010810453205305676,0.010213092912140806,0.014880774085082569,0.01542988254308516,0.0,0.01353286788306053,0.01026865122408261,0.01320285938213458,0.010854974936878113,0.08693812290837705,0.02932669230242436,0.053450238499452976,0.7055695694413882,0.325984308653769,0.06232551790241097,0.04197517333580188,0.0684387005505376,0.0,0.0,0.0,0.01100103241761455,0.10842950515520665,0.01413261184809675,0.06738195346881237,0.5466759235142165,0.1180566477049114,0.035028363060628245,0.010110965024406377,0.2922781290521049,0.009879545046752886,0.040580948485148705,0.041990167043717705,0.031331712924172556,0.009886889532205652,0.0,0.03640251882345227,0.07067728088380396,0.12906922072682017,0.0,0.03374287728960643,0.0,0.20204007296892917,0.14578187153858485,0.0,0.02779832469343512,0.0,0.0,0.011475663316651907,0.09187098447460329,0.0711748129484202,0.07556985263029445
please rate satisfaction following parks recreation items 04 maintenance walking biking trails,0.0,0.0,0.03816146441805573,0.010878152515359766,0.010277051317078992,0.014973963345467736,0.01552651053661552,0.0,0.013617616024635825,0.010332957557022963,0.013285540880674624,0.010922953059527072,0.08748256362945674,0.029510347584708767,0.05378496491655302,0.6145646381391585,0.19310351372718454,0.06271582481005164,0.042238038381352414,0.15884273252569803,0.0,0.0,0.0,0.011069925209656762,0.013324947277345373,0.01422111582227878,0.008280596468011731,0.4336623845979511,0.3167508943821023,0.03524772444784232,0.010174283864341544,0.3777642230124453,0.009941414643763418,0.0408350823462931,0.042253125985764695,0.03152792443422638,0.009948805123272902,0.0,0.03663048571455072,0.07111988981623839,0.12987750295389058,0.0,0.033954188459301426,0.0,0.2033053273744116,0.14669481495863615,0.0,0.027972408736598224,0.0,0.0,0.011547528434070765,0.16946999394798257,0.07162053762233785,0.07604310077140376
please rate satisfaction following parks recreation items 05 city swimming pools,0.026117173636546545,0.03814136127082533,0.058794832772672154,0.011198297617765397,0.010579505951879207,0.015414648564937135,0.03737937050990506,0.018019049690018572,0.0515492031448791,0.024876127065140134,0.013676535660326056,0.011244416646370204,0.1386684213438923,0.0799690171420863,0.05536786174363649,0.06946309570267335,0.22465171346381968,0.10099308747423295,0.07456974127297814,0.13090142245806086,0.0,0.0,0.0,0.01139571420138713,0.05044131166953282,0.03423669189104902,0.031346026258786394,0.4687465675827432,0.1442958364090855,0.03628506845795677,0.052534953935909186,0.32136164977658743,0.03763301903150418,0.04203686285093645,0.09083235232906006,0.06777618161028955,0.01024159944018532,0.020028841094202967,0.03770852452524899,0.09955897351121057,0.15775605627899417,0.0,0.07299196774746641,0.03081488670210721,0.03781947461307422,0.03720642139303021,0.0,0.060132821574223325,0.0,0.0,0.04371292948723751,0.0951670209421735,0.08699407754930887,0.09236595570505954
please rate satisfaction following parks recreation items 06 quality outdoor athletic fields,0.0,0.0,0.03634390900114318,0.010360047528252977,0.00978757559658208,0.014260782952465632,0.014787013408768847,0.0,0.012969035784111793,0.00984081913238723,0.012652776725458972,0.010402714310706112,0.14128989271927797,0.08724626671619246,0.05122329293086582,0.047339684461503606,0.18390637355575995,0.059728793550954715,0.09584096190841264,0.06558727714833065,0.0,0.0,0.0,0.010542686466687856,0.012690306273040668,0.013543792074579676,0.007886207961301787,0.413007899025739,0.11313794695016363,0.03356894472906127,0.009689702755287187,0.28010068134447325,0.009467924637206,0.03889018777134963,0.04024069278415572,0.030026311466451364,0.009474963122727022,0.0,0.034885847799053994,0.11486313598335951,0.20976041050566618,0.0,0.03233701731290607,0.0,0.024829623201256333,0.25412086896620456,0.0,0.026640137981306117,0.0,0.0,0.010997542389841117,0.08804328066071757,0.06820939242383026,0.1228144341487401
please rate satisfaction following parks recreation items 07 senior recreation opportunities,0.0,0.0,0.037154907799714414,0.01059122756170204,0.010005981163509498,0.014579006230010459,0.015116979294072791,0.0,0.013258434275595225,0.010060412806063658,0.012935118031195084,0.010634846435172884,0.08517510099002429,0.028731975053048604,0.05236631882344352,0.0483960492906642,0.1880101656932161,0.061061616055226614,0.04112395699776722,0.0670508292105808,0.0,0.0,0.0,0.010777942010001264,0.012973485034593621,0.013846016007075138,0.008062185321956567,0.5207189665911316,0.11566257188928375,0.0343180213857224,0.009905924331584966,0.36841384674246525,0.009679197329570916,0.03975800569258044,0.041138646647637986,0.030696335775725628,0.009686392875888593,0.0,0.035664310584971756,0.06924401327738185,0.12645182047117043,0.0,0.03305860403571344,0.0,0.025383685632585938,0.029213230743374705,0.0,0.027234601276267912,0.0,0.0,0.011242947848706776,0.0900079288452556,0.06973145586794852,0.0740373683518576
please rate satisfaction following parks recreation items 08 citys youth athletic programs,0.0,0.0,0.03800243719536309,0.01083282085922641,0.010234224581958957,0.014911563543996689,0.015461808149367045,0.0,0.013560868421022691,0.010289897848294469,0.013230177107285898,0.010877434709664253,0.08711800452932321,0.029387371470226374,0.053560831128090396,0.04949999697445889,0.19229880887771095,0.06245447416246744,0.04206202317758069,0.06858030545272135,0.0,0.0,0.0,0.011023794394491452,0.013269419288827211,0.014161853302160783,0.008246089399726288,0.43185521797946447,0.11830091593203898,0.03510083942100557,0.01013188538381921,0.29288287483982345,0.009899986580544608,0.04066491356915142,0.04207704790862416,0.03139654063288395,0.009907346262299114,0.0,0.0364778384171291,0.0708235175797911,0.129336274809217,0.0,0.03381269388167431,0.0,0.025962705229660186,0.1047957449191895,0.0,0.027855841551841558,0.0,0.0,0.01149940734113478,0.09206107256314675,0.0713220790762752,0.07572621243116254
please rate satisfaction following parks recreation items 09 citys adult athletic programs,0.0,0.0,0.03767494138947285,0.010739466230966154,0.010146028511535893,0.014783059298471075,0.015328562029009927,0.0,0.013444004139153523,0.010201221999136915,0.013116162643120167,0.010783695610038963,0.08636724265175706,0.029134118215621646,0.053099256848939035,0.049073417981185995,0.190641624285539,0.06191625662020456,0.041699542842251136,0.06798929697905488,0.0,0.0,0.0,0.010928794002526256,0.013155066645038876,0.014039809878044386,0.00817502659710857,0.42813359423430775,0.11728142727131059,0.034798348882451154,0.010044571247836209,0.29035888111189434,0.00981467089232097,0.040314473186280106,0.04171443809379896,0.031125972844721496,0.009821967150119404,0.0,0.03616348123450585,0.07021317764694583,0.1282216860966106,0.0,0.03352130426960359,0.0,0.025738964919833015,0.10389264055354727,0.0,0.02761578665139206,0.0,0.0,0.011400308231909635,0.09126771252165274,0.07070744266112176,0.07507362226070408
please rate satisfaction following parks recreation items 10 city recreation programs classes special population trips special events,0.015513254403280764,0.022655462222519157,0.03492335009499208,0.006651640114110705,0.006284086079776394,0.009156096599611103,0.1056024611349849,0.080939935253753,0.03061954229051308,0.01477608921624819,0.008123680609807147,0.006679034204816499,0.08236720128853808,0.04750053449771169,0.03288777480089863,0.04126015664141752,0.13344013527636828,0.05998855315523842,0.04429343631332922,0.07775370706658699,0.0,0.0,0.0,0.006768902943839913,0.029961469462746505,0.020336140450104727,0.0186191234415966,0.34028732837846515,0.08570981112657339,0.02155284893619039,0.031205065173360032,0.24242272172316184,0.02235351368121577,0.024969338443645996,0.05395321137496048,0.04025815206635088,0.006083374097944749,0.011896865703050867,0.022398362942074132,0.05913670850078731,0.09370500302872438,0.0,0.04335625978601258,0.018303633596444293,0.022464265821246738,0.02210012034755792,0.0,0.035718097679706184,0.0,0.0,0.02596489977381249,0.05652794698322121,0.051673327113492956,0.05486415141987859
please rate satisfaction following parks recreation items 11 ease registering programs,0.0,0.0,0.039013261249424724,0.011120962270829947,0.01050644397486082,0.015308195134661603,0.015873075656140885,0.0,0.013921572970666866,0.010563598090345318,0.013582085622805315,0.011166762801820275,0.08943524997511884,0.0301690440196747,0.054985491767129954,0.05081664378215012,0.19741375086371357,0.06411569616364203,0.0431808278629703,0.07040446799340606,0.0,0.0,0.0,0.011317015497224867,0.013622371604270088,0.014538543404806696,0.008465426529982844,0.443342103411616,0.12144759336293329,0.03603448408758597,0.010401382663857067,0.30067324505710363,0.010163315601234967,0.04174655663800836,0.043196252235738496,0.20317309555396323,0.010170871042627452,0.0,0.03744810977953285,0.07270734715616481,0.1327764809456759,0.0,0.034712075259045266,0.0,0.026653285331660972,0.030674370370521106,0.0,0.028596777048740862,0.0,0.0,0.011805279237932237,0.09450979831489661,0.07321916985351572,0.07774044843015629
please rate satisfaction following parks recreation items 12 fees charged recreation programs,0.0,0.0,0.03545195269779112,0.010105790076321716,0.00954736781520029,0.013910793212925305,0.014424108862169634,0.0,0.012650748248897208,0.009599304642159877,0.012342250855640608,0.010147409725799927,0.08127119215596955,0.027415075983653038,0.04996616511319772,0.04617786859979188,0.17939292264670886,0.05826292278020982,0.03923908480919567,0.0639776268140666,0.0,0.0,0.0,0.010283946669382866,0.012378859348843526,0.013211398805825038,0.007692663758326617,0.49685237471032995,0.11036130272822989,0.032745091911054784,0.009451896980187032,0.35152799566429105,0.08841875552455394,0.03793574040796586,0.03925310117481748,0.02928940235251782,0.00924242751184711,0.0,0.034029675397753735,0.06607028865602056,0.12065603774497771,0.0,0.03154339859613721,0.0,0.02422025179534838,0.027874273838777705,0.0,0.025986332717985453,0.0,0.0,0.010727639467299356,0.08588251256197915,0.06653538984149009,0.07064394547358203
please rate satisfaction following parks recreation items 13 special events sponsored city park concerts amp july 4th fireworks,0.015413194319707424,0.022509335086042977,0.034698095403853456,0.006608737210025218,0.006243553889561586,0.009097040016953054,0.1049213280334429,0.08041787479658685,0.030422047046709286,0.014680783828775641,0.008071283083175434,0.006635954609565241,0.08183593500292297,0.04719415729741165,0.03267564951695929,0.12113688205943493,0.24589592389542647,0.059601628562492265,0.044007744812110436,0.07725219769756804,0.0,0.0,0.0,0.0067252436975816145,0.029768218771402948,0.020204972878162742,0.018499030584276186,0.27663337669657695,0.08515698509526906,0.021413833626459974,0.031003793322335813,0.1896533531475676,0.0222093341049028,0.024808286866298445,0.05360521457822858,0.03999848804257161,0.006044136494742708,0.011820131231639355,0.022253894089206225,0.058755278283695686,0.09310060821957901,0.0,0.04307661304878778,0.01818557564034137,0.022319371896538563,0.04964029128661897,0.0,0.03548771688751365,0.0,0.0,0.025797426852025577,0.05616334320942025,0.05134003551038514,0.054510279083775315
please rate satisfaction following parks recreation items 14 quality citys indoor recreation facilities,0.0,0.0,0.03453495908279208,0.009844395589718868,0.009300417374946223,0.013550979222859277,0.014051017544988546,0.0,0.012323526347523022,0.009351010813599072,0.01202300849046494,0.009884938713084247,0.134257453256304,0.08290374739479171,0.04867374957926736,0.04498344043891621,0.1747527786736719,0.05675590485552544,0.0910706577506111,0.06232279341768375,0.0,0.0,0.0,0.010017944017478103,0.01205867007519125,0.01286967522141717,0.007493686748263094,0.4840008835924694,0.10750671779725463,0.031898113453733744,0.11423845819753428,0.342435437906883,0.00899667644266288,0.03695450160199924,0.038237787760262994,0.02853180811861629,0.009003364600765678,0.0,0.0331494701428772,0.1091460387814016,0.1993199794159454,0.0,0.030727502914604573,0.0,0.023593775266979686,0.027153283055821868,0.0,0.02531417506893393,0.0,0.0,0.010450160340003272,0.08366109146479045,0.06481439782234188,0.11670157599089276
please rate satisfaction following parks recreation items 15 condition restrooms public parks,0.0,0.0,0.0347906209159416,0.009917273516595309,0.009369268238485226,0.01365129693804121,0.014155037037079325,0.0,0.012414757245736074,0.009420236219677428,0.012112014659062836,0.009958116780152437,0.07975513399184789,0.026903666606449994,0.04903408068647567,0.04531645223766816,0.28801859960363857,0.1373222757712697,0.03850710668386588,0.23544152718347586,0.0,0.0,0.0,0.01009210672100868,0.012147940246016639,0.01296494925232766,0.007549162409505844,0.5886189961107617,0.10830258856930454,0.03213425475449632,0.009275578346202322,0.4291496404877592,0.009063278716204604,0.037228075275564175,0.03852086158383217,0.028743028706693097,0.009070016386651019,0.0,0.033394875220217696,0.06483779288641743,0.11840528238848193,0.0,0.030954978201441365,0.0,0.07169377977195132,0.05470859688315482,0.0,0.02550157556323526,0.0,0.0,0.010527522735100561,0.08428043338889413,0.0652942179293244,0.0693261312833404
please rate satisfaction following parks recreation items 16 quality [city name] parks recreation activity guide,0.019900918676308395,0.029063180396834164,0.04480083495553993,0.008532945153467815,0.008061434614396835,0.011745745224338574,0.02848255416306924,0.013730262221162628,0.03927976717125317,0.01895525865831511,0.010421327657328014,0.008568087204076626,0.1534130258322862,0.10964649503758842,0.0421895312706929,0.052929901137890534,0.267523651696466,0.07695531104030183,0.10262751015279775,0.09974504129748643,0.0,0.0,0.0,0.008683373811280662,0.03843556946211864,0.02608787729297675,0.02388523077124291,0.6028173368549469,0.10995139618357351,0.02764871140327435,0.04003089539823503,0.4495315974189044,0.028675830766079838,0.032031497766395946,0.06921297388584655,0.051644496345104235,0.00780395460897982,0.01526169498060367,0.028733364889470873,0.11468111972026239,0.19109749608620366,0.0,0.05561885196234932,0.023480509905565015,0.04926856762024143,0.051886747068708015,0.0,0.04582036358830978,0.0,0.0,0.033308636950339886,0.0725159303526828,0.06628826253261397,0.11188732322028998
please rate satisfaction following parks recreation items 17 condition maintenance [city name] memorial cemetery located intersection harold northgate,0.015856298845486828,0.023156442236061708,0.03569560979252982,0.006798727766603403,0.006423046013518981,0.009358565273762038,0.022693821226958927,0.01093975331223441,0.03129663192835417,0.01510283273191586,0.008303319479318767,0.006826727622567835,0.08418858640139522,0.048550913350379206,0.033615021841957075,0.04217254207985889,0.13639089567672003,0.061315079441788295,0.04527289663535439,0.2540709765508695,0.0,0.0,0.0,0.006918583628134336,0.030624007142612587,0.020785833324080613,0.01903084793533259,0.2845861409745932,0.21132480307073206,0.022029446872965243,0.031895102472956904,0.24738951107698612,0.02284781670963104,0.025521485179333094,0.05514627820801873,0.04114838018746824,0.006217895689605036,0.012159940977458825,0.022893657721754133,0.060444397954862464,0.09577710084007131,0.0,0.04431499633269673,0.018708381666334036,0.022961017910646402,0.02258882009167554,0.0,0.03650793162277652,0.0,0.0,0.026539061347412428,0.10591691482845093,0.052815978888276646,0.05607736186120037
please rate satisfaction following parks recreation items 18 quality services provided [city name] memorial cemetery,0.06767933035266625,0.06596519074725521,0.05101109785892506,0.009715776518012467,0.00917890549152527,0.01337393286663837,0.06931222319810201,0.04669407316362015,0.044724703212273856,0.021582824412092375,0.011865925389012091,0.009755789937055847,0.17467904072169171,0.21052509386021528,0.07496606838702204,0.09179989000817157,0.23949582567098424,0.18203971821716675,0.22421847292118136,0.21724940507900017,0.0,0.0,0.0,0.009887057499540894,0.04376348336010641,0.029704162050647385,0.027196186085907206,0.40669011037841585,0.1251927879471842,0.031481357980610594,0.04557995235058115,0.27881719858345405,0.12727358139079487,0.05981403596458308,0.07880723177373632,0.05880342318506819,0.00888573377349639,0.017377261314911508,0.03271636543487576,0.17615006099087827,0.21758730798483622,0.0,0.06332870141969599,0.026735363074346544,0.032812627053807344,0.06503236561435674,0.0,0.0521719528945022,0.0,0.0,0.03792585876373468,0.08256804193990308,0.07547709881534582,0.12739707194358035
please rate satisfaction following parks recreation items 19 professionalism parks recreation employees,0.0,0.0,0.03327421756296529,0.009485013717344141,0.008960894102073553,0.013056283917165932,0.013538067720078846,0.0,0.011873640731624223,0.009009640564490306,0.011584093651712108,0.009524076763699795,0.07627888236372887,0.13128849510029814,0.04689685397405985,0.04334126414648053,0.27546486073206894,0.05468396014653766,0.03682871451518588,0.06004762253634881,0.0,0.0,0.0,0.00965222654447179,0.011618453366051966,0.01239985176341251,0.007220120418056591,0.651170664870529,0.10358205170854233,0.030733633254441825,0.008871287829543831,0.48393616944839235,0.09615044397675836,0.03560543168121393,0.03684186988643208,0.027490219071279198,0.00867468560789031,0.0,0.03193930761541649,0.062011736784397836,0.1132444038960337,0.0,0.029605757305114513,0.0,0.04546491046844006,0.05232403755175662,0.0,0.12444636366334604,0.0,0.0,0.010068664274005204,0.08060693954438919,0.06244826783153167,0.06630444396764312
two parks recreation items listed question 15 think receive emphasis city leaders next two years 1st,0.19594996805760134,0.47824466232116236,0.7036108795614537,0.0,0.0,0.0,0.019343754580844405,0.01629077811020703,0.03393110406044254,0.012873349398499384,0.0,0.0,0.07344617180417015,0.1265827921794,0.0,0.07367044142147669,0.21847371175301916,0.032937251273671406,0.028106811112494377,0.054251839842057954,0.0,0.0,0.0,0.06688095469642913,0.09701922836494564,0.017717424252100388,0.06029120138387843,0.3522622096131223,0.05994892135711022,0.0,0.03802699575868163,0.2596384725585636,0.024771088726197574,0.024651090406684686,0.04279557496828419,0.03193268242860671,0.0,0.11715992741767792,0.02486623416061589,0.047799315627740285,0.06554108314439072,0.0,0.034390095023663754,0.027859320574118492,0.03419207337596088,0.03363782028552086,0.0,0.02833152073846287,0.0,0.0,0.028773053097438377,0.03117109303322698,0.03614242270132122,0.03837421475515486
two parks recreation items listed question 15 think receive emphasis city leaders next two years 2nd,0.3715527606455008,0.3485531915457126,0.835266337976322,0.0,0.0,0.0,0.019360249676428794,0.016304669826055104,0.033960038298747816,0.012884326953447779,0.0,0.0,0.07350880192176981,0.1266907337502885,0.0,0.07373326278161713,0.21866001192256387,0.03296533801897081,0.028130778772647184,0.05429810228196246,0.0,0.0,0.0,0.06693798642395041,0.0971019600517397,0.01773253251897413,0.06034261379844193,0.35256259591062483,0.060000041897532386,0.0,0.038059422706987096,0.2598598753583323,0.02479221189928997,0.02467211125301616,0.04283206825074084,0.03195991254294281,0.0,0.1172598337824603,0.024887438467545497,0.047840075774735154,0.06559697231661181,0.0,0.03441942065960484,0.02788307719043957,0.03422123015192223,0.03366650443050116,0.0,0.028355680016367214,0.0,0.0,0.028797588885416527,0.03119767371366852,0.036173242608315906,0.03840693778923372
please rate satisfaction following wastewater items 1 odor city wastewater treatment centers,0.01820529768088842,0.026586905824986524,0.04098366261296895,0.007805911332048719,0.007374574977024948,0.010744970710700049,0.026055750776370228,0.012560400604545855,0.035933007205338874,0.01734021087698236,0.009533397694730222,0.007838059169184092,0.09666053167299131,0.05574338872114868,0.038594850232441226,0.048420106735195194,0.06846269635787319,0.07039847599005099,0.05197975695048862,0.0912464494000985,0.0,0.0,0.0,0.007943522994091217,0.03516073780178543,0.0238651079232103,0.02185013382748295,0.1020357412207527,0.10058319068125393,0.025292954047835714,0.0366201369399577,0.03678810666596925,0.02623255960363044,0.2996441057140483,0.06331581036364146,0.04724422248212431,0.007139033079601193,0.01396135046607558,0.02628519163837111,0.06939880918197774,0.10996580278898195,0.0,0.05087995047430962,0.02147989645516986,0.0076543311551483945,0.004404556246443951,0.0,0.041916324192851726,0.0,0.0,0.030470636099200553,0.0663373445291649,0.060640293635880534,0.06438482749286929
please rate satisfaction following wastewater items 2 overall quality citys wastewater system,0.0,0.0,0.03422479961181363,0.009755982786886528,0.009216890056266714,0.013429277484718335,0.01392482494814733,0.0,0.012212848399320634,0.009267029113776965,0.011915029501868707,0.009796161791282931,0.17734699911698115,0.1273465276385491,0.04823660922002003,0.04457944285328487,0.06303226212529535,0.05624617842490502,0.17523808897542878,0.06176307059913377,0.0,0.0,0.0,0.009927972571173392,0.011950370808866401,0.01275409229430931,0.007426385729838616,0.10807978864644699,0.10654119684097696,0.031611635569966656,0.009124723900428847,0.029776304377616372,0.008915877030121776,0.4115188957554084,0.037894373077341906,0.028275563120876063,0.00892250512168232,0.0,0.032851753788325215,0.14417614794490619,0.19752988088932255,0.0,0.030451538318102947,0.0,0.0,0.0,0.0,0.0250868277271052,0.0,0.0,0.010356307146347384,0.0829097287714688,0.06423229783223702,0.15415661322501187
please rate satisfaction following wastewater items 3 charged wastewater services,0.04368910146959692,0.0319016488142854,0.03307633264831167,0.009428605444891354,0.008907602818476773,0.012978636963522236,0.049248879582819524,0.03014246875440332,0.01180302706870761,0.008956059381077346,0.01151520195262795,0.00946743617962076,0.07582524464564108,0.053229672038352514,0.07275028190135513,0.07368436620675398,0.10418461936740286,0.08483028559535347,0.08861510563767044,0.09315084268641748,0.0,0.0,0.0,0.009594823841542538,0.011549357326501294,0.012326108673788324,0.0071771816799777064,0.1044530014018002,0.10296603946352995,0.030550857434633517,0.00881852944291325,0.028777113666180708,0.05445009189367016,0.3845865891706413,0.03662276780643994,0.027326732141964166,0.008623096433241318,0.0,0.03174936153630546,0.06164294712862659,0.11257092872993668,0.0,0.029429689070106662,0.0,0.0,0.010570060877469048,0.0,0.024244999778061483,0.0,0.0,0.01000878497656516,0.08012756246145562,0.06207688208439202,0.06591012517679959
sewer backup home past year none,0.0,0.0,0.0,0.0,0.0,0.0,0.0,0.0,0.2148736783587863,0.1630447351861002,0.0,0.0,0.0,0.0,0.0,0.0,0.0,0.0,0.0,0.0,0.0,0.0,0.0,0.0,0.0,0.0,0.0,0.0,0.0,0.0,0.0,0.0,0.06802877534316676,0.3479583678252209,0.0,0.0,0.0,0.0,0.0,0.0,0.0,0.0,0.0,0.0,0.061034935559197555,0.0,0.0,0.0,0.0,0.0,0.0,0.0,0.0,0.0
backup caused problems citys system none,0.0,0.0,0.0,0.0,0.0,0.0,0.0,0.0,0.0,0.0,0.0,0.0,0.0,0.0,0.0,0.0,0.0,0.0,0.0,0.0,0.0,0.0,0.0,0.0,0.0,0.0,0.0,0.0,0.0,0.0,0.0,0.0,0.0,0.0,0.0,0.0,0.0,0.0,0.0,0.0,0.0,0.0,0.0,0.0,0.0,0.0,0.0,0.0,0.0,0.0,0.0,0.0,0.0,0.0
city respond promptly requests service none,0.026837547572722015,0.03919339097863824,0.020048412540687153,0.0,0.0,0.0,0.021986063549938692,0.01851605805439902,0.03856600884149076,0.014631817044259528,0.0,0.0,0.04995205108720857,0.1667808887189494,0.0,0.018797638736756266,0.026578566629719996,0.03743639822541769,0.03194613190126862,0.06166250680463886,0.0,0.0,0.0,0.0,0.03773715117101363,0.02013758052605007,0.023451208788705578,0.022937135192107095,0.02261060894062655,0.0,0.043221389201843735,0.019110482140141324,0.12414457642452104,0.0,0.048641344521637785,0.0362946077640275,0.0,0.02058128429869559,0.0,0.02707270433503982,0.024719774217374573,0.0,0.03908769683355318,0.03166483476828446,0.011283719723479886,0.006493026912971681,0.0,0.032201536305629636,0.0,0.0,0.032703380891344294,0.0,0.10658209433305052,0.11316353114427882
problem resolved satisfaction none,0.0,0.0,0.0,0.0,0.0,0.0,0.0,0.0,0.0,0.0,0.0,0.0,0.03491197979070092,0.0,0.03365814839060765,0.039413563772074015,0.05572806486499987,0.03924700036843223,0.03349119867113193,0.04309653246568639,0.0,0.0,0.0,0.0,0.0,0.0,0.0,0.048092968127697776,0.0474083309019158,0.0,0.0,0.0,0.0,0.0,0.0,0.0,0.0,0.0,0.0,0.028382068985748694,0.051830679969535824,0.0,0.0,0.0,0.0,0.0,0.0,0.0,0.0,0.0,0.0,0.03689288250114835,0.028581864297678918,0.030346792403092814
please rate [city name] regard following 1 place live,0.03604521621731259,0.052640214173317504,0.026926803311099055,0.015455158529609714,0.014601142712250081,0.021274290555680364,0.05158856432348338,0.02486871478307106,0.07114484128509369,0.03433240484558356,0.018875460715642136,0.015518808998872839,0.1081892804058725,0.11036801124371699,0.03962318699692237,0.05278522978886599,0.07463467974119342,0.09648293527527343,0.06630685992991436,0.13355251874581026,0.0,0.0,0.0,0.01572761999655693,0.06961580187486084,0.04725124467723815,0.1535835238344222,0.08742282125973631,0.08617829591336183,0.05007828014731476,0.07250531010509442,0.07283787841560356,0.05193863343630071,0.02038536726045189,0.9848672310523539,0.09354025648120512,0.014134786228017027,0.027642497533213312,0.014083249513066444,0.06977311130082996,0.09421718906423078,0.0,0.10073874364042522,0.042528692780721425,0.015155040380134661,0.008720713334506667,0.0,0.08299139047599358,0.2689068088148442,0.0,0.214176613403867,0.04343119429012937,0.051955770480445,0.05516403564482822
please rate [city name] regard following 2 place raise children,0.027034398521063388,0.03948087090436368,0.020195465806663832,0.01159157743365126,0.010951054047396668,0.015956004970748887,0.03869211932707736,0.018651871640855668,0.05335959092111739,0.02574976688130389,0.014156850223310745,0.011639316144434343,0.08114342010229443,0.08277749762829159,0.029717924883328126,0.03958963457272066,0.055977016851580214,0.07236350330063791,0.04973103962585363,0.10016619108340614,0.0,0.0,0.0,0.011795927210184066,0.052212790732114996,0.03543907106894227,0.032446886394549505,0.06556829554087257,0.06463488473871201,0.03755938581668748,0.054379960892922845,0.0546293916131487,0.03895467588517266,0.015289300505086088,0.567042603876017,0.07015645449952361,0.010601280391674139,0.0207322461301112,0.01056262716007634,0.05233077492416781,0.07066416307064377,0.0,0.07555541699812125,0.03189709342516506,0.011366484772050977,0.006540652669459344,0.0,0.06224466265977282,0.10972527082759885,0.0,0.04524811040913937,0.0325739817346733,0.038967528899511016,0.04137377106191819
please rate [city name] regard following 3 place work,0.035719506978959224,0.052164550385873934,0.026683489231780634,0.01531550371708311,0.01446920489716738,0.02108205331311194,0.05112240338017699,0.024643997858029267,0.07050196729238314,0.03402217279244017,0.01870489960994102,0.015378579032468961,0.10721166806734336,0.10937071161138742,0.03926514675157902,0.05230825562155385,0.07396027111657333,0.09561110298626325,0.06570770256281269,0.13234572090338315,0.0,0.0,0.0,0.015585503186955733,0.06898674448013425,0.046824276315548044,0.16053017304316075,0.08663285733344048,0.08539957767914994,0.0496257663272702,0.07185014274006798,0.07217970592028569,0.05146930922318843,0.02020116244381477,0.7492114992214702,0.0926950146185904,0.014007062470477078,0.02739271634828583,0.013955991447952159,0.06914263243777287,0.09336583035119395,0.0,0.09982845531628311,0.04214439800911398,0.0716307520494811,0.008641911840267998,0.0,0.08224146953173136,0.14497576389727804,0.0,0.05978458127280714,0.04303874439809014,0.05148629141478414,0.05466556627996018
please rate [city name] regard following 4 place would buy next home,0.027104135183767586,0.039582713901735365,0.020247561080247084,0.0116214785215216,0.010979302871270582,0.015997164330587597,0.0387919276979838,0.018699985131540763,0.05349723481177768,0.025816189768660312,0.014193368568196712,0.011669340376837352,0.08135273385173589,0.08299102656725074,0.02979458384440109,0.039691758131734894,0.05612141253104481,0.07255016878971246,0.04985932347628274,0.10042457507802342,0.0,0.0,0.0,0.011826355429125166,0.052347476390954176,0.03553048802958814,0.03253058485636419,0.06573743243166227,0.06480161384690492,0.03765627224151526,0.05452023688196334,0.05477031102194166,0.03905516153462549,0.015328740065447512,0.5685053203028168,0.07033742678933223,0.010628626955879397,0.020785726056966217,0.01058987401622365,0.05246576492947873,0.07084644502159941,0.0,0.07575031619761954,0.03197937366689864,0.0718203654326035,0.006557524629407704,0.0,0.06240522606352893,0.11000831297465714,0.0,0.04536483030624179,0.032658008045648695,0.03906804770399501,0.041480496895492686
1 talked connected neighbors past 6 months none,0.0,0.0,0.0,0.0,0.0,0.0,0.0,0.0,0.08091749817209719,0.06139966589747662,0.0,0.0,0.0,0.0,0.0,0.0,0.0,0.0,0.0,0.0,0.0,0.0,0.0,0.0,0.0,0.0,0.0,0.0,0.0,0.0,0.0,0.0,0.15782588904145808,0.0,0.0,0.0,0.0,0.0,0.0,0.0,0.0,0.0,0.0,0.0,0.0,0.0,0.0,0.0,0.0,0.0,0.0,0.0,0.0,0.0
2 volunteered time past 6 months none,0.0,0.0,0.0,0.0,0.0,0.0,0.0,0.0,0.10171418559652745,0.0771800556583972,0.0,0.0,0.0,0.0,0.0,0.0,0.0,0.0,0.0,0.0,0.0,0.0,0.0,0.0,0.0,0.0,0.0,0.0,0.0,0.0,0.0,0.0,0.19838887919838608,0.0,0.0,0.0,0.0,0.0,0.0,0.0,0.0,0.0,0.0,0.0,0.0,0.0,0.0,0.1962981584478243,0.0,0.0,0.0,0.0,0.0,0.0
3 able get help either family friends neighbors time need none,0.0,0.0,0.0,0.0,0.0,0.0,0.0,0.0,0.0,0.0,0.0,0.0,0.0,0.0,0.0,0.0,0.0,0.0,0.0,0.0,0.0,0.0,0.0,0.0,0.0,0.0,0.0,0.0,0.0,0.0,0.0,0.0,0.0,0.0,0.0,0.0,0.0,0.0,0.0,0.0,0.0,0.0,0.0,0.06180266080419546,0.0,0.0,0.0,0.12144669626122825,0.0,0.0,0.0,0.0,0.0,0.0
4 [city name] provide opportunities connect others none,0.028292124931299636,0.04131764689169913,0.02113502326314928,0.0,0.0,0.0,0.023177693677741234,0.019519616175462683,0.04065626105695603,0.015424851867197763,0.0,0.0,0.05265941927459906,0.05371988201403257,0.0,0.019816458344886132,0.028019107392182673,0.03946542629133291,0.03367759115743964,0.06500457395992286,0.0,0.0,0.0,0.0,0.03978247984800384,0.021229024094444465,0.02472224882106677,0.02418031277495689,0.023836089016239598,0.0,0.04556395995906053,0.020146257654175454,0.029680727397591606,0.0,0.051277673278586566,0.0382617515408184,0.0,0.02169677631860579,0.0,0.02854002703486954,0.026059569658381663,0.0,0.041206224193736485,0.03338104790557808,0.01189528988225967,0.006844944684543453,0.0,0.033946838311882714,0.0,0.0,0.03447588254279323,0.0,0.014370467145512272,0.0152578424786567
thinking life please check following obstacles barriers make difficult involved community inflexible demanding work schedule,0.0,0.0,0.0,0.006967155317701917,0.006582166653113371,0.009590408684024486,0.009944299852184783,0.04969855040737792,0.0604788003402279,0.0066179730509707616,0.1399185321001267,0.7444141962267425,0.1376250327395978,0.00768276922054235,0.007260634021955269,0.0,0.0,0.008466244275464897,0.0,0.00929665370231655,0.0,0.0,0.0,0.00708998041552756,0.00853425957674065,0.06315907445729696,0.058827752407722964,0.010374469699058475,0.010226781826376896,0.009176446726176832,0.006516346946705006,0.00864367394780487,0.006367200662334646,0.0,0.011000243723436809,0.008208028276710994,0.006371934059714593,0.0,0.11791129271048446,0.006122494122371658,0.011180757598445341,0.0,0.07747934960732429,0.02780240070466256,0.025753586996588296,0.0,0.0,0.007282379858423739,0.09153593914533226,0.0,0.007395872049242861,0.007958421085652595,0.006165593363078332,0.006546318318585663
thinking life please check following obstacles barriers make difficult involved community inadequate childcare,0.0,0.0,0.0,0.007863194025219348,0.007428692362901255,0.01082382131944593,0.01122322606817971,0.056090230058809226,0.06825691689109264,0.007469103784903216,0.15791331116615265,0.840152543346676,0.1553248472025699,0.008670842298953374,0.008194416724956041,0.0,0.0,0.00955507927801464,0.0,0.010492286810494269,0.0,0.0,0.0,0.008001815533041303,0.009631841957505388,0.07128189831640111,0.005985569386031804,0.011708719618348252,0.011542037759668203,0.010356620138305987,0.007354407651484392,0.009755327998736497,0.007186079816282419,0.0,0.012414973798892658,0.009263654384204829,0.007191421971050007,0.0,0.13307574326515662,0.006909901818918102,0.012618703378428497,0.0,0.08744388938226609,0.031378038975563724,0.0,0.0,0.0,0.00821895927117398,0.10330828249969738,0.0,0.008347047576380922,0.008981945468028467,0.006958544008816632,0.00738823361079677
thinking life please check following obstacles barriers make difficult involved community inadequate transportation,0.0,0.0,0.0,0.008209461627703947,0.0077558260296844185,0.011300464607909321,0.01171745774684706,0.0585602478941801,0.07126271312212357,0.007798017029573525,0.16486726187403725,0.8771499271035745,0.16216481099776828,0.00905267591068304,0.008555270218334143,0.0,0.0,0.009975851598084168,0.0,0.010954330477075329,0.0,0.0,0.0,0.008354187542591575,0.010055994637884263,0.07442090416458538,0.006249152957053839,0.012224330737367629,0.012050308791771538,0.010812689518462848,0.007678270079017821,0.010184918573093353,0.007502529673842391,0.0,0.012961685885414237,0.009671593369759122,0.007508107078448344,0.0,0.1389359342284588,0.00721418976203216,0.013174387004102589,0.0,0.09129461287086539,0.03275981822352444,0.11477840148728134,0.0,0.0,0.008580893532572114,0.10785761845443036,0.0,0.008714622399389017,0.009377478976789224,0.007264973984089853,0.007713585615440375
thinking life please check following obstacles barriers make difficult involved community feeling somewhat unwelcome,0.0,0.0,0.0,0.007278910115566304,0.00687669461192568,0.010019544505516566,0.010389271013146833,0.05192237933466466,0.06318500614666994,0.006914103215535241,0.1461793762615204,0.7777240173358545,0.14378325116682317,0.008026545131394147,0.007585520921796707,0.0,0.0,0.008845077838434565,0.0,0.00971264505942281,0.0,0.0,0.0,0.00740723118869309,0.008916136576455161,0.06598521275806203,0.00554080459056147,0.010838689392246973,0.010684393025740393,0.00958705925938159,0.00680792971363754,0.009030446841694139,0.0066521096768365475,0.0,0.011492464522612305,0.008575307615205094,0.006657054876491039,0.0,0.12318739314870615,0.006396453411422711,0.011681055735364697,0.0,0.0809462680086013,0.02904645676722867,0.0,0.0,0.0,0.007608239805160714,0.09563183867739447,0.0,0.00772681035772069,0.008314531412427351,0.006441481186008984,0.006839242195132709
thinking life please check following obstacles barriers make difficult involved community concerns safety,0.0,0.0,0.0,0.008180933507926412,0.007728874306906167,0.011261195162177544,0.011676739237735306,0.0583567493163331,0.07101507310529721,0.007770918691834031,0.16429434330672654,0.8741018053974177,0.16160128352646205,0.009021217596557343,0.008525540403568435,0.0,0.0,0.08635532162153989,0.0,0.010916263857593473,0.0,0.0,0.0,0.008325156496017854,0.010021049761774032,0.07416228934131915,0.0062274369673639245,0.012181850829757248,0.012008433615522729,0.0107751151054637,0.00765158786544132,0.010149525682529479,0.007476458163324867,0.0,0.012916643647052339,0.009637984299322517,0.007482016186286341,0.0,0.13845312778476976,0.007189120241159488,0.01312860562311893,0.0,0.09097736141527242,0.032645976894999665,0.0,0.0,0.0,0.008551074676038405,0.10748281006896887,0.0,0.008684338831123494,0.009344891962488753,0.007239727986557033,0.007686780679339699
thinking life please check following obstacles barriers make difficult involved community lack information,0.0,0.0,0.0,0.008214714448703907,0.007760788592114004,0.011307695206028133,0.08844803660917214,0.18782585592109263,0.2058891567628684,0.007803006587898855,0.23062225094829125,0.8777111711614864,0.16226857209238002,0.009058468262031515,0.008560744304833499,0.0,0.0,0.009982234643056333,0.0,0.010961339601397965,0.0,0.0,0.0,0.008359532966414892,0.010062428962350939,0.07446852235271512,0.006253151475272623,0.01223215247088923,0.01205801917741532,0.010819608013870266,0.007683183017300926,0.010191435389492505,0.007507330164691948,0.0,0.012969979415355838,0.009677781735215914,0.0075129111379981855,0.07182093092901949,0.13902483233482196,0.0072188057586953045,0.013182816630776672,0.0,0.09135302769529832,0.03278077958115338,0.0,0.0,0.0,0.008586384014139652,0.10792663111188783,0.0,0.008720198447322752,0.00938347915325996,0.007269622475018785,0.007718521150356458
thinking life please check following obstacles barriers make difficult involved community feeling cant make difference,0.0,0.0,0.0,0.007085379029152579,0.006693857599508768,0.009753145648718426,0.010113041897208023,0.05054187121981188,0.06150504820097801,0.006730271586124461,0.14229277056780906,0.8398467596391431,0.1399603534576037,0.007813135984315175,0.00738383769151888,0.0,0.0,0.008609905608484172,0.0,0.009454406020822625,0.0,0.0,0.0,0.007210288311736864,0.0086790750423988,0.06423080314047395,0.00539348611636788,0.010550511175992233,0.01040031722907397,0.009332159286099458,0.006626921016897224,0.008790346035347186,0.006475243910909821,0.0,0.011186903784902974,0.008347308014611948,0.0064800576279870495,0.0,0.19505345716354883,0.006226385014059199,0.011370480749407679,0.0,0.0787940750373844,0.028274171872185186,0.0,0.0,0.0,0.0074059525270089984,0.09308918691481827,0.0,0.007521370535096068,0.00809346530888708,0.006270215593736328,0.006657400964611119
thinking life please check following obstacles barriers make difficult involved community inadequate healthcare,0.0,0.0,0.0,0.007863194025219348,0.007428692362901255,0.01082382131944593,0.01122322606817971,0.056090230058809226,0.06825691689109264,0.007469103784903216,0.15791331116615265,0.840152543346676,0.1553248472025699,0.008670842298953374,0.008194416724956041,0.0,0.0,0.00955507927801464,0.0,0.010492286810494269,0.0,0.0,0.0,0.008001815533041303,0.009631841957505388,0.07128189831640111,0.005985569386031804,0.011708719618348252,0.011542037759668203,0.010356620138305987,0.007354407651484392,0.009755327998736497,0.007186079816282419,0.0,0.012414973798892658,0.009263654384204829,0.007191421971050007,0.0,0.13307574326515662,0.006909901818918102,0.012618703378428497,0.0,0.08744388938226609,0.031378038975563724,0.0,0.0,0.0,0.00821895927117398,0.10330828249969738,0.0,0.008347047576380922,0.008981945468028467,0.006958544008816632,0.00738823361079677
thinking life please check following obstacles barriers make difficult involved community inadequate resourcesincome,0.0,0.0,0.0,0.007863194025219348,0.007428692362901255,0.01082382131944593,0.01122322606817971,0.056090230058809226,0.06825691689109264,0.007469103784903216,0.15791331116615265,0.840152543346676,0.1553248472025699,0.008670842298953374,0.008194416724956041,0.0,0.0,0.00955507927801464,0.0,0.010492286810494269,0.0,0.0,0.0,0.008001815533041303,0.009631841957505388,0.07128189831640111,0.005985569386031804,0.011708719618348252,0.011542037759668203,0.010356620138305987,0.007354407651484392,0.009755327998736497,0.007186079816282419,0.0,0.012414973798892658,0.009263654384204829,0.007191421971050007,0.0,0.13307574326515662,0.006909901818918102,0.012618703378428497,0.0,0.08744388938226609,0.031378038975563724,0.0,0.0,0.0,0.00821895927117398,0.10330828249969738,0.0,0.008347047576380922,0.008981945468028467,0.006958544008816632,0.00738823361079677
thinking life please check following obstacles barriers make difficult involved community none,0.0,0.0,0.0,0.009359245636390014,0.008842075670341594,0.012883161998570121,0.01335855751084553,0.06676195948342736,0.08124348064126194,0.008890175771117325,0.18795790409336677,1.0000000000000002,0.18487695887207178,0.010320557103134885,0.009753486780286686,0.0,0.0,0.011373029045359785,0.0,0.01248854972062471,0.0,0.0,0.0,0.009524241277859797,0.011464396595334662,0.08484399515408923,0.007124384057910245,0.013936421083375608,0.01373802632756604,0.012327071101934983,0.008753657546745902,0.011611377095731904,0.008553303650855219,0.0,0.014777047212686724,0.011026157639544665,0.008559662204203528,0.0,0.15839473952558752,0.00822458001661591,0.015019538390210628,0.0,0.10408096728951248,0.037348025931781374,0.0,0.0,0.0,0.009782698792334139,0.12296372047887597,0.0,0.009935157183636167,0.010690850773657907,0.008282476871518911,0.008793919234436134
would describe overall state health none,0.0,0.0,0.0,0.0,0.0,0.0,0.0,0.0,0.0,0.0,0.0,0.0,0.06363820691190611,0.0649197620100078,0.0,0.0,0.0,0.0,0.12209676125723139,0.0,0.0,0.0,0.0,0.0,0.0,0.0,0.0,0.0,0.0,0.0,0.0,0.0,0.0,0.05318267142364607,0.0,0.0,0.0,0.0,0.0,0.051735363893174575,0.0,0.0,0.0,0.0,0.0,0.0,0.0,0.0,0.0,0.0,0.0,0.0,0.0,0.05531669832643166
generally speaking happy would say none,0.0,0.0,0.0,0.0,0.0,0.0,0.0,0.0,0.0,0.0,0.0,0.0,0.0,0.0,0.0,0.0,0.0,0.0,0.0,0.0,0.0,0.0,0.0,0.0,0.0,0.0,0.0,0.0,0.0,0.0,0.0,0.0,0.0,0.0,0.0,0.0,0.0,0.0,0.0,0.0,0.0,0.0,0.0,0.0,0.0,0.0,0.2043608883232443,0.0,0.0,0.0,0.0,0.0,0.0,0.0
please rate satisfaction following public safety services provided city [city name] 01 visibility police neighborhoods,0.09710748373056904,0.1064788771800799,0.036391230547118854,0.010443724616977956,0.009866628885610355,0.01437596589898657,0.09445959147998682,0.06699747066678255,0.08307755834172276,0.03647950391224655,0.01275497196324975,0.010486736014852132,0.14423194653034388,0.2129280786888974,0.08058285124200817,0.11573836894065545,0.16364608308432416,0.7170129704390976,0.31027857423393923,0.28949056719512845,0.0,0.0,0.0,0.010627838712222141,0.08129206190212318,0.050206269348579045,0.0505177804199326,0.11541710241955996,0.11377405879209015,0.033840077806282905,0.08822203444535927,0.06656409569824742,0.16236227341327067,0.03886654451494809,0.12885790956896534,0.09614963013651191,0.009551491471436252,0.0373584821416468,0.009516665865631147,0.14167052519299048,0.1243871428903159,0.0,0.10354892434349877,0.057476984771262556,0.045921094954461936,0.04699145763854043,0.0,0.08530649582284336,0.0,0.0,0.07044848859364664,0.05659962135247396,0.06859289595576658,0.07282850244536478
please rate satisfaction following public safety services provided city [city name] 02 visibility police retail areas,0.09886499216453032,0.10840599461216105,0.03704986047090769,0.010632741296137664,0.010045200946331635,0.014636150596840654,0.09616917680046766,0.06821003035041769,0.08458114492278998,0.03713973145938785,0.01298581895813789,0.010676531139622995,0.14684234124695553,0.21678177646528313,0.08204128714467684,0.11783307010818336,0.1666078462786359,0.9387588035730056,0.31589417861523117,0.2947299379815172,0.0,0.0,0.0,0.010820187596715278,0.08276333351702249,0.20105534954783144,0.13873859809122807,0.11750598911637272,0.11583320871762938,0.03445253546521537,0.19664636563524696,0.1386201085839518,0.16530080146403017,0.039569974128812635,0.13119005590980173,0.0978898027719808,0.009724359989629292,0.03803461795447568,0.009688904089499087,0.1442345617976381,0.12663837466265412,0.0,0.10542301376348882,0.05851723709387894,0.04675220197710016,0.04784193671544674,0.0,0.1465433335862119,0.0,0.0,0.07172350683226857,0.057623994635196275,0.06983433058593956,0.07414659557643213
please rate satisfaction following public safety services provided city [city name] 03 citys efforts prevent crime,0.09189740634058513,0.10076599935445285,0.03443874326000825,0.00988339073328773,0.009337257738326695,0.013604656706202785,0.08939158062304325,0.06340287637088246,0.07862022414148519,0.03452228052194266,0.012070633450061742,0.009924094454112032,0.13649351510711716,0.20150391521713285,0.07625936477992144,0.10952869450563042,0.15486603107718244,0.38952230304163704,0.20246897684269766,0.27395862052311143,0.0,0.0,0.0,0.010057626612683274,0.07693052438276414,0.04751256811444718,0.047807365779920584,0.10922466479650259,0.10766977487382849,0.0320244667176155,0.0834886852810718,0.06299275313370942,0.15365110124404913,0.03678124998331367,0.12194433653242588,0.09099094416520752,0.009039028293067552,0.03535409920788286,0.00900607117457596,0.1340695209059976,0.11771343849719584,0.0,0.09799324635913158,0.05439319012128404,0.04345730483907426,0.04447023968952797,0.0,0.0807295731385061,0.0,0.0,0.06666873791450557,0.05356289960702784,0.17358020717032732,0.06892105762896145
please rate satisfaction following public safety services provided city [city name] 04 quickly police respond emergencies,0.09178584854510488,0.10064367563287047,0.034396936745219805,0.00987139290520987,0.009325922882093014,0.01358814149025877,0.08928306474576328,0.06332590918109227,0.07852478402805171,0.034480372598059514,0.012055980443939365,0.0099120472142222,0.13632782038025762,0.2012593018655987,0.07616679060445403,0.10939573341143376,0.15467803324667,0.4957492485195351,0.2932748448146875,0.27362605161855386,0.0,0.0,0.0,0.010045417272971157,0.07683713546084533,0.047454890780912765,0.047749330580163576,0.10909207277566133,0.1075390703936578,0.0319855909859631,0.08338733515544385,0.06291628380828813,0.1534645782635814,0.036736599809532484,0.1217963036129282,0.09088048675902005,0.009028055469025912,0.03531118150730919,0.008995138358447827,0.13390676875891377,0.11757054162752273,0.0,0.0978742885890367,0.054327160136100554,0.04340455034557534,0.044416255555461595,0.0,0.08063157240520992,0.0,0.0,0.06658780616979855,0.05349787754342851,0.06483390278070007,0.06883739170673987
please rate satisfaction following public safety services provided city [city name] 05 enforcement local traffic laws,0.09173286424846788,0.10058557806719019,0.034377080770374005,0.009865694545188139,0.009320539400083195,0.013580297600041733,0.08923152520603975,0.06328935366834121,0.07847945481318637,0.03446046845903539,0.012049021008969632,0.009906325386095064,0.1362491237860724,0.2011431229260342,0.07612282256481347,0.10933258363309897,0.15458874380906418,0.3888248642648421,0.20210645661100507,0.2734680982508358,0.0,0.0,0.0,0.010039618455647244,0.07679278045794972,0.04742749697184669,0.04772176680278635,0.10902909828845758,0.10747699239257026,0.031967126984510014,0.08333919898443624,0.06287996475586954,0.15337598930496874,0.03671539324084465,0.12172599548174888,0.09082802509150506,0.009022843933951516,0.035290797775554876,0.00898994582510386,0.13382946974092694,0.11750267285960146,0.0,0.09781778967965211,0.05429579924099828,0.04337949463592774,0.04439061582888982,0.0,0.08058502702573864,0.0,0.0,0.06654936769447331,0.15125613121983356,0.0647964767636014,0.06879765463572382
please rate satisfaction following public safety services provided city [city name] 06 overall quality local police protection,0.09457816780138951,0.1037054686864568,0.03544336416680303,0.010171701514134738,0.009609637141524813,0.01400152143653365,0.09199924403594208,0.06525241700807172,0.08091367370998749,0.03552933831440431,0.012422748817066731,0.010213592613041212,0.24357799677526337,0.31256112949744164,0.07848394514914075,0.1127237825366757,0.15938366551575195,0.510830987097672,0.4454071535392597,0.2819503336845431,0.0,0.0,0.0,0.0103510200704977,0.07917468331104181,0.04889856872727189,0.04920196600672577,0.11241088390338969,0.1108106359108148,0.03295866017962926,0.08592415390665235,0.06483032996678087,0.15813329467069087,0.07644934289563848,0.12550160425908982,0.09364526299871487,0.009302707973007272,0.036385422184362665,0.009268789454443257,0.22179902110058547,0.20565127079651715,0.0,0.10085183104306789,0.05597990702237841,0.044725008386345834,0.045767491804245934,0.0,0.08308455503663305,0.0,0.0,0.06861354778845676,0.055125395902769755,0.06680628695608491,0.16055235895526027
please rate satisfaction following public safety services provided city [city name] 07 quickly fireemergency medical services personnel respond emergencies,0.11005417307853785,0.1072667900498987,0.02752575959322894,0.007899470524708095,0.007462964308098146,0.010873756542626465,0.10143443584602478,0.07592979396978494,0.0628385702853832,0.027592528190785552,0.009647661994397282,0.007932003675685782,0.10909479636082309,0.18422259008315214,0.08284578949365415,0.11318069611883626,0.16002970985448753,0.3368620701490768,0.3122737219591893,0.24699987281353947,0.0,0.0,0.0,0.008038731556754112,0.06148804860716324,0.03797523962187912,0.03821086174104887,0.08729969738270948,0.0860569247913193,0.025596107422249603,0.06672977182852587,0.05034804452018464,0.16120841524283572,0.04837668864825179,0.09746611442250855,0.07272608165004857,0.007224599279739001,0.028257373623775957,0.007198257734298852,0.10715737718348402,0.09408449618801151,0.0,0.0783227924630391,0.04347469544644762,0.034734000498766626,0.044399410418976416,0.0,0.06452450385595107,0.0,0.0,0.053286138764235144,0.042811071431035484,0.05188259741415306,0.05508634414685129
please rate satisfaction following public safety services provided city [city name] 08 overall quality local fire protectionemergency medical services,0.12802900973984144,0.12478637132877782,0.03202146401611818,0.009189668691851479,0.008681869150093302,0.012649736428541471,0.11800143521698585,0.08833119235528132,0.0731018161516127,0.03209913773977417,0.011223387327311315,0.00922751539031713,0.22006161780101638,0.3093356625451561,0.09637675785741152,0.13166617894098157,0.1861669095183064,0.39188079882551874,0.49266045572695044,0.2873416630882052,0.0,0.0,0.0,0.009351674834185366,0.0715307175893501,0.0441776280482591,0.04445173366139726,0.10155810991846688,0.1001123587964812,0.029776647216517897,0.07762855663160502,0.058571248158455845,0.1875381295222725,0.09114686448554495,0.11338497908478981,0.08460422676812027,0.008404572636169635,0.03287257049597756,0.00837392880065317,0.20038530596468665,0.18579654957944242,0.0,0.09111503252081168,0.05057529443047843,0.04040700651111858,0.05165104048274288,0.0,0.07506310848146305,0.0,0.0,0.0619892130212664,0.04980328258253004,0.06035643523416972,0.14505173833933166
please rate satisfaction following public safety services provided city [city name] 09 quality animal control,0.0974891206622677,0.10689734412430092,0.036534249777287295,0.01048476894090862,0.009905405196451248,0.014432464114212866,0.09483082207187354,0.06726077384543132,0.08340405701350916,0.036622870060849334,0.012805099596846588,0.010527949375578747,0.20347066664814453,0.27361832035459743,0.08089954559875681,0.11619322611855197,0.16428921980904962,0.41322370580441303,0.27107284461430514,0.29062827860083834,0.0,0.0,0.0,0.010669606613118165,0.08161154348978186,0.0504035823243677,0.050716317648733425,0.11587069700507266,0.11422119613965842,0.033973070887416246,0.08856875114772338,0.06682569569309496,0.16300036470622373,0.03901929184424321,0.12936432715228413,0.09652750265899504,0.009589029277568873,0.037505302715610124,0.009554066805511722,0.189925233542234,0.21198086217034756,0.0,0.10395587643667414,0.05770287199713543,0.046101566995394305,0.04717613625464976,0.0,0.08564175432269412,0.0,0.0,0.07072535443340294,0.056822060499267184,0.06886246923007276,0.12411450556877152
please rate satisfaction following public safety services provided city [city name] 10 professionalism employees fireemergency medical services,0.1278907683394841,0.12465163121985205,0.03198688832084352,0.00917974599799199,0.008672494761027364,0.012636077670408556,0.11787402125290285,0.08823581531728625,0.07302288327964876,0.03206447817503625,0.011211268692760963,0.009217551830870965,0.1267759044308889,0.31623992096266734,0.09627269348953753,0.13152401024817134,0.1859658927774575,0.39145765917527164,0.36288425160480736,0.28703140126577104,0.0,0.0,0.0,0.009341577211565371,0.07145348113654762,0.04412992653765405,0.04440373618080945,0.10144845090164478,0.10000426085288835,0.029744495398601602,0.07754473593816781,0.058508004903020557,0.2720022885551301,0.05621714931727073,0.11326254981411105,0.0845128739816827,0.00839549766251335,0.032837075804673266,0.008364886915175437,0.12452448569542007,0.10933286916554527,0.0,0.09101664958623397,0.050520684935804035,0.040363376390291306,0.051595269433816086,0.0,0.17181813792263176,0.0,0.0,0.06192227916281882,0.04974950668017328,0.06029126439402729,0.06401424571993752
please rate satisfaction following public safety services provided city [city name] 11 professionalism employees police department,0.09125888659761436,0.10006585902873416,0.0341994566645507,0.009814719153076747,0.009272380788600472,0.01351012909928583,0.08877047180881145,0.06296234175803492,0.07807395665353155,0.03428241349453231,0.011986764513222942,0.009855140057112266,0.1355451335623718,0.30933054467360577,0.07572950096833651,0.10876766939460097,0.15378999397998924,0.49290304735009854,0.29159109197235705,0.2720551066490339,0.0,0.0,0.0,0.009987744410177732,0.07639599723328791,0.0471824422274566,0.047475191585615556,0.10846575213869092,0.10692166587145506,0.03180195495072706,0.08290859084762209,0.06255506813103491,0.24310664806965915,0.03652568722892592,0.12109704530278168,0.09035872268481326,0.00897622349528028,0.03510845255431445,0.008943495368788204,0.13313798170986574,0.11689554430968335,0.0,0.09731237162098924,0.05401525643241707,0.04315535565224726,0.04416125244878725,0.0,0.18370298802212098,0.0,0.0,0.06620551150700948,0.053190734926306646,0.06446167764780347,0.06844218169812807
two public safety items listed question 21 think receive emphasis city leaders next two years 1st,0.18972933373336354,0.46306229106941493,0.6812740247423681,0.0,0.0,0.0,0.01872966709260424,0.015773610516430715,0.03285392608144116,0.012464671612378637,0.0,0.0,0.07111454714590748,0.12256429057057316,0.0,0.07133169709234531,0.10085810726177735,0.20267635249889107,0.027214531334730622,0.052529559096519116,0.0,0.0,0.0,0.06475774964288147,0.09393925265451003,0.01715496630157242,0.058377194862234916,0.05888403654298101,0.05804578086879204,0.0,0.036819789463069665,0.01627999335356256,0.023984704904314896,0.023868516055518502,0.04143698519553698,0.030918946410430973,0.0,0.11344056439279916,0.02407682984854889,0.0462818769345041,0.0634604136985255,0.0,0.03329834590199451,0.026974897639370363,0.0334905884591091,0.005531332711153675,0.0,0.027432107321300536,0.0,0.0,0.027859622779050026,0.030181534457797657,0.0349950441258327,0.03715598563351796
two public safety items listed question 21 think receive emphasis city leaders next two years 2nd,0.35973825870005194,0.33747002168188206,0.8087068373609988,0.0,0.0,0.0,0.018744639373684254,0.015786219759784108,0.03288018913317835,0.012474635727919396,0.0,0.0,0.07117139529934674,0.122662267058875,0.0,0.07138871883296147,0.10093873207607093,0.20283836965076477,0.027236286318980472,0.05257155062364631,0.0,0.0,0.0,0.06480951624529725,0.09401434661577672,0.017168679784898923,0.05842386092233192,0.05893110776650508,0.058092182000343384,0.0,0.03684922278051319,0.016293007393548706,0.024003878002356264,0.023887596273526605,0.04147010944629854,0.030943662661609708,0.0,0.11353124747902632,0.024096076590214177,0.046318874136160065,0.06351114322546533,0.0,0.0333249642178396,0.026996461063192284,0.03351736045144969,0.00553575439508906,0.0,0.027454036233298864,0.0,0.0,0.027881893442002485,0.030205661230318176,0.03502301876278001,0.03718568770232461
01 currently child enrolled [city name] public school none,0.022708808397861557,0.03316380544029341,0.016964126764343272,0.0,0.0,0.0,0.01860368587054641,0.015667512595987226,0.03263294095999328,0.012380830583356981,0.16384682268817324,0.0,0.04226733289045305,0.043118518342989534,0.0,0.01590577437258447,0.022489669573891365,0.11036553841112201,0.02703147843270471,0.05217622990938415,0.0,0.0,0.0,0.0,0.031931596324200465,0.01703957697786755,0.019843430389379198,0.019408442849034042,0.019132150014837805,0.0,0.03657212878391637,0.016170489353964777,0.023823376760061063,0.0,0.04115826790667565,0.03071097652851755,0.0,0.017415020521325177,0.0,0.022907788198250033,0.020916837308611852,0.0,0.03307437148277517,0.02679345658370768,0.11320515735655343,0.0054941273486069616,0.0,0.027247590939515856,0.0,0.0,0.02767223080318513,0.0,0.011534523680622388,0.012246779704738555
02 household members visited downtown [city name] past year none,0.02566839542095035,0.03748596829876275,0.019175022578432375,0.0,0.0,0.0,0.021028261670361353,0.017709423653175523,0.23834246756049898,0.7021177224255528,0.0,0.0,0.04777593764555498,0.04873805614994663,0.0,0.01797873754178855,0.02542069673561208,0.035805517258323837,0.030554429147805685,0.058976238533705094,0.0,0.07341330808258914,0.0,0.0669369671914831,0.036093168188821634,0.01926030604559654,0.02242957925483454,0.021937900783945797,0.021625599337041525,0.0,0.04133849062286709,0.01827795222081852,0.1508223063342304,0.0,0.046522330760844596,0.034713467808894206,0.0,0.01968468028676635,0.0,0.02589330780330301,0.02364288084106143,0.0,0.03738487861825557,0.03028538645600787,0.010792155240587128,0.00621016439111711,0.08013747175789722,0.030798707102996134,0.0,0.0,0.03127868930819135,0.0,0.013037791751962275,0.013842874473506104
03 household members visited [city name] library past year none,0.026098056925541558,0.03811344334253424,0.01949599196185146,0.0,0.0,0.0,0.021380252295410348,0.018005860477039316,0.24233206572355528,0.5313707469353639,0.0,0.0,0.048575655778122416,0.04955387911795129,0.0,0.018279682392301114,0.025846212028954697,0.03640486334776897,0.031065877634720324,0.05996343773209518,0.0,0.074642168394677,0.0,0.06805742047906148,0.036697329247397784,0.019582702983103738,0.02280502643849894,0.022305117795520638,0.021987588756187535,0.0,0.04203045277271202,0.018583905605253033,0.1533469105411841,0.0,0.04730106485403531,0.03529453415775426,0.0,0.02001418079549335,0.0,0.026326734100785166,0.02403863739648483,0.0,0.038010661528821495,0.030792331455818566,0.01097280438450159,0.006314115905510109,0.0814788873830255,0.03131424454179282,0.0,0.0,0.031802261136091026,0.0,0.013256030450908092,0.014074589396726405
04 household members called visited done business building codes division none,0.0,0.0,0.0,0.0,0.0,0.0,0.0,0.0,0.0,0.25966672463218055,0.0,0.0,0.0,0.0,0.0,0.0,0.0,0.0,0.0,0.0,0.0,0.05358321003549406,0.0,0.04885623146317313,0.0,0.0,0.0,0.0,0.0,0.0,0.0,0.0,0.04387564014284286,0.0,0.0,0.0,0.0,0.0,0.0,0.0,0.0,0.0,0.0,0.0,0.0,0.0,0.05849107053023892,0.0,0.0,0.0,0.0,0.0,0.0,0.0
05 household members visited citys website olatheks none,0.0,0.0,0.0,0.0,0.0,0.0,0.0,0.0,0.0,0.3325180640650645,0.0,0.0,0.0,0.0,0.0,0.0,0.0,0.0,0.0,0.0,0.0,0.06861635926833773,0.0,0.0625631933651144,0.0,0.0,0.0,0.0,0.0,0.0,0.0,0.0,0.0561852618604851,0.0,0.0,0.0,0.0,0.0,0.0,0.0,0.24195199218042276,0.0,0.0,0.0,0.0,0.0,0.07490115479893811,0.0,0.0,0.0,0.0,0.0,0.0,0.0
06 household members read citys newsletter olathelink past year none,0.0,0.0,0.0,0.0,0.0,0.0,0.0,0.0,0.16286604192221008,0.28732293542891174,0.0,0.0,0.0,0.0,0.0,0.0,0.0,0.0,0.0,0.0,0.0,0.059350440113291006,0.0,0.054114690734194365,0.0,0.0,0.0,0.0,0.0,0.0,0.0,0.0,0.10016124555226077,0.0,0.0,0.0,0.0,0.0,0.0,0.0,0.0,0.0,0.0,0.0,0.0,0.0,0.06478653996966005,0.0,0.0,0.0,0.0,0.0,0.0,0.0
07 household members called 911 past year none,0.0,0.0,0.0,0.0,0.0,0.0,0.0,0.0,0.18678392400896446,0.3295180794214895,0.0,0.0,0.0,0.0,0.0,0.0,0.0,0.0,0.0,0.0,0.0,0.06806641805241652,0.0,0.06206176660627729,0.0,0.0,0.0,0.0,0.0,0.0,0.0,0.0,0.1148705418089087,0.0,0.0,0.0,0.0,0.0,0.0,0.0,0.0,0.0,0.0,0.0,0.0,0.0,0.07430084267828269,0.0,0.0,0.0,0.0,0.0,0.0,0.0
08 household members visited city park used city walkingbiking trail past year none,0.04022806842434874,0.058748826054190635,0.030051513063961133,0.0,0.0,0.0,0.03295594973692698,0.02775459450395783,0.30408094126302704,0.4204989248665462,0.0,0.0,0.07487549015526451,0.0763833432326489,0.0,0.13276213272538148,0.18771651269398665,0.056115186579267756,0.04788556691087996,0.09242884567720913,0.0,0.05752746777450976,0.0,0.0524525365169412,0.05656599938328698,0.030185171171383987,0.035152125179448795,0.03438155596990841,0.033892110339628224,0.0,0.0647865829579162,0.02864560485911515,0.20382940976017763,0.0,0.07291081013891244,0.05440370289460504,0.0,0.030850259726057587,0.0,0.040580556009115386,0.037053637854069225,0.0,0.0585903961049185,0.047463917343884436,0.016913700772670227,0.04585831831760018,0.06279659566487321,0.04826840464322768,0.0,0.0,0.049020643210399804,0.0,0.02043311122877074,0.02169485440665135
09 household members visited indooroutdoor city recreation facilitypool past year none,0.020859399585049305,0.030462940076814223,0.015582565698259547,0.0,0.0,0.0,0.01708859886126858,0.014391547985153907,0.19368880241237252,0.4247088114549687,0.0,0.0,0.03882507486563153,0.03960693964534017,0.0,0.014610405686395234,0.020658107460262056,0.02909732297606561,0.02483003071422838,0.04792698980294069,0.0,0.05965926202403655,0.0,0.05439626913799453,0.029331082258711203,0.015651871234908857,0.01822737839776522,0.10100331203907081,0.01757402480520245,0.0,0.0335936890484942,0.08415270584802557,0.1225656182465006,0.0,0.03780633230296244,0.02820986992499981,0.0,0.01599673859903471,0.0,0.02104217444020407,0.01921336689409421,0.0,0.03038078963441052,0.024611393400846983,0.008770235725897822,0.005046684780982701,0.06512364788370131,0.0250285429855867,0.0,0.0,0.025418600114117156,0.0,0.010595150316208274,0.01124940010129593
10 household members participated city recreation program class past year none,0.02110616100144579,0.03082330894602864,0.01576690350564063,0.0,0.0,0.0,0.017290752659705824,0.014561796354502943,0.1959800919113125,0.30374169274161883,0.0,0.0,0.03928436567246806,0.04007547971458642,0.0,0.014783243086944682,0.02090248764178074,0.029441536940693153,0.025123763691691583,0.048493953959275755,0.0,0.060365015990645046,0.0,0.05503976323112253,0.02967806153647474,0.015837028909243347,0.018443003669829667,0.1021981556508381,0.017781921069667653,0.0,0.03399109388547383,0.08514821105439495,0.12401553848206169,0.0,0.03825357164318399,0.028543585544697842,0.0,0.016185975966981358,0.0,0.02129109803686638,0.019440656160460736,0.0,0.03074018668468823,0.024902539954242364,0.008873985394292148,0.005106385784340174,0.06589404415168432,0.02532462431296538,0.0,0.0,0.025719295718580816,0.0,0.010720488262216802,0.14528750161456638
11 household members usedread digital version [city name] parks recreation activity guide past year none,0.016834515100568874,0.024585023295608993,0.012575862334070957,0.0,0.0,0.0,0.013791301825570259,0.011614655104947613,0.15631595989748517,0.24226784363015452,0.0,0.0,0.03133365878731481,0.03196466038383449,0.0,0.011791283548225702,0.09816952475776576,0.023482906160817395,0.02003900089750731,0.03867933160169665,0.0,0.048147826275511875,0.0,0.043900343846642556,0.023671560880122736,0.012631795156994207,0.014710350392869958,0.22217800636863932,0.014183063359743071,0.0,0.027111684747437758,0.18511155761514436,0.09891621006484484,0.0,0.030511485695279256,0.02276668987049229,0.0,0.012910119316105246,0.0,0.016982022992469682,0.015506089415115568,0.0,0.024518724030497128,0.019862550317582422,0.024377542736035734,0.023982383067003187,0.05255784229226215,0.020199209623372318,0.0,0.0,0.020514004044638254,0.0,0.008550783893072619,0.009078794195655642
12 aware citys online customer request system [city name] connect none,0.02121678705277436,0.030984866557445805,0.015849544317315858,0.0,0.0,0.0,0.017381380590152824,0.014638120705048692,0.030488881103912704,0.01156738131835651,0.0,0.0,0.03949027115442639,0.18269088714449383,0.0,0.014860728130692193,0.021012046157448085,0.029595852117980485,0.025255447647458504,0.04874813067286458,0.0,0.0,0.0,0.0,0.029833616436233227,0.015920037276936836,0.018539671020680056,0.018133263169928082,0.01787512341531634,0.0,0.03416925515775025,0.015108050724252585,0.21155860432339288,0.0,0.03845407431061887,0.02869319419021859,0.0,0.01627081330940491,0.0,0.021402693419091817,0.019542552617429904,0.0,0.030901308618222097,0.1211354835812988,0.008920497593438676,0.005133150447788121,0.0,0.025457361061677328,0.0,0.0,0.02585410110209435,0.0,0.010776678740659663,0.011442137893159779
please indicate likely would recommend community 1 recommend community place live,0.0,0.0,0.0,0.0,0.0,0.0,0.0,0.0,0.0,0.0,0.0,0.12296372047887597,0.13237177180068788,0.0,0.0,0.0,0.0,0.0,0.0,0.0,0.0,0.0,0.0,0.0,0.06586402711142955,0.0,0.05628744917656365,0.0,0.0,0.0,0.05029057859160809,0.0,0.04913952678342181,0.0,0.2560537094024734,0.0,0.0,0.0,0.0,0.0,0.0,0.0,0.15537222915328475,0.06293330590273569,0.0,0.0,0.0,0.0,1.0,0.0,0.07849445657188871,0.0,0.0,0.0
please indicate likely would recommend community 2 recommend community place business,0.0,0.0,0.0,0.0,0.0,0.0,0.0,0.0,0.0,0.0,0.0,0.12065459237625985,0.12988597048410713,0.0,0.0,0.0,0.0,0.0,0.0,0.0,0.0,0.0,0.0,0.0,0.06462717061943199,0.0,0.0,0.0,0.0,0.0,0.04934617492627937,0.0,0.048216738648816294,0.0,0.1366890482360036,0.0,0.0,0.0,0.0,0.0,0.0,0.0,0.1524545036704616,0.06175148524307609,0.0,0.0,0.0,0.0,0.9198392399829349,0.0,0.0,0.0,0.0,0.0
please indicate likely would recommend community 3 recommend community moving right direction,0.0,0.0,0.0,0.0,0.0,0.0,0.0,0.0,0.0,0.0,0.0,0.10639175955170378,0.11453187706101624,0.0,0.0,0.0,0.0,0.0,0.0,0.0,0.0,0.0,0.0,0.0,0.056987457017860135,0.0,0.0,0.0,0.0,0.0,0.04351285992646585,0.0,0.04251693668397461,0.0,0.0,0.0,0.0,0.0,0.0,0.0,0.0,0.0,0.13443253652957132,0.05445171245081118,0.0,0.0,0.0,0.0,0.7465200149716185,0.0,0.0,0.0,0.0,0.0
would recommend community none,0.0,0.0,0.0,0.0,0.0,0.0,0.0,0.0,0.0,0.0,0.0,0.14809169984476014,0.15942231270396698,0.0,0.0,0.0,0.0,0.0,0.0,0.0,0.0,0.0,0.0,0.0,0.0,0.0,0.0,0.0,0.0,0.0,0.0,0.0,0.0,0.0,0.0,0.0,0.0,0.0,0.0,0.0,0.0,0.0,0.18712297769106886,0.07579390255670963,0.0,0.0,0.0,0.0,0.8303214873471976,0.0,0.0,0.0,0.0,0.0
following best describes raceethnicity asian asian indian,0.0,0.0,0.0,0.13964766390522287,0.2609765507723325,0.19222740236859492,0.012851721342576552,0.0,0.01127167666463797,0.008552874186016345,0.0109968089018576,0.00904122974882454,0.009732981374084175,0.009928985512242137,0.009383430367910638,0.0,0.0,0.01094152568444061,0.0,0.012014722461768422,0.0,0.0,0.0,0.0091628826542943,0.011029426664099359,0.011771210105285687,0.006854078262224132,0.013407660230600419,0.013216792757415309,0.0118593704929275,0.008421535590784006,0.011170830586818128,0.008228783309125139,0.0,0.014216392218198938,0.010607814904244138,0.008234900613011284,0.0,0.008204875417108574,0.007912531757074499,0.014449683053608399,0.0,0.01142415026880376,0.0,0.0,0.0,0.0,0.009411534048894535,0.0,0.0,0.00955820802621285,0.010285229894513057,0.007968231951142673,0.00846026971238034
following best describes raceethnicity black african american,0.0,0.0,0.0,0.17422041491735116,0.32558684970278573,0.23981738657562093,0.016033438455694236,0.0,0.014062220093135456,0.010670320202670718,0.013719302966276098,0.011279578577643492,0.012142588038756131,0.012387117172437694,0.011706498242283328,0.0,0.0,0.013650333211917082,0.0,0.014989222689945956,0.0,0.0,0.0,0.011431349248732034,0.013759995949692504,0.01468542366748098,0.0085509511962271,0.01672701184626627,0.01648889106828387,0.014795410035206081,0.010506465943199754,0.013936407422667267,0.01026599373229571,0.0,0.017735962647849126,0.013234005226454461,0.01027362550493992,0.0,0.010236166932831652,0.009871447378452563,0.018027009594177107,0.0,0.014252441782770998,0.0,0.0,0.0,0.0,0.011741559587563278,0.0,0.0,0.011924545829304621,0.01283155743270111,0.009940937340906357,0.010554789520889906
following best describes raceethnicity american indian alaska native,0.0,0.0,0.0,0.16080718149543152,0.774741671635878,0.22135384092111465,0.014799023690557599,0.0,0.012979569471340562,0.009848812025038699,0.012663053541316378,0.010411163584862134,0.011207729929347366,0.01143343275986528,0.010805214695509957,0.0,0.0,0.01259939376980127,0.0,0.013835202118655514,0.0,0.0,0.0,0.010551249428780003,0.01270061357108061,0.013554792589342685,0.007892613283136674,0.01543919885114959,0.015219410996890292,0.013656311104295046,0.009697572908463029,0.012863443121027364,0.009475614658152358,0.0,0.016370470509221715,0.01221511888472724,0.009482658860459599,0.0,0.009448084224608619,0.009111444436419652,0.01663910974500851,0.0,0.013155145989075879,0.0,0.0,0.0,0.0,0.01083757666707673,0.0,0.0,0.011006474794203948,0.0118436555551098,0.009175584365197342,0.009742176052886806
following best describes raceethnicity white,0.0,0.0,0.0,0.23025384157704587,0.2175305542462894,0.3169483585617656,0.02119017337815479,0.0,0.018584964334302546,0.014102148813545311,0.018131756908299185,0.014907359163991437,0.016047932981547712,0.016371108497083,0.015471586340667252,0.0,0.0,0.018040604841526055,0.0,0.019810113001115057,0.0,0.0,0.0,0.015107942890493527,0.018185537722455226,0.019408604991717326,0.011301140357191503,0.02210681645738627,0.021792110377069723,0.019553965589680682,0.013885595129409904,0.018418687318442435,0.013567781339450509,0.0,0.023440269819536168,0.017490375879815244,0.013577867671584464,0.0,0.013528361532295271,0.013046339499837753,0.02382492438199418,0.0,0.01883636584089773,0.0,0.0,0.0,0.0,0.015517924247998017,0.0,0.0,0.015759763214669507,0.016958491309399797,0.013138179085994298,0.013949460718337487
following best describes raceethnicity native hawaiian pacific islander,0.0,0.0,0.0,0.15298285351796057,0.28589763925820416,0.21058351938240316,0.014078953765666993,0.0,0.01234802797172773,0.009369602485043423,0.012046912625331547,0.009904591939506994,0.010662400087516748,0.01087712098952256,0.010279469869573434,0.0,0.0,0.011986350320774525,0.0,0.013162028458099582,0.0,0.0,0.0,0.010037861684929627,0.012082645112389127,0.012895262698330804,0.0075085856896404245,0.01468798019040701,0.014478886462126398,0.012991841669231795,0.009225722147100065,0.012237551932819953,0.00901456362682375,0.0,0.015573939351729191,0.011620772938550575,0.009021265082316583,0.0,0.008988372730105451,0.008668112683720065,0.015829507520236114,0.0,0.012515061536050592,0.0,0.0,0.0,0.0,0.010310257218183811,0.0,0.0,0.010470937339565672,0.01126738374527146,0.008729131782727956,0.009268155054924005
following best describes raceethnicity hispanic spanish latinoax,0.0,0.0,0.0,0.5283100531798128,0.16468361610984564,0.23994882920646937,0.01604222629781968,0.0,0.01406992752098714,0.010676168548278435,0.013726822443079024,0.011285760854517898,0.012149243326514507,0.012393906485310384,0.011712914511549538,0.0,0.0,0.013657814886765396,0.0,0.014997438202978068,0.0,0.0,0.0,0.011437614710302003,0.01376753773010266,0.01469347266988877,0.008555637926983104,0.01673617983226887,0.016497928541557745,0.01480351932055556,0.010512224481161545,0.013944045893265115,0.010271620468720929,0.0,0.01774568363440623,0.013241258714153853,0.010279256424299032,0.0,0.010241777321347125,0.009876857866125008,0.018036890102013602,0.0,0.014260253470116488,0.0,0.0,0.0,0.0,0.011747995073765885,0.0,0.0,0.011931081609290623,0.012838590340910642,0.009946385915656695,0.010560574544746962
following best describes raceethnicity ,0.0,0.0,0.0,0.3114080670315822,0.29420038751222655,0.4286585405591414,0.02865876584972084,0.0,0.025135336633501846,0.019072528271144636,0.02452239377213881,0.020161539412365256,0.021704114708392112,0.02214119520144918,0.020924631542563264,0.0,0.0,0.024399114661026754,0.0,0.026792295646846872,0.0,0.0,0.0,0.020432819970032334,0.024595129928308927,0.02624927394415616,0.01528428906888843,0.029898484794283326,0.029472858835197343,0.0264458676796799,0.018779649056955238,0.02491045437422605,0.018349820058970335,0.0,0.031701921085029935,0.02365495449319814,0.018363461374015334,0.0,0.018296506525242114,0.017644593191826555,0.032222149251255106,0.0,0.025475345975719217,0.0,0.0,0.0,0.0,0.020987301498700928,0.0,0.0,0.021314377931512078,0.0229356042976811,0.017768802142287956,0.018866024421907043
please describe raceethnicity none,0.0,0.0,0.0,0.0,0.0,0.0,0.0,0.0,0.0,0.0,0.0,0.0,0.0,0.0,0.0,0.0,0.0,0.0,0.0,0.0,0.0,0.0,0.0,0.0,0.0,0.0,0.0,0.0,0.0,0.0,0.0,0.0,0.0,0.0,0.0,0.0,0.0,0.0,0.0,0.0,0.0,0.0,0.0,0.0,0.0,0.0,0.0,0.0,0.0,0.0,0.0,0.0,0.0,0.0
following best describes current employment status none,0.0,0.0,0.0,0.16792822170509714,0.15864890197230563,0.23115607479589942,0.01545437030993261,0.0,0.013554345020852886,0.010284947935111418,0.013223812784817107,0.010872202164282271,0.011704042934424336,0.011939740585550428,0.011283703078959314,0.0,0.0,0.013157333961388512,0.0,0.014447867732713279,0.0,0.0,0.0,0.011018491443382992,0.013263036089067839,0.01415504080067726,0.008242122652220131,0.016122894410027244,0.01589337366863429,0.014261054869996523,0.010127011481884522,0.013433076235964988,0.009895224232578714,0.0,0.017095405662386032,0.012756042193842387,0.009902580373988478,0.0,0.00986647466614283,0.009514927425154964,0.017375941075831944,0.0,0.013737696610764948,0.0,0.0,0.0,0.0,0.011317498138890972,0.0,0.2602621753521063,0.01149387559836781,0.012368129317121248,0.009581907668697352,0.010173589791732912
zip code work none,0.0,0.0,0.0,0.0,0.0,0.0,0.0,0.0,0.0,0.0,0.0,0.0,0.0,0.0,0.0,0.0,0.0,0.0,0.0,0.0,0.0,0.0,0.0,0.0,0.0,0.0,0.10972844700939019,0.0,0.0,0.0,0.0,0.0,0.0,0.0,0.0,0.0,0.0,0.0,0.0,0.0,0.0,0.0,0.0,0.0,0.05279664058694413,0.0,0.0,0.0,0.0,0.0,0.0,0.17005952953456288,0.0,0.0
age none,0.0,0.0,0.0,0.0,0.0,0.0,0.0,0.0,0.0,0.0,0.0,0.0,0.0,0.0,0.0,0.0,0.0,0.0,0.0,0.0,0.0,0.0,1.0,0.3318237443164451,0.0,0.0,0.0,0.0,0.0,0.0,0.0,0.0,0.0,0.0,0.0,0.0,0.0,0.0,0.0,0.0,0.0,0.0,0.0,0.0,0.0,0.0,0.0,0.0,0.0,0.0,0.0,0.0,0.0,0.0
rent current residence none,0.0,0.0,0.0,0.0,0.0,0.0,0.0,0.0,0.0,0.0,0.0,0.0,0.0,0.0,0.0,0.0,0.0,0.0,0.0,0.0,0.0,0.0,0.0,0.0,0.0,0.0,0.0,0.0,0.0,0.0,0.0,0.0,0.0,0.0,0.0,0.0,0.0,0.0,0.0,0.0,0.0,0.0,0.0,0.0,0.0,0.0,0.0,0.0,0.0,1.0000000000000004,0.0,0.0,0.0,0.0
members household hearing disability none,0.0,0.0,0.0,0.0,0.0,0.0,0.0,0.0,0.0,0.2127816367181214,0.0,0.0,0.0,0.0,0.0,0.0,0.0,0.0,0.0,0.0,0.0,0.07712585285616175,0.0,0.07032200042586582,0.0,0.0,0.0,0.0,0.0,0.0,0.0,0.0,0.06315310641869426,0.0,0.0,0.0,0.0,0.0,0.0,0.0,0.0,0.0,0.0,0.0,0.0,0.0,0.08419006058290159,0.0,0.0,0.0,0.0,0.0,0.0,0.0
would say total annual household income none,0.0,0.0,0.0,0.0,0.0,0.0,0.0,0.0,0.0,0.06446685897105994,0.0,0.0,0.0,0.0,0.0,0.0,0.0,0.0,0.0,0.0,0.0,0.07574697866945948,0.0,0.06906476711753107,0.0,0.0,0.0,0.0,0.0,0.0,0.0,0.0,0.06202404028812969,0.0,0.0,0.0,0.0,0.0,0.0,0.0,0.0,0.0,0.0,0.0,0.0,0.07015676407981349,1.0,0.0,0.0,0.0,0.0,0.0,0.0,0.0
gender none,0.0,0.0,0.0,0.0,0.0,0.0,0.0,0.0,0.0,0.0,0.0,0.0,0.0,0.0,0.0,0.0,0.0,0.0,0.0,0.0,0.0,0.0,0.0,0.0,0.0,0.0,0.0,0.0,0.0,0.0,0.0,0.0,0.0,0.0,0.0,0.0,0.0,0.0,0.0,0.0,0.0,1.0,0.0,0.0,0.0,0.0,0.0,0.0,0.0,0.0,0.0,0.0,0.0,0.0
would interested learning olathes survey research panel none,0.0,0.0,0.0,0.0,0.0,0.0,0.0,0.0,0.0,0.0,0.0,0.0,0.0,0.0,0.0,0.0,0.0,0.0,0.0,0.0,0.0,0.0,0.0,0.0,0.0,0.0,0.0,0.0,0.0,0.0,0.0,0.0,0.0,0.0,0.0,0.0,0.0,0.0,0.0,0.0,0.0,0.0,0.0,0.0,0.0,0.0,0.0,0.0,0.0,0.0,0.0,0.0,0.0,0.0
please rate satisfaction following 1 overall quality city services,0.15798978433396282,0.15398831822657055,0.03951498339512602,0.02268038747900079,0.02142712245335882,0.031219942016076,0.1618015890185921,0.10900206178685985,0.10440478914444917,0.050382676016680304,0.027699668175854807,0.022773794305164505,0.44466449897967447,0.4630038319943877,0.17499985468405455,0.21429651783930753,0.30300051818592766,0.2778444696285791,0.5954512141579712,0.3456085923121112,0.0,0.0,0.0,0.023080223665192006,0.10216092951477902,0.06934102526943785,0.06348643746959781,0.20543997386874174,0.20251539135179758,0.073489689274105,0.10640127206189065,0.10688931481675035,0.18647139969713883,0.1704631931028083,0.18396661856744742,0.13726997738744134,0.020742746052723006,0.04056526199582331,0.020667116115816526,0.3348149263302087,0.40982951420037217,0.0,0.14783373043603895,0.06241069798114219,0.022239965214387064,0.038223757922563655,0.0,0.12178955588261588,0.0,0.0,0.08853365149359403,0.12291604676668447,0.12209388779756662,0.32946544732993555
please rate satisfaction following 2 overall feeling safety city,0.03694754664304714,0.05395797202998847,0.02760086984322613,0.015842052027258358,0.01496665738249993,0.0218068560850026,0.05287999592229524,0.025491260583944957,0.0729258308771262,0.03519185796396788,0.019347975636923167,0.015907295877309716,0.22194347258774463,0.18650742069752696,0.07832802594826632,0.09826832735275777,0.1389446473949583,0.2908462338254507,0.24349431276567338,0.1851841427872801,0.0,0.0,0.0,0.01612133410168881,0.0713585145767318,0.048434098886491625,0.044344720580715695,0.1434980225765785,0.14145522730095386,0.05133190436121744,0.07432035671046677,0.07466125030063017,0.05323882841746268,0.08100619221647494,0.12849907195468663,0.09588187704314434,0.014488626460182636,0.028334480247844126,0.014435799611593738,0.16179568532517863,0.15465046916379432,0.0,0.10326056603397128,0.04359332596897597,0.015534420932488323,0.008939021498574633,0.0,0.0850689381940882,0.0,0.0,0.061839980221822355,0.08585578221120077,0.08528151137144985,0.1530701667063763
please rate satisfaction following 3 overall value receive city tax dollars fees,0.024293775437970427,0.03547848164991778,0.11742092663253598,0.010416476583548287,0.009840886514610243,0.014338458514048196,0.03476969008275902,0.016761030610233568,0.04795024081225986,0.023139373850211288,0.012721693806730367,0.010459375763219656,0.14593241968299028,0.20674125060131207,0.05150229570776632,0.06461345594707066,0.09135897694999745,0.09394214787671583,0.16010254244757482,0.12176240070851443,0.0,0.0,0.0,0.010600110318843692,0.0469196979561967,0.031846420907362324,0.02915757016440985,0.09435291522730188,0.0930097351192632,0.03375178789007531,0.04886717036552425,0.04909131494561457,0.03500562986359653,0.05326324537335531,0.08449079524045239,0.06304431555256129,0.009526571304689055,0.12054188673222847,0.009491836560076293,0.10638400660526916,0.10168587932343806,0.0,0.06789595604446137,0.02866351267963932,0.010214202781547782,0.005877591359978108,0.0,0.05593458481018441,0.0,0.0,0.040661064917559164,0.0564519510115487,0.056074356067119316,0.10064679780077324
please rate satisfaction following 4 overall image city,0.04148968688517963,0.0605912859685038,0.030993977993111106,0.0177895919471926,0.01680658081352035,0.024487678157845735,0.05938078905486601,0.028625024285216603,0.08189095525515513,0.03951816292266612,0.021726515668100185,0.017862856538640757,0.24922805491898123,0.20943567813207,0.08795726824095774,0.11034892714218938,0.1560257835380075,0.1604374054859462,0.2734282438985944,0.20794972328130185,0.0,0.0,0.0,0.01810320751503284,0.08013096119704792,0.05438833643761079,0.0497962311186608,0.1611389271083052,0.15884500114956662,0.0576423831260709,0.08345691688009248,0.08383971816467264,0.05978373456062739,0.09096467441511939,0.1442960830916059,0.10766909897742724,0.016269783242629118,0.031817774665657925,0.016210462134565867,0.18168600985521594,0.17366239778357262,0.0,0.11595488582033095,0.048952463940572434,0.017444142277111312,0.010037938557025764,0.0,0.09552687336526045,0.0,0.0,0.0694422674711457,0.09641044791522642,0.09576557918933395,0.17188782111747905
please rate satisfaction following 5 well city planning growth,0.0346502728388104,0.05060304736146362,0.025884740870507905,0.014857046676857782,0.014036081117884165,0.02045097934111968,0.04959209617149284,0.023906299998003335,0.06839154873534434,0.033003746958815194,0.018144983784037078,0.01491823388441922,0.14068798103206775,0.10609678907779385,0.07345785354177475,0.09215833427541947,0.1303055379627921,0.13398992113446562,0.09893344190247742,0.17367001752491137,0.0,0.0,0.0,0.015118963934084528,0.06692168287501932,0.04542263001472318,0.04158751545609759,0.13457579963685914,0.1326600184799106,0.04814025972105018,0.06969936765693201,0.07001906563369567,0.04992861767266598,0.01959645721738646,0.1205094331642641,0.08992026539514297,0.013587772545634227,0.026572737855070538,0.013538230292274238,0.09689686216356674,0.14503482471911067,0.0,0.09684017239722245,0.04088284002641537,0.014568543045738083,0.00838322329842407,0.0,0.0797796386052537,0.0,0.0,0.05799497887462615,0.08051755931587458,0.07997899469958261,0.08491769198391286
please rate satisfaction following 6 overall quality life city,0.0450605689260792,0.06580618034692408,0.033661528599070754,0.019320684109323454,0.018253068413246358,0.02659525275582168,0.06449149991169366,0.031088686771348944,0.08893904270498353,0.04291936232579535,0.24798134717406048,0.20388244928444382,0.5773922913041929,0.3377553146936538,0.095527463465555,0.11984629942304251,0.16945441388402666,0.17424572974550895,0.4006783023797967,0.22584727778274316,0.0,0.0,0.0,0.01966129154630087,0.08702757169812088,0.0590693631794357,0.0540820303318052,0.175007629046049,0.17251627236116673,0.06260347505402818,0.09063978153994662,0.09105552928267008,0.06492912562301953,0.09879370728114606,0.15671517637399032,0.11693582718779774,0.017670070426073395,0.034556226764595604,0.01760564374370163,0.28521794139106826,0.34912042794128345,0.0,0.12593474468203486,0.053165642864456165,0.018945502712744883,0.010901871192143829,0.0,0.10374855981633715,0.0,0.0,0.07541893696200742,0.1047081807462385,0.10400781027220315,0.28066089429434515
please rate satisfaction following 7 [city name] welcoming community people diverse backgrounds,0.023269791550984558,0.033983061819558354,0.01738319716009049,0.009977421558611818,0.009426092640749553,0.01373409174857408,0.033304145853491535,0.0160545523060285,0.04592913569032381,0.0221640480496556,0.012185473757009346,0.08781170192933638,0.17822584883145542,0.07125052600751174,0.04933147128888628,0.0618899954482607,0.08750819136225818,0.0899824815012602,0.06643989734803854,0.11663010924214316,0.0,0.1295994583029059,0.0,0.010153315122498724,0.04494203026876529,0.03050409262452407,0.027928577078989696,0.09037593498684518,0.08908936998959746,0.032329148290699425,0.04680741661565298,0.04702211349013846,0.033530140760404725,0.013160227531473176,0.08092950386580577,0.06038699440226468,0.009125025833128604,0.01784522949365834,0.009091755159791748,0.065072208665705,0.09739981426833565,0.0,0.16333062091091355,0.06727019820040314,0.009783673607792276,0.005629850581181819,0.0,0.05357693917716548,0.13108544462844887,0.0,0.03894719893532115,0.0540724983664735,0.05371081906841576,0.05702745835937853
please rate satisfaction services listed 01 overall quality fire emergency medical services,0.20526940556282053,0.1498870946828525,0.07131299826483684,0.0,0.0,0.0,0.08995709228528784,0.07575938909555113,0.0,0.0,0.0,0.0,0.16806118266116543,0.2110979230855346,0.11191671076636112,0.19791798897172747,0.2798424063134741,0.1305002027356562,0.6902370173545145,0.14330028208982648,0.0,0.0,0.0,0.0,0.0,0.0,0.0,0.06606548047307245,0.06512499189372464,0.022786819777936087,0.0,0.021463846120962644,0.11519661838329298,0.1175214091130208,0.027315646101261627,0.020382057091889293,0.0,0.0,0.0,0.1366271437114608,0.1696370620371337,0.0,0.021950579370678815,0.0,0.0,0.026566548390727262,0.0,0.018083500328619002,0.0,0.0,0.0,0.05067988322124898,0.03926300811021924,0.14608503590492758
please rate satisfaction services listed 02 overall quality police services,0.2437886165761478,0.17801370523367044,0.084695023806464,0.0,0.0,0.0,0.1068377190420205,0.08997578869397652,0.0,0.0,0.0,0.0,0.19959819686123625,0.25071086697024,0.13291810347808533,0.23505769208351052,0.33235538879963944,0.3070959234250264,0.5378045904663712,0.17019086419558538,0.0,0.0,0.0,0.0,0.0,0.0,0.0,0.07846279889498564,0.07734582576868748,0.02706281169666534,0.0,0.02549157940943812,0.13681349226355474,0.13957453458389188,0.03244148126045128,0.024206790523817582,0.0,0.0,0.0,0.1622654981673533,0.20146979312715227,0.0,0.026069649118679827,0.0,0.0,0.03155181387903704,0.0,0.021476905025766973,0.0,0.0,0.0,0.060190063808451176,0.04663078944260423,0.17349818258639582
please rate satisfaction services listed 03 overall quality recreation programs facilities,0.1621415509408524,0.11839526660712443,0.07689779942986427,0.0,0.0,0.0,0.04850099286358819,0.04084620230076136,0.0,0.0,0.0,0.0,0.18122271438131987,0.19015892406945478,0.08526930675323505,0.1719503586222996,0.24312596532194417,0.0994280634431465,0.29997020561641224,0.10918043987953975,0.0,0.0,0.0,0.0,0.0,0.0,0.0,0.19005892957724801,0.07022518596002594,0.02457134519040689,0.13631666257819544,0.12214142870664198,0.06210905915454253,0.09602857325520966,0.029454841702086954,0.02197825608733339,0.0,0.0,0.0,0.1473269523009193,0.18292200706466533,0.0,0.023669615510305567,0.0,0.0,0.014323539602886466,0.0,0.019499690310254413,0.0,0.0,0.0,0.05464882405593895,0.04233784858491227,0.1575255292030084
please rate satisfaction services listed 04 overall maintenance city buildings facilities,0.1886087237793661,0.15910264641187516,0.09743713270759613,0.0,0.0,0.0,0.0716472739528498,0.06033936365812499,0.04207775135477222,0.015964160615824615,0.0,0.0,0.16232129344742446,0.17078510673867417,0.08378936288164854,0.18947528204795375,0.2679050001503296,0.13854765925393145,0.26222146030647697,0.2784077983464731,0.0,0.0,0.0,0.0,0.041173419586603595,0.02197126774887407,0.025586628277655572,0.09502863412992789,0.32214503446898013,0.02414488210403027,0.1811077761466748,0.14014476585861863,0.09174956044126738,0.09436189031972478,0.08201414674866749,0.06119632005690395,0.0,0.02245537428676571,0.0,0.11719189418868972,0.10241411406449999,0.0,0.06590574614458697,0.034548170373191175,0.012311192346425155,0.021159207375174068,0.0,0.05429499431142634,0.0,0.0,0.03568128439896925,0.14259702228319923,0.056475938808424685,0.10951308659077016
please rate satisfaction services listed 05 overall enforcement property code violations eg regulation weed control junk cars trash yards,0.08042423970751339,0.05872553485885802,0.03814227148094639,0.0,0.0,0.0,0.024057099820986246,0.020260227843610305,0.0,0.0,0.0,0.0,0.054425029386532736,0.05814332822602407,0.04229464394674066,0.08528953114971365,0.12059352337949109,0.049317564570000194,0.11476850630503671,0.05415486540798533,0.0,0.0,0.0,0.0,0.0,0.0,0.0,0.03533559874126907,0.0348325716411464,0.012187694912639714,0.0,0.011480092910000276,0.030806871110263465,0.04763137486617956,0.014609970336719225,0.010901490245184671,0.0,0.0,0.0,0.04424541225849969,0.038081827368768036,0.0,0.011740425699270076,0.0,0.0,0.00710465501161282,0.0,0.009672090581557703,0.0,0.0,0.0,0.24962884098397412,0.16372280391097185,0.04730826146861079
please rate satisfaction services listed 06 overall quality customer service receive city employees,0.17060449373626604,0.1439150103944854,0.19636768275713817,0.0,0.0,0.0,0.06480796145255896,0.05457948276721784,0.03806108924123236,0.014440252206855526,0.0,0.0,0.21037652446272817,0.7294761788890856,0.07579098966615133,0.17138833200070552,0.2423312983843088,0.125322163215589,0.29815417019728074,0.1578994224809022,0.0,0.0,0.0,0.0,0.03724308326363765,0.019873932318345323,0.023144177407370868,0.08595738145787102,0.08473371767774121,0.02184005758131618,0.04265551974285711,0.03943233279014938,0.4297997711136528,0.08535428374366053,0.07418523228880983,0.05535463573807811,0.0,0.13142025809113578,0.0,0.15766872583155753,0.18698500101101093,0.0,0.05961450896863661,0.03125026773908621,0.01113598934060247,0.01913938968340105,0.0,0.16891068812698512,0.0,0.0,0.032275216855116855,0.048574201163349456,0.14281836658641192,0.25169735088866957
please rate satisfaction services listed 07 overall effectiveness city communication public,0.18240382830231136,0.15386844901460453,0.0942316223159252,0.0,0.0,0.0,0.06929020458095057,0.05835430465794515,0.04069346729921983,0.015438967793270019,0.0,0.0,0.1569812082204028,0.16516657693201073,0.08103284012728312,0.18324187832709338,0.2590913965671903,0.23211461077241308,0.2535948351937081,0.16882004990890911,0.0,0.0,0.0,0.0,0.03981888645659498,0.02124845166089913,0.02474487318334283,0.09190235910781785,0.09059406438965181,0.023350557924537,0.045605657441530945,0.042159548686524724,0.08873116117957816,0.09125754999697214,0.07931602548461286,0.05918306869755713,0.0,0.02171663194465371,0.0,0.11333648686909237,0.3532744239786343,0.0,0.06373756294515637,0.0334115962964804,0.04148204883988718,0.020463106646058986,0.0,0.05250878443799663,0.0,0.0,0.034507432862591426,0.051933686240517224,0.0546179796946949,0.1059102985433823
please rate satisfaction services listed 08 overall quality city water services,0.2621973267246484,0.21417217071308528,0.10352253264362411,0.0,0.0,0.0,0.12675771979483139,0.10675186548211749,0.04470570168835763,0.016961196338148434,0.0,0.0,0.24710354675492405,0.29671933838859477,0.47975137702552856,0.24460142354118516,0.3458495678290494,0.19031017888583177,0.42377981236098033,0.2328030888415531,0.0,0.0,0.0,0.0,0.043744890215468256,0.02334347511621,0.02718463164410602,0.10096361218178108,0.09952632415319605,0.02565284174865777,0.05010221669957324,0.04631633360305226,0.1623225062458993,0.13230271443910332,0.08713630982458097,0.0650183134983263,0.0,0.023857816348133096,0.0,0.18519414875213464,0.21962838799525758,0.0,0.07002186504327948,0.03670586352298674,0.01308008329216132,0.03743468148290049,0.0,0.05768596801650168,0.0,0.0,0.037909745764417004,0.057054167136301945,0.060003122592078,0.18123649606442763
please rate satisfaction services listed 09 overall quality citys sanitary sewer system,0.14606853899967556,0.10665880224673782,0.0692749585151545,0.0,0.0,0.0,0.04369311337229258,0.03679713842094591,0.0,0.0,0.0,0.0,0.16325819612328255,0.171308563754321,0.07681660244821346,0.15490500441550498,0.21902500834235253,0.08957180857364204,0.2702343071444118,0.0983574367458955,0.0,0.0,0.0,0.0,0.0,0.0,0.0,0.06417740847270649,0.0632637979261924,0.022135599865630413,0.0,0.020850435205141474,0.055952218766292,0.6270053832340015,0.02653499777771362,0.01979956240586727,0.0,0.0,0.0,0.13272250421312662,0.16478903876138984,0.0,0.02132325820378771,0.0,0.0,0.012903654189547252,0.0,0.017566695631300703,0.0,0.0,0.0,0.049231513091997324,0.03814091854495434,0.14191010121907496
please rate satisfaction services listed 10 overall quality citys stormwater drainage system,0.14402554703018483,0.10516701573365395,0.06830604224541911,0.0,0.0,0.0,0.043081998341273894,0.0362824741488921,0.0,0.0,0.0,0.0,0.16097478050265976,0.16891255142715006,0.07574220475107754,0.15273842095939535,0.21596160854233085,0.08831900980628314,0.2664546669620852,0.09698175752853849,0.0,0.0,0.0,0.0,0.0,0.0,0.0,0.06327978923840474,0.06237895693299961,0.021825999639085786,0.0,0.020558809972382866,0.05516964139270044,0.08529934315636958,0.02616386524129219,0.019522635236802432,0.0,0.0,0.0,0.1308661769565179,0.16248421196463272,0.0,0.02102501981808159,0.0,0.0,0.01272317684605586,0.0,0.017320998519855545,0.0,0.0,0.0,0.048542935068409024,0.0376074594521889,0.13992527136340818
please rate satisfaction services listed 11 overall flow traffic city,0.19219461396639717,0.16212755749269245,0.09928963905527353,0.0,0.0,0.0,0.07300945514705369,0.061486555196764936,0.04287774720147503,0.016267676411644533,0.0,0.0,0.16540739848888697,0.17403212854166178,0.08538239340597552,0.19307764752165002,0.27299849684467875,0.14118177225676354,0.26720689969920575,0.17788170689189173,0.0,0.0,0.0,0.0,0.04195622198462431,0.022388992612488987,0.026073089547429002,0.096835349322021,0.09545683001871197,0.02460393242826207,0.04805360615639951,0.044422522598455076,0.09349393282160129,0.09615592916239796,0.08357342628850363,0.06235980432834819,0.0,0.02288230314078424,0.0,0.11941998446442054,0.10436124439483918,0.0,0.06715876755119642,0.03520501138583715,0.012545256725532774,0.021561493083764885,0.0,0.05532726834098823,0.0,0.0,0.03635966854273029,0.05472130092744178,0.057549677661635955,0.11159518488764801
please rate satisfaction services listed 12 overall quality city streets system,0.23316016506116752,0.1966844298382329,0.12045284804411263,0.0,0.0,0.0,0.08857114287338555,0.0745921806176463,0.05201697596320182,0.019735069776533155,0.0,0.0,0.28751543464354484,0.2997275323886579,0.10358132587074173,0.2342314138607478,0.3311870882962659,0.17127413013129728,0.40747857230735895,0.3892557749507412,0.0,0.0,0.0,0.0,0.05089903115072904,0.02716112124762187,0.031630469434466166,0.11747543578731995,0.3066169090579492,0.029848167062217365,0.058296049571760426,0.053891014361620575,0.23503251305455003,0.11665119980435276,0.10138678429126899,0.07565155948085976,0.0,0.02775957903907613,0.0,0.2154812299182438,0.255546924614344,0.0,0.08147340346529834,0.04270882568612048,0.015219230489837521,0.026157243341141705,0.0,0.06712006519092023,0.0,0.0,0.044109593625108266,0.06638493812753185,0.06981617260694957,0.2108763335190722
please rate satisfaction services listed 13 overall quality city sidewalk trail system,0.16716152224976932,0.1410106597152292,0.08635729620920347,0.0,0.0,0.0,0.06350007114737113,0.0534780135221828,0.037292977908800824,0.014148833290992254,0.0,0.0,0.2061309131116394,0.21488623736868187,0.07426145072705799,0.16792954186409365,0.23744080732894018,0.12279303502483703,0.29213711704652257,0.15471285220112718,0.0,0.0,0.0,0.0,0.03649148012038076,0.019472856234133813,0.02267710446487744,0.0842226744350251,0.08302370542941022,0.021399303097837215,0.04179468814926858,0.03863654837398735,0.08131647296999178,0.0836317478435566,0.07268809916004035,0.05423752312094954,0.0,0.019901913725131403,0.0,0.1544868112438357,0.18321145429612384,0.0,0.058411427794949525,0.030619605683153556,0.010911253796221699,0.018753137413570653,0.0,0.04812096555118898,0.0,0.0,0.031623870287866125,0.04759392458374599,0.050053909026735594,0.15118538326755146
please rate satisfaction services listed 14 overall quality maintenance city parks,0.20876558777175763,0.17610615685556638,0.10785036806829519,0.0,0.0,0.0,0.07930431296755946,0.06678791133011414,0.0465746563449994,0.01767027159435123,0.0,0.0,0.25743389181023013,0.2683682886143148,0.09274404301399615,0.20972475626966758,0.45343936733793516,0.15335443100915827,0.3648457858563692,0.3081616083147528,0.0,0.0,0.0,0.0,0.04557367744360328,0.024319366218977408,0.028321105113519755,0.37599707569629304,0.3565731007614572,0.026725277617721296,0.05219677662531821,0.3807545615108558,0.10155495742459958,0.10444647045539579,0.09077910718283476,0.06773645179367796,0.0,0.024855209863438546,0.0,0.19293632600518174,0.22881011388194378,0.0,0.0729491804817364,0.038240379076183155,0.04693286915661923,0.06175123385016762,0.0,0.060097572229738,0.0,0.0,0.039494590497923664,0.1578365548259507,0.06251159715228641,0.18881322074340212
two items listed think receive emphasis city leaders next two years 1st,0.2510701164786253,0.479107391996468,0.7647873684306101,0.0,0.0,0.0,0.024785095725654273,0.0208733259729585,0.0434758236153394,0.016494584638060115,0.0,0.0,0.09410636343845422,0.1621901584966281,0.0,0.09439371943803884,0.13346621863762556,0.042202402969188105,0.03601317422915974,0.06951272247373468,0.0,0.0,0.0,0.08569437011032334,0.12431045132445648,0.022701283469300903,0.07725093861529417,0.07792164565525024,0.07681237622592066,0.0,0.04872387757500337,0.021543425822042158,0.03173912296816793,0.03158536947509012,0.05483384406012432,0.040915251869132564,0.0,0.15011666965282056,0.03186103253283187,0.06124512221776697,0.08397759664018023,0.0,0.04406392738356615,0.0356960653318563,0.012720243114583465,0.007319650160280799,0.0,0.036301094010545945,0.0,0.0,0.03686682812061467,0.039939429621737924,0.04630917967168516,0.049168768251701495
two items listed think receive emphasis city leaders next two years 2nd,0.47633029649599906,0.31299150585617047,0.9338719003794776,0.0,0.0,0.0,0.024819822230868857,0.020902571680591387,0.04353673778053763,0.016517695272200338,0.0,0.0,0.09423821627278837,0.1624174038317735,0.0,0.09452597488811144,0.1336532187359424,0.04226153293919103,0.03606363244390725,0.06961011705095091,0.0,0.0,0.0,0.08581443686428855,0.12448462323744519,0.022733090336117173,0.07735917524073833,0.07803082201123968,0.07691999837969725,0.0,0.04879214481138655,0.021573610409482535,0.031783592791139785,0.03162962387337538,0.05491067199707348,0.0409725784061416,0.0,0.15032699877033526,0.031905673163824,0.06133093302437449,0.08409525801538383,0.0,0.04412566554350702,0.035746079243951207,0.012738065502430534,0.007329905753895344,0.0,0.03635195563094903,0.0,0.0,0.03691848239353525,0.03999538892996005,0.04637406366435368,0.0492376588263431
please rate satisfaction public safety services listed 1 overall quality local fire protection,0.1527471420836035,0.11153549787532013,0.07244237536444138,0.0,0.0,0.0,0.04569086705500214,0.03847959162969881,0.0,0.0,0.0,0.0,0.17072275145855487,0.17914120115884388,0.08032884130211645,0.161987631840207,0.2290393557589158,0.30336650451877256,0.28259006622461874,0.102854574082087,0.0,0.0,0.0,0.0,0.0,0.0,0.0,0.06711175313774946,0.0661563701311612,0.023147692452710526,0.0,0.02180376698908303,0.05851048807852219,0.09046472072078555,0.02774824136325159,0.020704845771127342,0.0,0.0,0.0,0.13879089465513955,0.172323587884742,0.0,0.022298208586494863,0.0,0.02931892318438986,0.01349364013213576,0.0,0.018369886985312184,0.0,0.0,0.0,0.051482495660963676,0.03988481259608018,0.14839857057827316
please rate satisfaction public safety services listed 2 quickly firefighters respond emergencies,0.1256522837320625,0.09175091483908669,0.05959227635522791,0.0,0.0,0.0,0.03758605046775114,0.031653938001029384,0.0,0.0,0.0,0.0,0.04007640653169883,0.044980437978975385,0.06607981152038088,0.13325366091582977,0.18841149970502383,0.24955422131389682,0.0930586370567183,0.0846098457189409,0.0,0.0,0.0,0.0,0.0,0.0,0.0,0.05520721980123933,0.05442130619932778,0.01904166834243324,0.0,0.017936133395153903,0.048131679251451745,0.03684825358969691,0.022826154710853412,0.017032142925714058,0.0,0.0,0.0,0.0325805451796966,0.05949784038964105,0.0,0.018342869095995504,0.0,0.024118223126342566,0.01110008786634752,0.0,0.015111367847006953,0.0,0.0,0.0,0.04235033836826517,0.03280989562593442,0.03483590436779983
please rate satisfaction public safety services listed 3 quality emergency medical services,0.20473363464602684,0.14949587639139014,0.07112686516645864,0.0,0.0,0.0,0.08972229648766941,0.07556165053222182,0.0,0.0,0.0,0.0,0.11396546983355701,0.1558093273007671,0.11162459846366593,0.19740140588858068,0.2791119934096259,0.3360508313769057,0.5854885869236879,0.14292625594939143,0.0,0.0,0.0,0.0,0.0,0.0,0.0,0.06589304385035985,0.06495501002761354,0.022727344205871344,0.0,0.021407823624660205,0.11489594523780632,0.07237327709306828,0.02724434990047438,0.02032885815859321,0.0,0.0,0.0,0.09264945288696665,0.1691942946213046,0.0,0.021893286458462616,0.0,0.028786509079400845,0.026497207399806974,0.0,0.01803630082743986,0.0,0.0,0.0,0.050547604339152556,0.03916052826041593,0.09906302864786506
please rate satisfaction public safety services listed 4 quickly emergency medical services respond emergencies,0.1623770978159056,0.11856726221780275,0.0564117076436464,0.0,0.0,0.0,0.0711600032805294,0.05992899769896194,0.0,0.0,0.0,0.0,0.03793744201341928,0.07006813966179018,0.08853102410228525,0.15656180504188297,0.2213676103285394,0.26652659594476247,0.41404351153923447,0.11335680472278409,0.0,0.0,0.0,0.0,0.0,0.0,0.0,0.052260691044617655,0.051516723351893154,0.018025373308069408,0.0,0.01697884315265129,0.09112557480252922,0.0574002543066113,0.021607873451612837,0.016123100610267116,0.0,0.0,0.0,0.030841650998391843,0.05632231192984659,0.0,0.017363870489203053,0.0,0.022830981380494126,0.021015304325767713,0.0,0.014304841452933861,0.0,0.0,0.0,0.04009000918842209,0.031058760515135,0.03297663678736028
please rate satisfaction public safety services listed 5 overall quality local police protection,0.14317019742571352,0.10454244205789934,0.06790038125386338,0.0,0.0,0.0,0.0428261397731178,0.03606699709949065,0.0,0.0,0.0,0.0,0.16001877153291807,0.16790940103451055,0.07529238132591783,0.15183132669279406,0.2146790397185585,0.40629096760296307,0.3689332330520917,0.09640579507150591,0.0,0.0,0.0,0.0,0.0,0.0,0.0,0.06290397853112269,0.06200849615544885,0.02169637777308051,0.0,0.020436713786387523,0.05484199583316523,0.08479276108857038,0.026008481337206825,0.019406692762204247,0.0,0.0,0.0,0.1300889791953806,0.1615192386713346,0.0,0.02090015487046484,0.0,0.027480684504859312,0.012647615499424685,0.0,0.017218131288739235,0.0,0.0,0.0,0.048254644684051454,0.037384113481762835,0.13909427278028078
please rate satisfaction public safety services listed 6 quickly police respond emergencies,0.13802218075856293,0.10078337596861817,0.06545886548671402,0.0,0.0,0.0,0.04128622654183148,0.034770124527260034,0.0,0.0,0.0,0.0,0.044021746857119334,0.049408557942105344,0.07258506904344089,0.14637187902516305,0.20695975669436306,0.39168183308655613,0.20253908936979503,0.0929393010052703,0.0,0.0,0.0,0.0,0.0,0.0,0.0,0.06064212001775208,0.05977883678881407,0.020916234164976816,0.0,0.01970186431990761,0.05287002461509502,0.04047579690982375,0.025073286039451588,0.01870888009175699,0.0,0.0,0.0,0.03578795197700939,0.06535513272893836,0.0,0.020148641304416928,0.0,0.026492552726043214,0.01219284113603433,0.0,0.016599013424509087,0.0,0.0,0.0,0.04651953696214012,0.03603988093371022,0.038265341040622874
please rate satisfaction public safety services listed 7 overall competence police department employees,0.12711740187662599,0.09282073964543634,0.060287128233527734,0.0,0.0,0.0,0.038024307560158684,0.03202302607117612,0.0,0.0,0.0,0.0,0.08602342226467742,0.20337667401743123,0.06685030870493099,0.1348074118755306,0.19060839655928935,0.3607360549630232,0.27379474276576704,0.08559640494802642,0.0,0.0,0.0,0.0,0.0,0.0,0.0,0.055850941483323334,0.055055864050528494,0.01926369609205018,0.0,0.018145270497163024,0.1410803018235166,0.07528546919212867,0.02309230994849953,0.017230739408802848,0.0,0.0,0.0,0.06993366517004526,0.06019159113517535,0.0,0.018556748776791455,0.0,0.02439944401041647,0.011229515996550974,0.0,0.12095412280863323,0.0,0.0,0.0,0.04284414753216431,0.0331924622771327,0.07477476078183039
please rate satisfaction public safety services listed 8 officers attitudes professionalism toward citizens,0.11622805309348191,0.08486937033339237,0.055122708911095615,0.0,0.0,0.0,0.034767004144989955,0.029279814718263214,0.0,0.0,0.0,0.0,0.03707057737283038,0.0416067943877283,0.061123662966408386,0.12325930827370947,0.17428017335390622,0.23083704030739335,0.08607901016506085,0.07826389897872618,0.0,0.0,0.0,0.0,0.0,0.0,0.0,0.05106654239476151,0.05033957424792983,0.01761349633574604,0.0,0.01659087923136392,0.04452168480634387,0.03408454384926187,0.021114136909046333,0.015754690272776407,0.0,0.0,0.0,0.030136924077203205,0.05503535587543121,0.0,0.016967108753250193,0.0,0.022309297012273053,0.0102675539477119,0.0,0.013977978053962668,0.0,0.0,0.0,0.03917395872318422,0.03034907267530737,0.03222312577345496
please rate satisfaction public safety services listed 9 police departments ongoing efforts build trust community,0.09836427152238514,0.07182529144399674,0.04665057154505912,0.0,0.0,0.0,0.029423456254464832,0.024779625644730744,0.0,0.0,0.0,0.06043473736872356,0.0964316264282582,0.0352119984066056,0.05172920323835078,0.10431485122567594,0.147494015743032,0.2791399032269042,0.14434353863396077,0.06623505431474587,0.0,0.0,0.0,0.0,0.0,0.0,0.0,0.043217821413455385,0.04260258532991226,0.014906373202641387,0.0,0.014040928210303996,0.03767888195978782,0.02884588734536289,0.017868979481329008,0.013333258111929654,0.0,0.0,0.0,0.025505000762554852,0.046576644317598045,0.0,0.09072234315651452,0.030930731431721387,0.018880448311594633,0.008689472442347133,0.0,0.011829619373629781,0.10183557816213512,0.0,0.0,0.033153079741900064,0.11090760066207117,0.02727056169762033
two public safety items listed think receive emphasis city leaders next two years 1st,0.22377413479864688,0.4270195259529151,0.6816407865492172,0.0,0.0,0.0,0.022090495793361784,0.01860400801768285,0.038749194649811726,0.014701317138072025,0.0,0.0,0.08387525505959573,0.14455707791702968,0.0,0.08413137012851801,0.11895596345503087,0.2390443508768278,0.03209787376336056,0.06195539934113469,0.0,0.0,0.0,0.07637780153810213,0.11079559798558412,0.020233232606135795,0.06885232776196416,0.06945011649793391,0.06846144524430843,0.0,0.04342668773688884,0.019201255575697844,0.028288491203509267,0.028151453568890237,0.048872387460268986,0.03646700457823434,0.0,0.13379620140206555,0.0283971469357763,0.05458664068483419,0.07484767320855538,0.0,0.03927336062285761,0.03181524048893392,0.03950009895078666,0.0065238683305627815,0.0,0.03235449132053845,0.0,0.0,0.03285871963246298,0.03559727232100413,0.04127451231396813,0.043823210539580035
two public safety items listed think receive emphasis city leaders next two years 2nd,0.4244220119096446,0.2788831313131076,0.8321028364994421,0.0,0.0,0.0,0.02211507217566533,0.018624705570951805,0.03879230436679482,0.014717672823056673,0.0,0.0,0.08396856896044405,0.14471790228443207,0.0,0.08422496896556271,0.11908830576470578,0.23931029535401865,0.03213358367336522,0.06202432670221429,0.0,0.0,0.0,0.07646277428238381,0.11091886162797199,0.02025574272380886,0.06892892817625072,0.06952738197128702,0.06853761078930642,0.0,0.04347500131436496,0.019222617585955587,0.028319963053716306,0.02818277296035077,0.04892675955266319,0.03650757528585282,0.0,0.13394505395056325,0.02842873966895675,0.054647370066496136,0.07493094363618685,0.0,0.039317053491231456,0.031850635960391394,0.03954404407279403,0.006531126342501023,0.0,0.03239048672577373,0.0,0.0,0.03289527600780404,0.03563687542370078,0.041320431527529886,0.04387196526134201
additional services would like see offered police department fire district none,0.04525001994519411,0.03304142673054408,0.0,0.0,0.0,0.0,0.037070071751348396,0.031219394916677478,0.0,0.0,0.0,0.0,0.0,0.028639603641073295,0.027065980325907995,0.031694160036639385,0.044813359598174264,0.1371150947086843,0.1439380944978022,0.03465579527115705,0.0,0.0,0.0,0.0,0.0,0.11355899108790202,0.06612253161178308,0.0,0.0,0.0,0.0,0.0,0.04747093086822428,0.023461740816484482,0.0,0.0,0.0,0.0,0.0,0.0,0.0,0.0,0.0,0.06914731982621092,0.0,0.010947706623360849,0.0,0.0,0.0,0.0,0.0,0.0,0.0,0.0
visited [city name] park past year none,0.0353574381661635,0.05163578729742028,0.02641301351460208,0.0,0.0,0.0,0.02896579429911945,0.02439419533269617,0.3283095386734993,0.44090528828996317,0.0,0.0,0.06580990877810977,0.06713519791167923,0.0,0.20861063656995388,0.29496107364278445,0.04932101682660664,0.04208780181149185,0.08123798441746082,0.0,0.0,0.0,0.0,0.049717247281285314,0.02653048891060567,0.030896066878749746,0.030218794659470565,0.029788608864175056,0.0,0.056942520251483546,0.02517732623536755,0.1249491098328093,0.0,0.06408310321882471,0.04781675174694816,0.0,0.027115051589550042,0.0,0.03566724816875322,0.03256735310869894,0.0,0.05149653932070988,0.04171720364268168,0.014865867357148925,0.07205769280650624,0.0,0.04242428730481387,0.0,0.0,0.04308544827193833,0.0,0.01795916371605651,0.019068140809435672
member family participated [city name] recreation program past year none,0.023535818709946685,0.034371566261847133,0.017581927025978855,0.0,0.0,0.0,0.019281195662701908,0.01623809270986168,0.2185405443305097,0.15299541281276116,0.0,0.0,0.04380662634664475,0.04468881030577002,0.0,0.016485031513574104,0.023308699279331425,0.032830730132821694,0.02801591191873732,0.054076385982075675,0.0,0.0,0.0,0.0,0.03309448250381789,0.017660124988462055,0.020566089248075865,0.11396280279129267,0.01982890543579245,0.0,0.03790401406425773,0.09495013606288892,0.18093740991857804,0.0,0.042657171388973215,0.03182941012654288,0.0,0.018049241450225448,0.0,0.023742044964835757,0.02167858754435112,0.0,0.03427887529480985,0.027769221780318258,0.00989552346636927,0.0056942127028712895,0.0,0.028239894819651584,0.0,0.0,0.028679999235226187,0.0,0.011954588435308638,0.16201242369880928
used [city name] trail past year none,0.03465249427550201,0.05060629153407488,0.02588640034699717,0.0,0.0,0.0,0.02838828470599337,0.02390783263620862,0.4740749727293968,0.22525975119071112,0.0,0.0,0.06449781447647808,0.06579668047176247,0.0,0.024271408069360123,0.034318099501891505,0.04833767212471583,0.04124867035013004,0.07961829069034156,0.0,0.0,0.0,0.0,0.04872600267903954,0.026001533560789297,0.030280072204891095,0.029616303195631032,0.02919469429006429,0.0,0.055807220754345035,0.024675349756489093,0.2336512670661404,0.0,0.0628054373456232,0.046863398541411166,0.0,0.02657444143919937,0.0,0.034956127397641146,0.03191803693083843,0.0,0.05046981983346253,0.04088546103437436,0.01456947703827014,0.008383760748732635,0.0,0.04157844711665746,0.0,0.0,0.04222642609411605,0.0,0.0176011003664573,0.018687967073241506
please rate satisfaction park services listed 01 maintenance city parks,0.2166021250327136,0.18271674088338621,0.1118988007482014,0.0,0.0,0.0,0.08228119823949541,0.06929496223494085,0.04832295228667942,0.018333569330526683,0.0,0.0,0.12094885093336649,0.12935053941997934,0.09622542208881513,0.3924465314521313,0.7176851196891072,0.1591109722359138,0.17554027861956092,0.31972922322547703,0.0,0.0,0.0,0.0,0.04728439914451906,0.025232254313092853,0.029384208462411687,0.39011106414215646,0.3699579618403183,0.027728477599557565,0.05415611288035898,0.395047134057922,0.1053670761573227,0.053658427185596255,0.09418672748820982,0.07027910853165743,0.0,0.02578821218581682,0.0,0.08136570843149549,0.1176144681709588,0.0,0.07568750999812361,0.039675827124408515,0.04869461151001668,0.1244651453468372,0.0,0.06235348456231184,0.0,0.0,0.040977118501444774,0.16376134375422352,0.06485812593394241,0.06886311063798725
please rate satisfaction park services listed 02 number city parks,0.21425050268162107,0.1807330079365591,0.11068392937581678,0.0,0.0,0.0,0.08138788149652508,0.06854263544227808,0.0477983159995194,0.018134524046892187,0.0,0.0,0.11963572429090669,0.12794619668982396,0.09518071464057012,0.5132913704250004,0.8867839790651068,0.15738352418545015,0.17363445963160581,0.19829507358679602,0.0,0.0,0.0,0.0,0.17234873275231213,0.02495831086400546,0.10710363635895855,0.5385312146697468,0.10641127445683163,0.027427432964492054,0.053568146693607537,0.2810807622936197,0.10422311890702607,0.05307586431057801,0.0931641538938645,0.0695160969849658,0.0,0.025508232771202472,0.0,0.080482331047589,0.11633754250773683,0.0,0.07486578010889355,0.03924507160042762,0.04816594016486053,0.12311384273295287,0.0,0.0616765205300195,0.0,0.0,0.04053223501871435,0.06100101344747602,0.06415396932156753,0.06811547240443994
please rate satisfaction park services listed 03 maintenance city park restrooms shelters,0.138780950174635,0.11706996368931807,0.0716956118915829,0.0,0.0,0.0,0.0527190712993238,0.04439855195247093,0.030961400921510174,0.011746653784669771,0.0,0.0,0.07749414486366549,0.08287726061595702,0.06165339101093385,0.3634767905811285,0.5139311501889392,0.10194531520304839,0.11247187282702543,0.20485637152049216,0.0,0.0,0.0,0.0,0.030295980894564,0.01616676765331912,0.018827000750464222,0.06992340478257311,0.23703884466099462,0.01776614364970559,0.03469881379125844,0.1031204886928386,0.06751061626947501,0.03437993744783816,0.06034716202659137,0.045029112516678446,0.0,0.016522980048844088,0.0,0.05213250020538725,0.07535774473396697,0.0,0.0484943744310235,0.025421029394140784,0.009058748383336944,0.09296279351080697,0.0,0.039951020023234446,0.0,0.0,0.026254790622161406,0.10492489344069775,0.04155578964102603,0.04412185672175423
please rate satisfaction park services listed 04 number city park restrooms shelters,0.13815642847722165,0.11654314259213311,0.07137297780398459,0.0,0.0,0.0,0.05248183265920439,0.04419875609437109,0.030822072961631922,0.011693793214459684,0.0,0.0,0.07714541706760304,0.08250430851113488,0.06137594745432909,0.44251370372000887,0.6256839023025071,0.10148655583287666,0.11196574338461418,0.12786779404709261,0.0,0.0,0.0,0.0,0.11113666045870692,0.01609401633432445,0.069064276121048,0.16804652595967814,0.06861781626954559,0.017686195053196907,0.034542667273599656,0.03193251329729897,0.06720681488597835,0.03422522589077741,0.06007559657026973,0.04482647910231902,0.0,0.016448625755020287,0.0,0.05189790116655877,0.07501863085273702,0.0,0.04827614715273673,0.025306633402419683,0.009017983531174719,0.09254445596861113,0.0,0.039771238296658074,0.0,0.0,0.026136642660326934,0.039335647038914526,0.04136878636535088,0.043923306006989515
please rate satisfaction park services listed 05 maintenance walking biking trails city,0.1613067868384642,0.13607184310423487,0.08333268197181255,0.0,0.0,0.0,0.061276017967169714,0.05160497710039938,0.03598681297672132,0.013653278607219687,0.0,0.0,0.09007238739194796,0.09632924832343029,0.07166048646557586,0.8498200517368001,0.4132365046019609,0.11849228015765326,0.1307274261532455,0.23810705296206308,0.0,0.0,0.0,0.0,0.03521338718370301,0.01879083073317619,0.021882852027178268,0.08127282408780953,0.2755131330348484,0.020649804912262204,0.04033085342571086,0.11985819860234806,0.07846841064432997,0.03996021957220865,0.07014224062510269,0.05233788531576592,0.0,0.019204860734281248,0.0,0.06059423924828815,0.08758922352911738,0.0,0.0563656013982205,0.02954717174464528,0.18547314751626093,0.17825655027187579,0.0,0.04643555662904613,0.0,0.0,0.030516262563761744,0.1219554801937118,0.048300799879911704,0.051283370867380544
please rate satisfaction park services listed 06 number walking biking trails city,0.16032844633933785,0.1352465548599594,0.0828272615907378,0.0,0.0,0.0,0.06090437328204864,0.051291988167674774,0.03576854964596099,0.01357047021664233,0.0,0.0,0.08952609007758397,0.09574500257201263,0.07122585902385158,0.9382851221219907,0.5431014402077123,0.11777361357961184,0.12993455228935571,0.1483886416460805,0.0,0.0,0.0,0.0,0.12897241408947385,0.01867686261640437,0.08014804819497992,0.19501545253307223,0.07962993828773031,0.020524561946106322,0.04008624309006384,0.037057198865779115,0.07799249251627066,0.039717857164973905,0.06971682148404869,0.05202045122730243,0.0,0.019088381487470364,0.0,0.060226729613806894,0.08705798683198214,0.0,0.056023738841248776,0.0293679654302738,0.18434823581680898,0.17717540789849154,0.0,0.04615392070696206,0.0,0.0,0.030331178624435635,0.04564842363843778,0.04800785108594661,0.05097233250604044
please rate satisfaction park services listed 07 safety trails parks city,0.1887435956488829,0.15921641883415047,0.09750680884974532,0.0,0.0,0.0,0.07169850807177158,0.06038251162402472,0.042107840657517936,0.015975576398426703,0.0,0.0,0.10539287650717441,0.11271397224548091,0.08384927966487583,0.5370603003185285,0.6253792293744236,0.25600070065550323,0.1529629654504021,0.17468768903589732,0.0,0.0,0.0,0.0,0.04120286221238871,0.021986979142798832,0.025604924973170438,0.3399364846373601,0.09374282117045143,0.024162147823894014,0.047190762647697726,0.2476175928598075,0.09181516946770102,0.04675708736626481,0.08207279409581647,0.061240080822197486,0.0,0.022471431859554858,0.0,0.07090076502970444,0.1024873491872027,0.0,0.0659528745648228,0.03457287536155676,0.04243169850590308,0.24323090533338237,0.0,0.05433382002023476,0.0,0.0,0.03570679966378424,0.05373873326874646,0.056516324084869896,0.06000620311281586
please rate satisfaction park services listed 08 crown point community center,0.1193271833025057,0.08713234577194245,0.05659251286842597,0.0,0.0,0.0,0.03569403914175044,0.030060538096938455,0.0,0.0,0.0,0.07331429260059448,0.11698266235159223,0.042716207046339556,0.0627534776741625,0.24057397355758658,0.340155030912153,0.07317353684510856,0.08837423970444619,0.08035074468546682,0.0,0.0,0.0,0.0,0.0,0.0,0.0,0.05242819184163566,0.051681839657259865,0.01808314645142626,0.0,0.01703326206108258,0.04570882074011882,0.034993381575547135,0.021677128870028935,0.01617477677735636,0.0,0.0,0.0,0.030940501607144254,0.05650283063232781,0.0,0.11005664459179773,0.03752253742247911,0.0,0.04992857573411802,0.0,0.014350689915644334,0.12353827781161703,0.0,0.0,0.04021850171994616,0.03115830698183279,0.033082330241358815
please rate satisfaction park services listed 09 simpson barn,0.13592292068235562,0.0992505026554048,0.06446326331469458,0.0,0.0,0.0,0.0406582801740797,0.03424128536631013,0.0,0.0,0.0,0.0,0.043352194360888954,0.048657074285342425,0.07148108027341708,0.27403242263089866,0.3874629737062262,0.08335033618811871,0.1006651162062474,0.09152573281616694,0.0,0.0,0.0,0.0,0.0,0.0,0.0,0.0597197785448802,0.0588696254955047,0.02059810692567499,0.0,0.019402207141863276,0.05206589348709382,0.039860176840364754,0.024691931766734943,0.01842432579163419,0.0,0.0,0.0,0.03524363208304988,0.06436110828910512,0.0,0.019842188833895734,0.0,0.0,0.05687252184682216,0.0,0.01634654932058759,0.0,0.0,0.0,0.04581199411524728,0.03549172930489522,0.037683341087372216
please rate satisfaction park services listed 10 lew clarkson park,0.11680683450048754,0.08529199475379572,0.05539720373547218,0.0,0.0,0.0,0.034940133566337336,0.02942561955546435,0.0,0.0,0.0,0.0,0.037255177909097645,0.04181398394615061,0.06142804077117624,0.3471123593470554,0.4907929713993975,0.07162801443501804,0.0865076582348768,0.0786536301009727,0.0,0.0,0.0,0.0,0.0,0.0,0.0,0.051320838706809174,0.050590250473125195,0.01770120634998238,0.0,0.01667349691418156,0.0447433896589043,0.034254274819721764,0.021219279080343812,0.015833143981328863,0.0,0.0,0.0,0.030286997066089942,0.05530941570746692,0.0,0.017051599948066345,0.0,0.0,0.08742935229478789,0.0,0.0140475842599503,0.0,0.0,0.0,0.03936903347789554,0.030500202101610353,0.0323835874311778
please rate satisfaction park services listed 11 terra park,0.13182874431319827,0.09626094754167705,0.06252154540562636,0.0,0.0,0.0,0.03943359953108271,0.033209893010314954,0.0,0.0,0.0,0.0,0.04204636949476315,0.04719145948887313,0.06932797652735219,0.391752645844734,0.5539112622477236,0.08083971491048887,0.09763295107985753,0.08876885788598894,0.0,0.0,0.0,0.0,0.0,0.0,0.0,0.05792094060892128,0.05709639528271304,0.019977664970770602,0.0,0.018817787254540887,0.05049760059223996,0.038659536114937505,0.02394817844653915,0.0178693609711677,0.0,0.0,0.0,0.03418204773132083,0.062422467423185024,0.0,0.019244516121830188,0.0,0.0,0.09867317934285788,0.0,0.015854169848386456,0.0,0.0,0.0,0.044432076859283194,0.034422671939947844,0.03654826950550587
please rate satisfaction park services listed 12 beaver creek water trail,0.11645661511924615,0.08503626562839603,0.055231107509187936,0.0,0.0,0.0,0.03483537332683233,0.029337393362900973,0.0,0.0,0.0,0.0,0.03714347652269198,0.041688613991151986,0.3046154764551408,0.2347866585879201,0.3319721661022402,0.07141325372343592,0.0862482842122075,0.07841780463935355,0.0,0.0,0.0,0.0,0.0,0.0,0.0,0.0511669645567772,0.05043856682984087,0.017648133209513955,0.0,0.016623505132473015,0.11651321305332263,0.03415157097552004,0.021155657779230005,0.0157856718114686,0.0,0.0,0.0,0.030196188224145847,0.05514358269411006,0.0,0.017000474508287712,0.0,0.0,0.04872747991528448,0.0,0.01400546569481244,0.0,0.0,0.0,0.039250994164496955,0.03040875401166388,0.03228649242812406
please rate satisfaction park services listed 13 [city name] town center splash pad,0.13095477964292637,0.11046812461255265,0.06765253476656925,0.0,0.0,0.0,0.04974612406310274,0.04189481755301825,0.02921541775013522,0.011084233505949352,0.0,0.0,0.07312407539700734,0.0782036251208465,0.05817661735213909,0.23726798174386676,0.3354805861625342,0.0961963891387443,0.10612933045606375,0.12120245852783389,0.0,0.0,0.0,0.0,0.02858752225807327,0.01525508719254857,0.017765303750347638,0.06598026641021368,0.06504099091298295,0.016764270772207157,0.03274206948566984,0.030267974414104504,0.06370354047873568,0.03244117529786238,0.05694404956389061,0.042489819386003304,0.0,0.01559121196834346,0.0,0.04919263103502711,0.0711081516851309,0.0,0.04575966737181873,0.02398748025876035,0.008547905147556935,0.051205834824038135,0.0,0.03769809197205668,0.0,0.0,0.024774223812200954,0.037285206681079465,0.03921236501465449,0.04163372578991129
please rate satisfaction park services listed 14 [city name] town center skating rink,0.13056634668752887,0.11014045837358472,0.06745186645884377,0.0,0.0,0.0,0.04959856905180731,0.04177055078060772,0.029128760118464183,0.011051355885210562,0.0,0.0,0.07290717761905208,0.0779716605807868,0.05800405614074429,0.2365642067184628,0.3344854967437522,0.09591105516442419,0.10581453377895265,0.12084295252663424,0.0,0.0,0.0,0.0,0.028502727065500128,0.015209838148418942,0.017712608999853628,0.06578455831960778,0.06484806886469116,0.016714545246656366,0.032644951237288014,0.030178194729944638,0.06351458552371295,0.03234494955007466,0.056775144346954534,0.0423637877423824,0.0,0.01554496592402491,0.0,0.04904671777314528,0.07089723346139579,0.0,0.045623936832744794,0.023916329531197322,0.008522550684986141,0.0510539500756652,0.0,0.03758627336324011,0.0,0.0,0.024700739476621207,0.03717461275649551,0.03909605482825045,0.04151023345769645
please rate satisfaction park services listed 15 [city name] commons park,0.1512538676426633,0.12759160944289222,0.07813924445655826,0.0,0.0,0.0,0.05745719007196603,0.04838886527361687,0.03374405227173211,0.01280238256442896,0.0,0.0,0.08445891972594763,0.09032584221406771,0.06719448045250193,0.39614421362987795,0.5601206366601674,0.11110763540030666,0.12258026584120196,0.13998985504859812,0.0,0.0,0.0,0.0,0.03301882771781571,0.017619753516370906,0.02051907467152869,0.07620776049449973,0.07512288942583381,0.019362873195000303,0.037817364572992104,0.03495976403706448,0.07357812296895566,0.03746982926514636,0.06577085433047197,0.049076097375712384,0.0,0.01800798044850829,0.0,0.05681790098730673,0.08213051094907611,0.0,0.05285279919451362,0.027705740668897503,0.009872902060818015,0.10131781089322561,0.0,0.043541612066928526,0.0,0.0,0.028614436064554657,0.04306472609664662,0.04529061011789286,0.04808730209976976
please rate satisfaction following recreation items 1 accessibility desired destinations via bike trail system,0.0,0.0,0.03126554531755185,0.008912429741016466,0.008419949773544615,0.01226811226194905,0.012720812112658743,0.0,0.011156861966068223,0.008465753547198415,0.010884794040461072,0.00894913465958482,0.07167413775552765,0.02417771759591785,0.04406582094385729,0.040724872214576324,0.05758216469632667,0.051382841110221074,0.034605467145328986,0.056422714074907676,0.0,0.0,0.0,0.009069548393448862,0.01091707955412516,0.011651307097042065,0.006784261769694714,0.18161734651407674,0.09732909047823814,0.028878329038735086,0.00833575278321078,0.09625688484283708,0.008144963900234801,0.033456030503900565,0.034617828363292684,0.025830710775875343,0.008151018892503727,0.0,0.03001122018185306,0.05826826019225877,0.10640815325771577,0.0,0.027818539832887047,0.0,0.0,0.0,0.0,0.022917690039730227,0.0,0.0,0.009460846932025377,0.0757409221258235,0.05867843907057061,0.062301828546458556
please rate satisfaction following recreation items 2 communitys youth recreation programs,0.0,0.0,0.03753998008686837,0.0107009947085602,0.01010968283524078,0.014730102588631083,0.015273651188483261,0.0,0.013395844268323645,0.010164678605613662,0.013069177184611069,0.010745065646653597,0.08605785303784527,0.029029752332103323,0.05290904169246197,0.04889762441204601,0.0691378734675509,0.06169445670923797,0.04155016438504738,0.06774574187996135,0.0,0.0,0.0,0.010889644259485402,0.01310794182241714,0.013989515678250629,0.008145741555176684,0.3175804655387013,0.11686129511948534,0.034673692271970716,0.01000858901748056,0.19848725206910328,0.009779512224001658,0.04017005640381488,0.04156500627798395,0.031014471627067868,0.009786782344733376,0.0,0.036033934369822856,0.06996165603693796,0.12776236313180891,0.0,0.03340122236045187,0.0,0.0,0.0,0.0,0.02751685982094553,0.0,0.0,0.011359469403969187,0.09094076816783629,0.07045415046706827,0.0748046892915244
please rate satisfaction following recreation items 3 communitys adult recreation education programs,0.0,0.0,0.03387656269266789,0.009656715780871053,0.009123108312218417,0.013292634749898133,0.013783140023923179,0.0,0.012088582815626598,0.009172737205429264,0.011793794221828406,0.009696485964387158,0.07765971763668471,0.026196823294936347,0.04774580230879362,0.044125847565290754,0.062390909625988894,0.05567387424458633,0.03749540477708163,0.06113463210814553,0.0,0.0,0.0,0.009826955571197869,0.011828775931457904,0.012624319560576847,0.007350822345500955,0.28658871224473137,0.10545714146093627,0.03128998756311483,0.009031879945893492,0.17911745884933097,0.008825158089947757,0.036249977516846395,0.03750879829288479,0.027987859610555842,0.00883171874075741,0.0,0.032517487593707914,0.06313430165210054,0.11529440597418239,0.0,0.03014169428665727,0.0,0.0,0.0,0.0,0.02483156956057348,0.0,0.0,0.01025093184728716,0.08206612329117202,0.06357873498423049,0.06750471738732527
please rate satisfaction following recreation items 4 communitys senior citizen recreation programs,0.0,0.0,0.033120268909800236,0.009441129737675079,0.008919435048211254,0.012995876867155375,0.013475431617876909,0.0,0.011818705375282929,0.00896795597708326,0.011530497932670955,0.009480012052406808,0.07592596553908497,0.025611979585479044,0.04667987794770182,0.04314073864263675,0.06099803345122262,0.054430955789685084,0.036658320395874605,0.059769802311192756,0.0,0.0,0.0,0.009607568927091201,0.011564698676127853,0.012342481804981143,0.007186715340628522,0.2801906232981911,0.10310281226970569,0.030591439033422603,0.00883024335387394,0.17511866411446492,0.008628136560437734,0.03544069728160526,0.03667141490162694,0.02736303104068983,0.008634550744810876,0.0,0.03179153514319793,0.06172482926086798,0.11272045999185976,0.0,0.02946878138811724,0.0,0.0,0.0,0.0,0.024277205121421806,0.0,0.0,0.010022079938814722,0.08023399824967255,0.06215934062514545,0.06599767552663137
please rate satisfaction following recreation items 5 overall variety recreation program services provided children,0.04721065315646738,0.03447307512924578,0.03574244412955164,0.010188596387538669,0.009625598443843622,0.014024777519284796,0.05321857612354717,0.03257209669633702,0.012754407813237454,0.009677960838425766,0.012443382608601169,0.010230557066230963,0.12819664558053354,0.16467989386990595,0.07861430449125213,0.0796236804838386,0.11258240073021146,0.15775205219270536,0.24090421675621143,0.17322512230310247,0.0,0.0,0.0,0.010368212786332863,0.012480291069867786,0.013319652311277292,0.08728302418648719,0.30237368320087865,0.11126559742572555,0.03301340346820534,0.00952934532584046,0.1889830389118883,0.1085387934610043,0.1013841393826416,0.03957473901684314,0.029529398171572466,0.009318159475717935,0.0,0.034308512764284885,0.15200852328511918,0.12164468695857303,0.0,0.03180186354160567,0.0,0.0,0.03434549436933352,0.0,0.026199263358557004,0.0,0.0,0.010815541179648775,0.08658622934311079,0.06708057731882199,0.2621898337882148
please rate satisfaction following recreation items 6 overall variety recreation program services provided adults,0.04570726377823072,0.03337530478464375,0.03460425163985032,0.00986414784543949,0.00931907816733558,0.013578168541333462,0.05152386874883975,0.031534861646064,0.01234825284714178,0.009369773119029928,0.01204713201700047,0.009904772316423735,0.1241143153773781,0.1594357808000735,0.07611088836697384,0.07708812150525848,0.10899729495179254,0.152728551270667,0.23323279481160542,0.1677088925646339,0.0,0.0,0.0,0.01003804448888081,0.012082865154798221,0.012895497539679172,0.08450355890293262,0.2927448101989337,0.10772242430379055,0.03196211532040004,0.009225890160817922,0.18296500962461298,0.10508245345496603,0.09815563420258464,0.03831450984595612,0.028589055672820544,0.009021429372576151,0.0,0.033215982790128905,0.14716792092041792,0.1177709991769968,0.0,0.030789156013537253,0.0,0.0,0.03325178674249741,0.0,0.025364966613702845,0.0,0.0,0.010471128030449682,0.08382895299142441,0.06494444446141659,0.25384058664070236
please rate satisfaction following recreation items 7 overall variety recreation program services provided senior citizens,0.04261392299751256,0.031116556769007597,0.032262331911223636,0.00919656969100479,0.00868838881621653,0.01265923577213156,0.04803687628404325,0.029400669715053358,0.011512557359264524,0.008735652874252193,0.01123181555133551,0.009234444810520517,0.11571460291393776,0.14864560956935977,0.07095991464024681,0.07187101135142893,0.10162066048296375,0.1423923067228021,0.21744824644983649,0.15635882008651836,0.0,0.0,0.0,0.009358697492158877,0.011265130369521982,0.012022766049544793,0.0787845925229158,0.27293265377395737,0.10043206954281605,0.029799008046284464,0.008601507515395228,0.17058244547764545,0.0979707645954596,0.09151273324904471,0.03572149013743067,0.026654227715845406,0.008410884065949207,0.0,0.030968017244983423,0.1372080044046221,0.10980058475210969,0.0,0.028705431370498566,0.0,0.0,0.031001398085207008,0.0,0.02364833605781532,0.0,0.0,0.009762471141385627,0.07815564206755363,0.06054918467276857,0.23666136011191838
kinds additional outdoor recreational opportunities needed none,0.0,0.0,0.0,0.0,0.0,0.0,0.0,0.0,0.0,0.0,0.0,0.0,0.0,0.0,0.0,0.0,0.0,0.0,0.0,0.0,0.0,0.0,0.0,0.0,0.0,0.0,0.0,0.0,0.0,0.0,0.0,0.0,0.0,0.0,0.0,0.0,0.0,0.0,0.0,0.0,0.0,0.0,0.0,0.0,0.0,0.06407997420618905,0.0,0.0,0.0,0.0,0.0,0.0,0.0,0.0
kinds additional indoor recreational opportunities needed none,0.0,0.0,0.0,0.0,0.0,0.0,0.0,0.0,0.0,0.0,0.0,0.0,0.0,0.0,0.0,0.0,0.0,0.0,0.0,0.0,0.0,0.0,0.0,0.0,0.0,0.0,0.0,0.0,0.0,0.0,0.0,0.0,0.0,0.0,0.0,0.0,0.0,0.0,0.0,0.0,0.0,0.0,0.0,0.0,0.0,0.0,0.0,0.0,0.0,0.0,0.0,0.0,0.0,0.0
top priority terms recreation none,0.0,0.0,0.0,0.0,0.0,0.0,0.0,0.0,0.0,0.0,0.0,0.0,0.0,0.0,0.0,0.0,0.0,0.0,0.0,0.0,0.0,0.0,0.0,0.0,0.0,0.0,0.0,0.11934946807893475,0.0,0.0,0.0,0.09943813205333094,0.0,0.0,0.0,0.0,0.0,0.0,0.0,0.0,0.0,0.0,0.0,0.0,0.0,0.0,0.0,0.0,0.0,0.0,0.0,0.0,0.0,0.0
please rate satisfaction following city maintenance items 01 maintenance city streets,0.060310945343082255,0.08807773715975775,0.09041282570115225,0.012929804828029665,0.012215334134160365,0.017798097910981973,0.06786325685198172,0.041610395370970665,0.10285378582287358,0.04516328064050179,0.015791233886395927,0.012983054889697294,0.21623728144063953,0.1495919426859924,0.06392897121744885,0.10132523369988294,0.1432669024486747,0.1586735359168743,0.12199552179184314,0.5788218870312154,0.0,0.0,0.0,0.01315774642979563,0.10064326023628024,0.06215763892943954,0.06254330376665901,0.19478607374738266,0.821554592660313,0.04189555139066721,0.10922288060485857,0.28127628299499086,0.0750874551533969,0.048536701809298685,0.15953193734791626,0.11903760368511854,0.011825179720029503,0.04625149556104427,0.04353910559502811,0.14537271885222414,0.20992454913816294,0.0,0.12819826556296823,0.07115911443968197,0.025357451222598106,0.014591519221280278,0.0,0.10561331153441122,0.0,0.0,0.08721842459008679,0.2929831196256459,0.11576222769496759,0.12291053709411211
please rate satisfaction following city maintenance items 02 maintenance sidewalks trails,0.0266741593600116,0.03895477982817049,0.06004871586598164,0.01143711717714835,0.010805128902452412,0.015743387780840914,0.03817653853489357,0.018403331449117634,0.0526485629227503,0.02540664571249473,0.013968207156456205,0.011484219759366976,0.14162572185652916,0.0816744697108645,0.056548659825356895,0.24853584723949335,0.10031062962420495,0.10314690812399466,0.07616004663563083,0.3228905884328444,0.0,0.0,0.0,0.01163874394906162,0.05151704409233476,0.03496683784280323,0.03201452467122845,0.1495014071973385,0.5636265016301429,0.037058898941579765,0.05365533624574113,0.22981006809264723,0.038435596470515615,0.04293335849755827,0.09276948090890147,0.06922160468987887,0.010460016055743161,0.020455984501918826,0.03851271222587006,0.10168220964925052,0.1611204276447607,0.0,0.07454862485472977,0.031472057811129876,0.011215023923561919,0.12913969699582148,0.0,0.06141523917402234,0.0,0.0,0.04464516962907108,0.2591595398888643,0.08884934948245454,0.09433579054928379
please rate satisfaction following city maintenance items 03 maintenance traffic signals street signs,0.022051199982328,0.032203438116453195,0.04964153600386144,0.0094549243217278,0.008932467375898093,0.013014865348488008,0.03156007559616017,0.015213808114753,0.04352392044010197,0.02100336201508447,0.01154734532565479,0.009493863448024845,0.11708024508475187,0.06751928114161498,0.04674808265601663,0.05864894249459761,0.0829255656885907,0.08527028229466307,0.06296057530283092,0.2669296843378055,0.0,0.0,0.0,0.009621606698077254,0.042588507718129984,0.02890665544936421,0.026466014405041226,0.12359097744201708,0.4659431075237002,0.030636136669062147,0.04435620758296974,0.18998116120804245,0.031774235610288845,0.03549248024520413,0.07669139065149741,0.057224650550843414,0.008647166823534112,0.016910711186776763,0.03183798625825335,0.08405943405219461,0.13319627896349504,0.0,0.06162843270493525,0.026017563713329757,0.009271322556309013,0.005335026777711431,0.0,0.05077122404161428,0.0,0.0,0.03690761348646207,0.21424400912835262,0.07345066614074933,0.07798623959680653
please rate satisfaction following city maintenance items 04 adequacy city street lighting,0.049644451144886775,0.07250045401388011,0.07442256265191924,0.010643060897928136,0.010054950311127058,0.014650355705541983,0.05586107331191985,0.034251249559471834,0.08466323511103734,0.03717577740733216,0.012998422338285943,0.010686893241624338,0.1779939129310013,0.12313535873294466,0.05262259893778206,0.08340502019232646,0.11792895466707011,0.13061079638200754,0.10041959526646357,0.2694740480436643,0.0,0.0,0.0,0.01083068912441979,0.08284365942931171,0.05116454155311987,0.05148199834410083,0.16033653040667215,0.3517308823570221,0.03448597335642056,0.08990590230755931,0.1496824044832991,0.061807611831510754,0.03995258087895397,0.13131738235348664,0.09798480967150178,0.009733797962393344,0.03807153243406387,0.035838851278300575,0.11966233985895226,0.1727976400389367,0.0,0.10552533201720066,0.05857403096931224,0.020872774273691823,0.012010887227679864,0.0,0.08693471566220735,0.0,0.0,0.07179311804624534,0.16580751772078264,0.09528871127013863,0.10117278247339442
please rate satisfaction following city maintenance items 05 maintenance city buildings city hall library police station fire stations,0.05302166159418825,0.07743251157979392,0.06619314875904882,0.007578057704902978,0.007159312006989092,0.01043132628843306,0.05425306396819393,0.03658129199616407,0.08567947540860299,0.03610564047857199,0.009255118945284446,0.00760926715048039,0.159630944049656,0.12123309456403017,0.03746827112584762,0.0717651278940995,0.10147094856621579,0.1995622503880621,0.16243718362433943,0.29515811197605174,0.0,0.0,0.0,0.007711652498831025,0.0838380587692313,0.049691725940976705,0.052099953484225914,0.12926786538631435,0.40323070702898717,0.02455465571521587,0.09247815640355697,0.17743905679878977,0.06254950866260987,0.028446982147725453,0.12553321761063782,0.09366885186546647,0.006930645549650397,0.04066146089922092,0.025517930008017456,0.10303056588502119,0.13931436594624313,0.0,0.10087723521545156,0.06255870246603085,0.02229270640623356,0.012827963314034784,0.0,0.08310548370333884,0.0,0.0,0.07265487415030628,0.17171511995854105,0.0768244658285999,0.08156837117753532
please rate satisfaction following city maintenance items 06 snow removal city streets,0.05379612925112511,0.07856353942786333,0.08064639062959944,0.011533121355728981,0.010895828115258452,0.01587553917778523,0.06053263659264228,0.037115621299474655,0.09174347250933124,0.040284722265922,0.014085457529389257,0.011580619321211141,0.19287923071208918,0.13343295214299938,0.05702333430427332,0.09038003529063546,0.12779114566509217,0.14153354749058505,0.10881750934327238,0.4209044560102485,0.0,0.0,0.0,0.011736440600694469,0.08977172891465164,0.05544334214579573,0.055787347289682154,0.17374519235313746,0.5229361773160678,0.037369974634595966,0.09742457473970165,0.1622000806233531,0.06697647366645905,0.043293744926448,0.14229922400371206,0.10617910691269512,0.01054781836062627,0.04125538770957386,0.0388359913568686,0.12966949081090376,0.18724840266023313,0.0,0.11435022987558835,0.06347247412582334,0.02261832766324655,0.013015336594923843,0.0,0.09420491298261857,0.0,0.0,0.07779705019772165,0.17967370871083052,0.2639836422380741,0.10963368427118313
please rate satisfaction following city maintenance items 07 mowing trimming along city streets public areas,0.050112468540219016,0.07318394376682254,0.07512417286460238,0.01074339713944027,0.010149742207225873,0.014788470261345764,0.0563876972029889,0.03457414930427744,0.08546138809416584,0.0375262478045343,0.013120963480868796,0.010787642707552392,0.17967193022384711,0.12429620326921122,0.053118692481420926,0.08419131149795743,0.11904071642341335,0.2887837644853801,0.10136628953607618,0.3920832521572254,0.0,0.0,0.0,0.010932794209615928,0.0836246585704391,0.05164688942722917,0.05196733900586351,0.16184808474168808,0.48712840680346464,0.03481108593302382,0.19869288109308708,0.2226821704125849,0.06239029603556544,0.04032922927386112,0.13255536198330586,0.09890855027789389,0.009825562231389978,0.038430447459513455,0.036176717957056216,0.12079044290629384,0.17442667006234366,0.0,0.10652016003711617,0.059126230958961856,0.0472387561207535,0.012124118495752952,0.0,0.14806842252675143,0.0,0.0,0.07246993947010842,0.16737064916408753,0.0961870347166616,0.10212657732941008
please rate satisfaction following city maintenance items 08 overall condition city streets,0.06097055599996029,0.08904102854465962,0.09140165555635824,0.013071215926917368,0.012348931187338414,0.017992752711822182,0.06860546586852721,0.04206548126072863,0.1039786803647032,0.04565722383838379,0.01596393995322124,0.013125048375545699,0.2779497784036436,0.21177069997146267,0.06462815161428068,0.10243341072444963,0.14483378844416822,0.16040892166916038,0.23719443238230628,0.7046043847768152,0.0,0.0,0.0,0.013301650487611689,0.10174397863187432,0.06283744656321158,0.06322732935183549,0.19691641624697906,0.5926766465783904,0.04235375598381135,0.11041743286418815,0.18383161087072805,0.075908674010692,0.09866449086497343,0.16127671129215612,0.1203394979186324,0.011954509720056175,0.046757340382329454,0.044015285463840474,0.19520986099843587,0.2122204585947991,0.0,0.12960034841339588,0.07193736969586162,0.025634781398116722,0.014751104210765129,0.0,0.10676838654442794,0.0,0.0,0.08817231781806506,0.20363557882642888,0.11702829969263194,0.1758418852815418
please rate satisfaction following city maintenance items 09 overall satisfaction weekly curbside trash collection,0.022441043105214487,0.032772762638159994,0.05051914862522157,0.009622077910974268,0.009090384449784888,0.013244955128430496,0.03211802611308445,0.015482772999711831,0.04429337974745169,0.021374680412524875,0.011751490821882187,0.009661705442011656,0.18659666575404102,0.11328008075207872,0.07048046645887826,0.08650854756668303,0.1223171286426239,0.11348717189366281,0.1706848434516275,0.2213917246231,0.0,0.0,0.0,0.009791707064740744,0.04334142986573268,0.029417696156519138,0.026933907023778004,0.15850542816425306,0.33134653278483944,0.03117775287143734,0.04514038089314805,0.1193436345924358,0.03233597226169888,0.07262961789150657,0.0780472176021417,0.05823632503997357,0.0088000400694939,0.01720967561794458,0.032400849957248484,0.14037692545261055,0.1708242273340622,0.0,0.06271796165045956,0.026477528173133803,0.009435230250291016,0.0054293447060497,0.0,0.0516688084156626,0.0,0.0,0.03756010311566051,0.17500900410605613,0.3108955120366572,0.28632095509145244
please rate satisfaction following city maintenance items 10 overall satisfaction weekly curbside recycling collection,0.02255812093464885,0.03294374238701809,0.05078271356906941,0.009672277538112072,0.009137810163247261,0.013314055775406742,0.032285590016660856,0.015563548632463502,0.04452446404842781,0.021486194889629107,0.01181279987207175,0.00971211181111319,0.18757016473551646,0.1138710776103986,0.07084817218413526,0.086959873867744,0.12295527295066608,0.1140792491732999,0.17157532839454964,0.22254675393488718,0.0,0.0,0.0,0.009842791669151604,0.043567547720837305,0.029571172088846215,0.027074424706389565,0.1593323715196055,0.3330752105770066,0.03134041124768637,0.045375884108842246,0.11996626579675992,0.03250467321857061,0.07300853601824056,0.07845440004849272,0.0585401514930465,0.008845951018706076,0.017299460725400225,0.032569889389463716,0.14110929006051245,0.1717154394607581,0.0,0.06304516938238879,0.026615664868151218,0.00948445506897428,0.0054576703008295405,0.0,0.05193837128359185,0.0,0.0,0.03775605904005738,0.17592204875536854,0.09469193518912734,0.5190910005386947
please rate satisfaction following city maintenance items 11 overall satisfaction weekly curbside yard waste collection,0.020402195948059386,0.02979524267067661,0.04592930749914239,0.008747878520922018,0.008264491267993163,0.012041604687738525,0.029199991246029657,0.014076108988269102,0.04026917147177225,0.019432716031018524,0.010683826830409285,0.008783905752337777,0.16964370685085858,0.1029881897058016,0.06407706987874073,0.07864894382861237,0.11120419022727725,0.10317646589376206,0.15517752918779315,0.20127751307557232,0.0,0.0,0.0,0.00890209627352029,0.03940370956215851,0.026744995698810257,0.024486867485150256,0.1441046563244072,0.3012425428217084,0.028345145112948444,0.0410392196046379,0.10850084849855743,0.02939813622571303,0.06603096339629949,0.07095635524846541,0.05294535147897538,0.008000525688882532,0.015646116471219596,0.0294571195559912,0.12762319141059875,0.1553042495576129,0.0,0.057019815748146796,0.02407195224730957,0.008578006622908044,0.0049360697737194665,0.0,0.04697451668163055,0.0,0.0,0.03414763654265961,0.15910882474161,0.08564203649879891,0.2603076961451028
two city maintenance items listed think receive emphasis city leaders next two years 1st,0.25849735402403085,0.4808300760846932,0.7234985492131532,0.0,0.0,0.0,0.0455480088434216,0.038359280372835355,0.07989629011022278,0.030312389965284087,0.0,0.0,0.13821270690162152,0.20181409667051053,0.0,0.1062058161927649,0.15016770998070053,0.07755610246300466,0.0661820473249816,0.22633397798099442,0.0,0.0,0.0,0.0787410299080742,0.15331334029571486,0.04171855019896005,0.09527436602396036,0.09535815405244844,0.3109067586800484,0.0,0.08954073170574614,0.13125522871387857,0.05832754771813156,0.0290224961020635,0.10076912519584036,0.07519068211776603,0.0,0.15925491004723985,0.02927579154079827,0.08431856347842756,0.10276924377083044,0.0,0.0809770588081752,0.06559929069500602,0.02337621578252855,0.013451450578265668,0.0,0.06671116260030414,0.0,0.0,0.06775082218175832,0.12109621780105129,0.056671773960122046,0.060171252006905915
two city maintenance items listed think receive emphasis city leaders next two years 2nd,0.4654170219271715,0.32817827258683197,0.8787006618156908,0.0,0.0,0.0,0.04560187243708954,0.038404642810049676,0.07999077286403244,0.03034823641165251,0.0,0.0,0.13837615275300633,0.2020527554566035,0.0,0.1063314117363208,0.1503452934298531,0.07764781778702458,0.06626031206137173,0.22660163318114,0.0,0.0,0.0,0.07883414648874723,0.15349464366495658,0.04176788519940007,0.09538703439012598,0.09547092150361108,0.3112744268996567,0.0,0.08964661966247128,0.1314104468778721,0.05839652397877859,0.029056817161907084,0.10088829148546856,0.0752796001726283,0.0,0.15944323972360175,0.02931041213958848,0.08441827586887429,0.10289077533562535,0.0,0.0810728196438917,0.0656768662823615,0.023403859734929033,0.013467357826169365,0.0,0.06679005305120775,0.0,0.0,0.0678309421002648,0.12123942224919268,0.05673879215658203,0.06024240857227264
please rate satisfaction following items 1 rate growth [city name],0.04029122159672276,0.05884105456239129,0.09070336893847873,0.017275724284042365,0.01632110827239485,0.02378033051388063,0.057665523893179346,0.027798165840080408,0.07952546458313621,0.03837664679945535,0.021098926577360778,0.01734687256475608,0.24119162567836325,0.1511845715836131,0.1117037795701777,0.13794365296912733,0.19504282548094076,0.18645519543694733,0.14119631986415326,0.2356015886599978,0.0,0.0,0.0,0.017580280796483695,0.07781630946706221,0.05281728256348106,0.04835782415606188,0.2633822575735982,0.2596328258964642,0.08920079416363902,0.08104619205974804,0.11271248493919768,0.05805682997145767,0.08763737834699406,0.17995451143431426,0.13427627200909706,0.01579981656100604,0.030898690879890556,0.05817331304204481,0.17575719163737252,0.28385192333531506,0.0,0.1446096413647781,0.04753842991858589,0.016940253224781807,0.009747984068780264,0.0,0.11913346126228339,0.0,0.0,0.06743636785213376,0.17562868372727908,0.1565292440341062,0.16619491381819443
please rate satisfaction following items 2 quality business development,0.0,0.0,0.05377309219971398,0.015328339912821244,0.014481331794830436,0.021099722556506596,0.021878313512262076,0.0,0.019188501625911993,0.01456010894452556,0.01872057651858801,0.015391468092749425,0.2090472554243533,0.1290863221141976,0.07578807368953532,0.07004203144944397,0.09903460885860349,0.0883724951680939,0.1418027125548945,0.09704048898852469,0.0,0.0,0.0,0.015598565674045984,0.018776103837409457,0.020038889595976602,0.011668139159050302,0.1698120808808154,0.16739468647816985,0.04966735856360789,0.014336522789320521,0.04678373515185248,0.014008388157707738,0.0575404712967775,0.05953862814246831,0.04442581052170341,0.3472054953417065,0.0,0.05161579922800031,0.1699472118254312,0.31035367972158007,0.0,0.047844644707203905,0.0,0.0,0.0,0.0,0.039415754530884854,0.0,0.0,0.01627155353268653,0.13026555421941938,0.1009200729502632,0.18171165602269626
please rate satisfaction following items 3 quality residential development,0.0,0.0,0.053385738018345695,0.015217922298438684,0.014377015598884779,0.020947730818192217,0.021720713198172155,0.0,0.01905027735732457,0.014455225277804422,0.018585722946002522,0.015280595734861199,0.20754138464066382,0.12815644948491525,0.07524213470703346,0.06953748405141251,0.09832121358464233,0.0877359043729398,0.14078123747524865,0.09634145834635661,0.0,0.0,0.0,0.015486201489841197,0.018640850274080537,0.019894539562205986,0.011584087781174188,0.16858884046659972,0.16618885975157335,0.04930958001247532,0.014233249724269694,0.04644672876650659,0.013907478808716513,0.057125978820281476,0.059109741953847016,0.04410578943378932,0.3447044024174768,0.0,0.05124398509498791,0.16872299799618046,0.30811804865359715,0.0,0.04749999606556387,0.0,0.0,0.0,0.0,0.039131823354440334,0.0,0.0,0.0161543414840501,0.12932718699798926,0.10019309574582627,0.18040269708274292
please rate satisfaction following items 4 diversity residential development,0.0,0.0,0.04541025033716652,0.012944462076110557,0.012229181457084161,0.017818273864131998,0.01847577762232759,0.0,0.016204287809813273,0.012295707110383362,0.015809134855177338,0.01299777250213593,0.10409991270332723,0.0351158502901786,0.0640014412046724,0.05914902885685006,0.08363265336518018,0.07462872162156461,0.05026117120758497,0.08194866089239697,0.0,0.0,0.0,0.013172662072852274,0.0158560265131625,0.016922422643140828,0.00985349918530793,0.14340274638537548,0.14136130743334172,0.041943044256830785,0.012106893284277236,0.039507884669586074,0.011829790459122805,0.048591723094531455,0.05027912470868348,0.03751666669510981,0.2932077702236112,0.0,0.04358846159694881,0.08462914224484124,0.15454778825290005,0.0,0.04040380057330002,0.0,0.0,0.0,0.0,0.03328577932301441,0.0,0.0,0.013740986226896434,0.11000653273655399,0.0852248883083747,0.09048751915322223
please rate satisfaction following items 5 availability affordable housing sale,0.0,0.0,0.038493619607893714,0.010972835328740386,0.010366502180227315,0.015104295860571314,0.015661652390667927,0.0,0.013736142970726072,0.010422895024865967,0.013401177463825057,0.011018025814265541,0.08824400682805965,0.02976720395156103,0.054253106155489186,0.050139785622991664,0.07089420387544498,0.06326169973946794,0.04260567583633185,0.06946670754612354,0.0,0.0,0.0,0.011166277201530695,0.013440926851504317,0.014344895595872114,0.008352670303063586,0.12156045670525448,0.11982995810881736,0.0355545186126855,0.01026284024549622,0.03349026866603431,0.01002794414462542,0.04119050855269322,0.04262089476238454,0.03180234167385132,0.01003539895044318,0.0,0.03694931535387184,0.07173891324375634,0.13100794926425077,0.0,0.03424972376135231,0.20103669728220663,0.0,0.0,0.0,0.028215878972235577,0.0,0.0,0.011648037456920621,0.09325096413481787,0.07224391865954434,0.07670497554371057
please rate satisfaction following items 6 availability affordable housing rent,0.0,0.0,0.040877691856716504,0.011652429309889087,0.011008543391653762,0.016039768621148306,0.01663164459237929,0.0,0.014586880251240341,0.011068428883055816,0.01423116891743476,0.011700418632820255,0.09370933043095005,0.03161081246613709,0.057613229888078224,0.05324515406283528,0.07528498099080812,0.06717976367573901,0.045244425074216166,0.07376907379187508,0.0,0.0,0.0,0.01185785185390173,0.014273380152377,0.015233335494503156,0.008869986410926215,0.12908920859549736,0.1272515329208219,0.03775655993818804,0.010898461236003743,0.03556446228423951,0.010649017028689662,0.04374161051077554,0.0452605865725608,0.03377199485285924,0.010656933542080043,0.0,0.03923774232554855,0.07618200677373119,0.13912182422320724,0.0,0.03637095363739499,0.21348774802432002,0.0,0.0,0.0,0.029963407386530368,0.0,0.2800882801749432,0.012369449554228253,0.09902638972571759,0.07671828930529964,0.08145563826140652
library services none,0.10750446290094445,0.0784994313472189,0.0,0.0,0.0,0.0,0.08807063860203758,0.07417066968533666,0.0,0.0,0.0,0.0,0.0,0.06804163204477257,0.06430303635994976,0.07529861104950457,0.10646705040624578,0.0749803959036113,0.12796816633496438,0.08233482905738525,0.0,0.0,0.0,0.0,0.0,0.0,0.0,0.0,0.0,0.0,0.0,0.0,0.11278087683889139,0.055740126706070356,0.0,0.0,0.0,0.0,0.0,0.0,0.0,0.0,0.0,0.0,0.0,0.026009432083499418,0.0,0.0,0.0,0.0,0.0,0.0,0.0,0.0
please rate satisfaction following items 1 quality library programs story hours book discussion,0.0,0.0,0.028913175297799198,0.008241872668910976,0.007786446112759581,0.01134507896152656,0.011763718393780726,0.0,0.010317437374655,0.007828803683161833,0.010065839408072529,0.008275815967646998,0.1124023130222792,0.06940823573943215,0.040750378496546884,0.037660797448477584,0.05324977399185182,0.047516877675719785,0.07624569311684297,0.05217755859545475,0.0,0.0,0.0,0.008387169963239044,0.010095695810916884,0.01077468123852468,0.006273824678926148,0.09130600940626558,0.09000620414552253,0.02670556938393588,0.007708583970380677,0.025155078129178443,0.0075321497402296034,0.03093885185443288,0.0320132378863424,0.02388724908343015,0.007537749164487845,0.0,0.02775322359503661,0.0913786677662372,0.16687361613462875,0.0,0.025725517036337832,0.0,0.0,0.0,0.0,0.021193399405298817,0.0,0.0,0.008749027820657706,0.07004229532537597,0.054263566421667735,0.09770427456030788
2 quality library materials books dvds magazines etc none,0.0,0.0,0.0,0.0,0.0,0.0,0.0,0.0,0.0,0.0,0.0,0.0,0.049783462330258335,0.05078600864710875,0.0,0.0,0.0,0.0,0.04775746999840996,0.0,0.0,0.0,0.0,0.0,0.0,0.0,0.0,0.0,0.0,0.0,0.0,0.0,0.0,0.0,0.0,0.0,0.0,0.0,0.0,0.040472000461662896,0.07390903407037226,0.0,0.0,0.0,0.0,0.0,0.0,0.0,0.0,0.0,0.0,0.0,0.0,0.04327363860487643
please rate satisfaction following items 3 overall satisfaction [city name] public library,0.035105505114687734,0.051267865803842114,0.07902931348321719,0.015052237266062795,0.014220485932859721,0.020719662531947278,0.05024363282491827,0.024220378891595996,0.06929007096419948,0.03343734732064879,0.018383371005465037,0.015114228345844296,0.29190132443041605,0.17720898425217524,0.11025567591297937,0.13532910412532143,0.1913460334729173,0.29917723990952755,0.2670097649515439,0.22183259932059887,0.0,0.0,0.0,0.015317595569472741,0.06780089413382978,0.0460193885838152,0.04213388862312091,0.24795697299084046,0.24442713108856914,0.04877272227325249,0.07061507189722122,0.07093897003824427,0.0505845755163537,0.1136176874851081,0.12209267563335688,0.09110163003413871,0.013766287521514141,0.02692184817770287,0.05068606653271454,0.21959776340858544,0.267227809254332,0.0,0.09811245017355683,0.04141995522883041,0.051424798459248654,0.00849336135820451,0.0,0.08082777656999325,0.0,0.0,0.05875691187138407,0.1671956018742131,0.14736192898033756,0.2158669485562973
please check following information sources used get information city [city name] past year citys website,0.04812736310536818,0.07028490788319328,0.03595251121278233,0.010317818901697952,0.009747680424902608,0.014202654524382687,0.35274504000850143,0.5205821361285214,0.8842723355485916,0.1793470173473101,0.34287518014827106,0.07184136237474548,0.10073123571307416,0.10275977540535172,0.010752438195213265,0.03370951770298605,0.04766293654599442,0.07967197354590015,0.057288509155249925,0.12434605531518764,0.0,0.0,0.0,0.01049971338490668,0.08031203460575669,0.129646125834452,0.04990875657916703,0.0564966016382136,0.05569233277901171,0.013589608838087687,0.08715846194056123,0.04707114849099761,0.19692819261789513,0.0,0.10351828962364616,0.07724202024518234,0.009436342191863421,0.2173246857311928,0.06519571390791977,0.05761600703704458,0.30357061060958895,0.0,0.08318625978229423,0.05678406331410355,0.020234921795279425,0.011643845736900959,0.0,0.06853116406208021,0.0,0.0,0.06959918744179905,0.011785806941404981,0.03357618097131875,0.03564950777923996
please check following information sources used get information city [city name] past year citys facebookinstagram page,0.04150399801294142,0.06061218585230255,0.031004668813221007,0.008897864074880012,0.008406188971961772,0.012248062372914896,0.30419970043932837,0.4489387855334416,0.7625773549478791,0.15466499245580856,0.2956881465623756,0.061954438574172745,0.08686844109292659,0.08861780989115334,0.009272670362416541,0.0290703596766533,0.04110348658339967,0.06870738844545854,0.049404372413635475,0.10723335125216955,0.0,0.0,0.0,0.009054725946849432,0.06925936327313165,0.11180401754482296,0.04304023325265202,0.04872144848236688,0.04802786439671681,0.011719385019656954,0.07516357427005164,0.04059314135204146,0.16982661811765884,0.0,0.08927193616314451,0.06661184922500034,0.008137697607140462,0.18741611305408212,0.05622337493459686,0.04968679951036814,0.05250800485502641,0.0,0.07173803295953411,0.0489693492202239,0.017450159322974144,0.010041400964962276,0.0,0.05909979507561845,0.0,0.0,0.06002083536059267,0.01016382524024929,0.02895537296038431,0.030743365199388608
please check following information sources used get information city [city name] past year citys x formerly twitter feed,0.04134660961700577,0.06038233679770128,0.030887095198035612,0.008864122251897992,0.008374311642991768,0.012201616175380101,0.30304613680236697,0.4472363530278701,0.7596855654235382,0.15407848329439164,0.294566859811395,0.06171949952793335,0.08653902500638998,0.08828175997746189,0.009237507226712707,0.028960121205714808,0.040947616977326864,0.0684468413614647,0.049217024801389425,0.10682670885740267,0.0,0.0,0.0,0.009020389283861757,0.06899672303096308,0.11138004260691327,0.042877019258900896,0.0485366906038148,0.047845736676508814,0.011674943633335065,0.07487854451500335,0.040439207039462834,0.16918261415918767,0.0,0.08893340572011574,0.06635924869006968,0.00810683843129437,0.1867054075120069,0.05601016880461668,0.049498380898944865,0.052308887877058716,0.0,0.07146599328924598,0.048783651270802725,0.017383986117592627,0.010003322705843015,0.0,0.058875681197621044,0.0,0.0,0.05979322878165115,0.010125282732835084,0.028845570533578765,0.03062678248046869
please check following information sources used get information city [city name] past year des moines register,0.04103599360643555,0.05992871506816302,0.030655056189822217,0.008797530617986639,0.008311399706610217,0.012109951650186556,0.30076950558872684,0.44387649418947206,0.7539784348557493,0.15292097015754838,0.29235392908531244,0.06125583237613205,0.0858889014060485,0.08761854409726458,0.009168110541737719,0.028742558571247932,0.04063999839515844,0.06793263511827405,0.04884728237177905,0.1060241742255429,0.0,0.0,0.0,0.008952623695362547,0.06847838580697262,0.11054330109866947,0.04255490606048608,0.048172059178377746,0.04748629603586344,0.011587235730592607,0.29478864548585093,0.040135407882105685,0.16791163138321769,0.0,0.0882652943574892,0.06586072546692083,0.008045935884865742,0.18530278491802732,0.05558939294544444,0.04912652478433391,0.05191591785556863,0.0,0.07092910569598093,0.048417164555709324,0.01725338908761429,0.009928172839381955,0.0,0.0584333782039147,0.0,0.0,0.059344032720467205,0.010049216642833952,0.028628868459944244,0.030396699069064323
please check following information sources used get information city [city name] past year des moines business record,0.038672510058884654,0.05647709809385743,0.028889466652774174,0.008290833519968137,0.007832701502002546,0.011412474412000126,0.28344657233940274,0.41831125989240703,0.7105527621870056,0.14411342913614114,0.2755156941425467,0.05772777957933518,0.08094209769666832,0.08257212096394557,0.008640069753074403,0.027087120056728604,0.0382993223413346,0.06402002934628565,0.046033904698131914,0.09991767187475198,0.0,0.0,0.0,0.008436993952987177,0.06453434731798523,0.10417651792913277,0.0401039401765807,0.04539757123952866,0.04475130488416161,0.010919864513180326,0.27781018213261177,0.037823793909421845,0.15824069756782624,0.0,0.08318162139871023,0.062067452113685355,0.0075825271693144465,0.1746302010476459,0.05238770086738799,0.046297064038489676,0.04892580096247122,0.0,0.06684391706955863,0.045628559680097464,0.016259673627982394,0.009356355975675239,0.0,0.05506788572096644,0.0,0.0,0.05592609074676172,0.009470428215559516,0.026979977970316493,0.02864598970794574
please check following information sources used get information city [city name] past year [city name] living magazine,0.06379483007352409,0.09316558119598035,0.0476565553469953,0.009117799952626073,0.008613971708862325,0.012550807877454632,0.32913968801967136,0.4747069226537682,0.8119846937120191,0.17008161131701194,0.3029969154428644,0.06348581775836859,0.12859554358898628,0.13118521860462207,0.009501870637678721,0.04468337376004252,0.06317921327000185,0.1000687124956471,0.07593831182321824,0.15874270243194566,0.0,0.0,0.0,0.009278539109436683,0.1008726349206582,0.1305237414785239,0.06268584535889037,0.06810015760657827,0.06713070396721696,0.012009062768075139,0.11126826462798674,0.056738857524332754,0.1963330088793113,0.0,0.13001989911071854,0.09701666938179992,0.008338843820545908,0.20835637599123116,0.057613094670931814,0.07236622097751318,0.07339279757925134,0.0,0.10448268749043653,0.07526964779010317,0.026822234051233802,0.01543440388707001,0.0,0.08607575598173725,0.0,0.0,0.24621312462615605,0.010415052928901295,0.04047222575644642,0.04297138284369105
please check following information sources used get information city [city name] past year citys weeklymonthly enewsletter,0.04134660961700577,0.06038233679770128,0.030887095198035612,0.008864122251897992,0.008374311642991768,0.012201616175380101,0.30304613680236697,0.4472363530278701,0.7596855654235382,0.15407848329439164,0.294566859811395,0.06171949952793335,0.08653902500638998,0.08828175997746189,0.009237507226712707,0.028960121205714808,0.040947616977326864,0.0684468413614647,0.049217024801389425,0.10682670885740267,0.0,0.0,0.0,0.009020389283861757,0.06899672303096308,0.11138004260691327,0.042877019258900896,0.0485366906038148,0.047845736676508814,0.011674943633335065,0.07487854451500335,0.040439207039462834,0.16918261415918767,0.0,0.08893340572011574,0.06635924869006968,0.00810683843129437,0.1867054075120069,0.05601016880461668,0.049498380898944865,0.052308887877058716,0.0,0.07146599328924598,0.048783651270802725,0.017383986117592627,0.010003322705843015,0.0,0.058875681197621044,0.0,0.0,0.05979322878165115,0.010125282732835084,0.028845570533578765,0.03062678248046869
please check following information sources used get information city [city name] past year utility bill,0.0465384601954653,0.06796448375329937,0.034765555477035116,0.009977180823503923,0.009425865208099186,0.013733760372572823,0.34109932363513135,0.503395354689299,0.8550784882974202,0.17342595748949796,0.3315553126899541,0.06946955261075098,0.09740563997677329,0.09936720835768154,0.010397451359563846,0.032596613373437965,0.04608936646681425,0.07704163973085958,0.05539715519302503,0.12024082709620781,0.0,0.0,0.0,0.010153070143433024,0.07766056946718411,0.12536591820817922,0.04826104177740953,0.05463139214094595,0.053853675850766634,0.013140954109591436,0.08428096513075638,0.045517116024143545,0.19042669828903613,0.0,0.10010068057552371,0.07469191022844099,0.009124805664614564,0.21014981049865578,0.0630433071925405,0.05571384088184266,0.05887726028531009,0.0,0.08043990341237124,0.05490936340090958,0.019566875094865238,0.011259429488428818,0.0,0.06626863898338697,0.0,0.0,0.06730140205906289,0.01139670390860942,0.03246767869306276,0.03447255556344899
please check following information sources used get information city [city name] past year videos citys social media youtubefacebook,0.035857919525049714,0.05236668722496377,0.026786887346578924,0.007687425530484851,0.0072626364230013885,0.010581872974474105,0.262817292312332,0.38786650959052565,0.6588386356615576,0.13362483419292545,0.2554636245076609,0.053526343942085185,0.07505112083432094,0.07656251078684764,0.00801124430311916,0.025115715780553265,0.03551189246026206,0.05936064291650582,0.04268355086277088,0.09264565014682968,0.0,0.0,0.0,0.007822948387340094,0.05983752875638042,0.09659453680701888,0.0371851699643908,0.042093529839699224,0.04149429883743914,0.01012511529098712,0.06493854872849145,0.03507097305220095,0.1467239181096613,0.0,0.07712765169719962,0.0575501745200553,0.007030669812220149,0.16192059130051553,0.04857491688397931,0.04292755743060022,0.045364974524270386,0.0,0.061979007707793396,0.04230770691019507,0.015076292373264718,0.008675399117167021,0.0,0.05106003751994365,0.0,0.0,0.0518557822674168,0.008781169163941444,0.025016371509740183,0.026561130686859412
please check following information sources used get information city [city name] past year news alert notifications city website,0.05490803056747427,0.08018735333646464,0.04101786296346501,0.007847664739131927,0.007414021188746206,0.010802444991036672,0.2832896024634669,0.5141284922326326,0.698872938939986,0.14638876382924246,0.2607885917371827,0.05464206453814668,0.11068182218037496,0.11291074817256702,0.00817823329602967,0.03845885394547867,0.054378170918554576,0.08612885900356251,0.06535989110757305,0.1366293968876662,0.0,0.0,0.0,0.007986012478680336,0.08682079277053885,0.11234141667317087,0.053953530547021344,0.05861361384930884,0.057779207832356516,0.01033616650120754,0.09576828198056235,0.04883497486738477,0.16898326777459996,0.0,0.11190776096626232,0.08350197409149,0.0071772193901642216,0.17933174598426677,0.0495874283171919,0.06228540257739404,0.2477521936905666,0.0,0.0899279548497093,0.0647843738575492,0.02308582130363434,0.01328434795492463,0.0,0.07408516074291038,0.0,0.0,0.07523974033960279,0.008964206722126068,0.03483433071939399,0.03698534818556165
please check following information sources used get information city [city name] past year [city name] living weekly enewsletter,0.05895382552209242,0.08609580764087067,0.044040187044509516,0.008425905154586244,0.00796030939484023,0.011598402831640143,0.3041632639752204,0.4386842799017698,0.7503680769199934,0.15717514454609102,0.2800043085962257,0.05866826228615529,0.11883720406381412,0.12123036427530398,0.008780831033825185,0.04129262226033031,0.05838492416156697,0.09247510197753739,0.07017581174694947,0.1466966770080369,0.0,0.0,0.0,0.008574446787101911,0.09321801958265963,0.1206190826552432,0.057928994962972914,0.06293244773813426,0.0620365600832758,0.01109776748832162,0.10282478770559056,0.0524332881356885,0.181434482016153,0.0,0.12015347384324383,0.08965465999168556,0.0077060593011355465,0.19254546837801434,0.05324118470263809,0.06687478531229865,0.06782346121274675,0.0,0.09655412705530292,0.06955788859086091,0.02478685662375357,0.014263180147155236,0.0,0.07954398646381128,0.0,0.0,0.22752949688447643,0.00962471743346845,0.03740103285777861,0.03971054400004384
please check following information sources used get information city [city name] past year nextdoor,0.0465384601954653,0.06796448375329937,0.034765555477035116,0.009977180823503923,0.009425865208099186,0.013733760372572823,0.34109932363513135,0.503395354689299,0.8550784882974202,0.17342595748949796,0.3315553126899541,0.06946955261075098,0.09740563997677329,0.09936720835768154,0.010397451359563846,0.032596613373437965,0.04608936646681425,0.07704163973085958,0.05539715519302503,0.12024082709620781,0.0,0.0,0.0,0.010153070143433024,0.07766056946718411,0.12536591820817922,0.04826104177740953,0.05463139214094595,0.053853675850766634,0.013140954109591436,0.08428096513075638,0.045517116024143545,0.19042669828903613,0.0,0.10010068057552371,0.07469191022844099,0.009124805664614564,0.21014981049865578,0.0630433071925405,0.05571384088184266,0.05887726028531009,0.0,0.08043990341237124,0.05490936340090958,0.019566875094865238,0.011259429488428818,0.0,0.06626863898338697,0.0,0.0,0.06730140205906289,0.01139670390860942,0.03246767869306276,0.03447255556344899
please check following information sources used get information city [city name] past year city [city name] mobile app,0.07755346750828648,0.11325861148694735,0.057934649444170705,0.008313177590857486,0.00785381089193232,0.011443231408467423,0.31597744634766567,0.446191896204669,0.768190546311844,0.16564287477009634,0.27625821806203227,0.057883357856971414,0.15333439683241573,0.15642226632953957,0.00866335502717702,0.05432024148455655,0.07680508056667237,0.11828324726973116,0.09231593519143541,0.18928118229934315,0.0,0.0,0.0,0.008459731931083653,0.11923349987728228,0.13355343785221963,0.07409594029922481,0.07866106899941752,0.07754127335873652,0.010949293909657402,0.1326737441061931,0.06553786868532202,0.1993470915646232,0.0,0.15368615717092995,0.11467567042268449,0.007602962331133041,0.20483808969418388,0.05252888745605748,0.08553834057005119,0.08477448683443435,0.0,0.12350065521603405,0.0915030603188731,0.032606987973705974,0.018763143329735527,0.0,0.10174328893418857,0.0,0.0,0.10332890640907587,0.009495951333216058,0.04674862224519007,0.04963534637314046
please check following information sources used get information city [city name] past year ,0.05442595133942595,0.0794833277686895,0.040657736047433675,0.011668146211197376,0.01102339181385254,0.016061403205124062,0.3989099577447064,0.588712453393172,1.0,0.20281875858532364,0.38774839646606796,0.08124348064126194,0.1139142678828483,0.1162082893180197,0.012159645578579124,0.03812119450969038,0.053900743730069235,0.09009890996586777,0.06478604707192254,0.14061963754417908,0.0,0.0,0.0,0.011873845830982364,0.09082273794750359,0.1466133459371667,0.05644048170771311,0.06389049998173223,0.06298097377937406,0.015368126188926702,0.09856518002057502,0.05323150640214845,0.2227008407943955,0.0,0.11706607281728962,0.08735094058694301,0.010671307709755766,0.24576669086494407,0.07372809403504992,0.06515640569180572,0.06885597180972577,0.0,0.09407312254169584,0.06421558272415638,0.022883133376241982,0.013167714592900006,0.0,0.07750006565518568,0.0,0.0,0.07870786481024603,0.013328254732851295,0.037970407556048344,0.04031507754579188
please define none,0.0,0.0,0.0,0.0,0.0,0.0,0.0,0.0,0.0,0.0,0.0,0.0,0.0,0.0,0.0,0.0,0.0,0.0,0.0,0.0,1.0,0.0,0.0,0.0,0.0,0.0,0.0,0.0,0.0,0.0,0.0,0.0,0.0,0.0,0.0,0.0,0.0,0.0,0.0,0.0,0.0,0.0,0.0,0.0,0.0,0.0,0.0,0.0,0.0,0.0,0.0,0.0,0.0,0.0
please rate satisfaction following 1 availability information city programs services,0.10413743068949372,0.1014999031988929,0.026045917220875896,0.014949556954345288,0.014123479494378142,0.0205783213233378,0.24627452727129162,0.3070236164248631,0.3137345001800403,0.0332092511788459,0.13773027830675522,0.015011125155900574,0.14156400198343938,0.15060061685782022,0.11534945322356903,0.14125146678039643,0.19971984640961798,0.1831384815188042,0.18200683007967713,0.22780454432115516,0.0,0.0,0.0,0.015213105090081863,0.06733838368961273,0.04570546281442217,0.04184646817251143,0.13541376190744292,0.13348605176822156,0.048440014368254194,0.07013336426358534,0.0704550529016955,0.1229108106159955,0.05563509592164491,0.12125980848072948,0.09048017133636965,0.013672379442009651,0.1574415968082654,0.013622528704217636,0.09750020923525513,0.14593791213425733,0.0,0.09744316647910546,0.04113740494483971,0.014659256899511539,0.025194818501295166,0.0,0.08027640197052742,0.0,0.0,0.0583560958385333,0.08101891748731593,0.08047699939417344,0.08544644843328628
please rate satisfaction following 2 level public involvement local decision making,0.0,0.0,0.0,0.009313940866324014,0.00879927433562788,0.012820799206231508,0.013293893498386108,0.0,0.011659486315776266,0.008847141600971092,0.011375161541908322,0.00935229936686574,0.04776650647463065,0.02526694049936796,0.046051016661400324,0.04255955588065095,0.06017628105030646,0.12896806304902048,0.03616446737972856,0.05896459637630336,0.0,0.0,0.0,0.009478137822740632,0.011408901540297575,0.012176206541949626,0.007089897455662033,0.06580071045033566,0.06486399105847811,0.03017931773949109,0.008711284212633388,0.02842714509127285,0.008511900158494679,0.012285095933399085,0.03617738547911281,0.02699440216559649,0.008518227932354065,0.0,0.008487169699300376,0.03883229453324453,0.07091464091099134,0.0,0.17943635110535752,0.0,0.0226872780966687,0.0,0.0,0.023950147830107398,0.0,0.0,0.009887064631174019,0.05047677391610652,0.039105654111192545,0.041520425495683494
please rate satisfaction following 3 quality citys website,0.0,0.0,0.0,0.017923630577581867,0.016933212783520443,0.02467218462946319,0.025582601330904876,0.0,0.022437368719394106,0.017025327946487912,0.021890217703083772,0.017997447193242994,0.1922203874414908,0.150942343616633,0.08861999686355887,0.08190107368072724,0.11580247787251859,0.10333512732759591,0.16581178713338982,0.11347072713617093,0.0,0.0,0.0,0.018239609133921607,0.021955146531331297,0.02343173861918402,0.013643709429988896,0.12662605902067775,0.12482344801256876,0.05807669921997159,0.01676388569827648,0.05470484022864412,0.01638019353394634,0.02364128399360383,0.06961930528621793,0.051947687775023024,0.01639237062231977,0.0,0.01633260254953121,0.15626762874916875,0.7069501662227128,0.0,0.05594537580226096,0.0,0.0,0.0,0.0,0.04608936304689498,0.0,0.0,0.019026542737304294,0.09713686842178627,0.07525442858650498,0.1670851160060172
please rate satisfaction following 4 online services offered citys website,0.057357727595953756,0.04188243797654933,0.0,0.012378450563789866,0.011694446413613883,0.01703914931824651,0.06465694474131177,0.03957287867519433,0.015495736662968862,0.011758063156105465,0.015117862226369164,0.01242942993004005,0.06348283154115902,0.06988317283024106,0.09551102475134676,0.09673734782365823,0.1367799477753543,0.11137039328792896,0.11633933679293545,0.1222941301244017,0.0,0.0,0.0,0.012596672252857778,0.015162703492604145,0.016182470223638508,0.009422643585227049,0.08745072070585291,0.0862057981912409,0.04010903634120208,0.01157750543200134,0.03778035691146522,0.07148541474548657,0.04606666850268201,0.04808061207469433,0.035876207236194176,0.011320929010080171,0.0,0.011279651874228493,0.05160904981652617,0.38539810661661583,0.0,0.03863709786046944,0.08764931240661986,0.0,0.013877023149684638,0.0,0.03183032028712583,0.0,0.0,0.013140145778731564,0.06708484190610128,0.051972351245033466,0.05518164027046109
please check following information sources currently using daily life facebookinstagram,0.0,0.0,0.0,0.00993968535703999,0.009390441653183628,0.013682147220462723,0.2090012975926289,0.31315169718748737,0.33856544370790526,0.009441524815857954,0.8731575598857012,0.16411686489939475,0.11291414911393217,0.010960615235448884,0.010358376464995985,0.0,0.0,0.012078359160467109,0.0,0.01326306196154488,0.0,0.0,0.0,0.010114913663380841,0.012175393123873609,0.09010583213960324,0.0075662226048437775,0.014800727104903972,0.014590028344998951,0.013091568795960606,0.009296540033059034,0.012331489029924899,0.00908376063153681,0.0,0.01569348700809226,0.011709975557011833,0.009090513528304731,0.08690228491104632,0.06280638272936505,0.008734650284324928,0.015951016952287143,0.0,0.012611128834252078,0.0,0.05016027669957492,0.0,0.0,0.010389400141441529,0.0,0.0,0.010551313665079654,0.011353873700681551,0.008796137774156427,0.009339298661599387
please check following information sources currently using daily life x formerly twitter,0.0,0.0,0.0,0.010039111457904003,0.009484373700872219,0.013819008952068189,0.21109192555002554,0.31628413560096763,0.34195209436594937,0.009535967845484307,0.8818917047304252,0.16575851645845696,0.11404362285233621,0.011070253639159472,0.01046199070892843,0.0,0.0,0.012199178292363453,0.0,0.013395731607412515,0.0,0.0,0.0,0.01021609256291349,0.012297182880924204,0.09100715559532034,0.007641907094326732,0.014948777926749215,0.01473597155926893,0.013222523005557735,0.009389532788243038,0.01245484020534459,0.009174624966607139,0.0,0.01585046805589469,0.011827109768913414,0.00918144541221298,0.08777156346811443,0.06343463136298308,0.00882202248867404,0.01611057405730741,0.0,0.012737277230548679,0.0,0.050662027062021386,0.0,0.0,0.010493324713424878,0.0,0.0,0.010656857848726173,0.011467445846198377,0.008884125034329365,0.009432719128885068
please check following information sources currently using daily life youtube,0.0,0.0,0.0,0.009797535254962138,0.009256146432398724,0.01348647516906771,0.20601231406649004,0.3086732309059037,0.3337235286316875,0.009306499041083886,0.8606702997955324,0.16176978566497785,0.11129933362973667,0.010803864541781142,0.010210238549260342,0.0,0.0,0.011905623311602708,0.0,0.013073383360666116,0.0,0.0,0.0,0.009970257574368943,0.01200126956631343,0.08881720450438513,0.007458016029183863,0.014589057943032729,0.014381372442516945,0.01290434276476768,0.00916358772448981,0.012155133103010755,0.008953851338169776,0.0,0.015469050247769886,0.011542508060711318,0.008960507659952634,0.0856594720626341,0.061908171830788006,0.00860973371152298,0.0157228971872679,0.0,0.012430773703610424,0.0,0.0494429211498796,0.0,0.0,0.010240818547801088,0.0,0.0,0.010400416502778214,0.011191498912390309,0.008670341852296426,0.009205734850432908
please check following information sources currently using daily life tiktok,0.0,0.0,0.0,0.009797535254962138,0.009256146432398724,0.01348647516906771,0.20601231406649004,0.3086732309059037,0.3337235286316875,0.009306499041083886,0.8606702997955324,0.16176978566497785,0.11129933362973667,0.010803864541781142,0.010210238549260342,0.0,0.0,0.011905623311602708,0.0,0.013073383360666116,0.0,0.0,0.0,0.009970257574368943,0.01200126956631343,0.08881720450438513,0.007458016029183863,0.014589057943032729,0.014381372442516945,0.01290434276476768,0.00916358772448981,0.012155133103010755,0.008953851338169776,0.0,0.015469050247769886,0.011542508060711318,0.008960507659952634,0.0856594720626341,0.061908171830788006,0.00860973371152298,0.0157228971872679,0.0,0.012430773703610424,0.0,0.0494429211498796,0.0,0.0,0.010240818547801088,0.0,0.0,0.010400416502778214,0.011191498912390309,0.008670341852296426,0.009205734850432908
please check following information sources currently using daily life snapchat,0.0,0.0,0.0,0.009797535254962138,0.009256146432398724,0.01348647516906771,0.20601231406649004,0.3086732309059037,0.3337235286316875,0.009306499041083886,0.8606702997955324,0.16176978566497785,0.11129933362973667,0.010803864541781142,0.010210238549260342,0.0,0.0,0.011905623311602708,0.0,0.013073383360666116,0.0,0.0,0.0,0.009970257574368943,0.01200126956631343,0.08881720450438513,0.007458016029183863,0.014589057943032729,0.014381372442516945,0.01290434276476768,0.00916358772448981,0.012155133103010755,0.008953851338169776,0.0,0.015469050247769886,0.011542508060711318,0.008960507659952634,0.0856594720626341,0.061908171830788006,0.00860973371152298,0.0157228971872679,0.0,0.012430773703610424,0.0,0.0494429211498796,0.0,0.0,0.010240818547801088,0.0,0.0,0.010400416502778214,0.011191498912390309,0.008670341852296426,0.009205734850432908
please check following information sources currently using daily life sms text messaging,0.0,0.0,0.0,0.007950792129799607,0.00751145000164359,0.010944401611482208,0.16718093303028217,0.2504912338767553,0.2708197863978014,0.007552311617798132,0.6984420538319391,0.13127770456891769,0.09032045742597032,0.008767437823375966,0.008285704739844734,0.0,0.0,0.009661525441136609,0.0,0.010609173718583264,0.0,0.0,0.0,0.00809095791864786,0.009739143277603557,0.07207599791045574,0.006052250245154491,0.011839157916365499,0.011670619176774021,0.010471995683035475,0.0074363377384839445,0.009864004986676422,0.00726613468574766,0.0,0.012553279959176707,0.009366853995322184,0.007271536353561792,0.06951346829534961,0.05023906447422252,0.006986879990921942,0.012759279141237555,0.0,0.01008768992996776,0.0,0.04012339615248309,0.0,0.0,0.00831052069665427,0.0,0.0,0.008440035940166313,0.009082006765755454,0.007036064067949809,0.0074705405281164025
please check following information sources currently using daily life print publications,0.0,0.0,0.0,0.008730948678394334,0.008248496928862377,0.012018300469389304,0.18358524816951327,0.2750702158554288,0.29739346942183426,0.008293368014376539,0.7669753689048702,0.14415908283059617,0.09918298271685828,0.00962772619724347,0.009098723959437281,0.0,0.0,0.010609544483675362,0.0,0.011650178968954513,0.0,0.0,0.0,0.008884867972085087,0.010694778424603209,0.0791483198688666,0.006646115936196061,0.013000853056612164,0.012815776769662182,0.01149954059624675,0.008166014415917917,0.010831891954426968,0.00797911050822086,0.0,0.0137850469839727,0.01028595895554273,0.007985042204546584,0.07633434684692052,0.05516867834224667,0.007672454470819785,0.014011259448970173,0.0,0.011077525562767254,0.0,0.04406042906054995,0.0,0.0,0.009125974935412019,0.0,0.0,0.009268198619003895,0.009973161626430237,0.0077264646430534436,0.008203573290060742
please check following information sources currently using daily life email,0.0,0.0,0.0,0.009797535254962138,0.009256146432398724,0.01348647516906771,0.20601231406649004,0.3086732309059037,0.3337235286316875,0.009306499041083886,0.8606702997955324,0.16176978566497785,0.11129933362973667,0.010803864541781142,0.010210238549260342,0.0,0.0,0.011905623311602708,0.0,0.013073383360666116,0.0,0.0,0.0,0.009970257574368943,0.01200126956631343,0.08881720450438513,0.007458016029183863,0.014589057943032729,0.014381372442516945,0.01290434276476768,0.00916358772448981,0.012155133103010755,0.008953851338169776,0.0,0.015469050247769886,0.011542508060711318,0.008960507659952634,0.0856594720626341,0.061908171830788006,0.00860973371152298,0.0157228971872679,0.0,0.012430773703610424,0.0,0.0494429211498796,0.0,0.0,0.010240818547801088,0.0,0.0,0.010400416502778214,0.011191498912390309,0.008670341852296426,0.009205734850432908
please check following information sources currently using daily life chat bots,0.0,0.0,0.0,0.008730948678394334,0.008248496928862377,0.012018300469389304,0.18358524816951327,0.2750702158554288,0.29739346942183426,0.008293368014376539,0.7669753689048702,0.14415908283059617,0.09918298271685828,0.00962772619724347,0.009098723959437281,0.0,0.0,0.010609544483675362,0.0,0.011650178968954513,0.0,0.0,0.0,0.008884867972085087,0.010694778424603209,0.0791483198688666,0.006646115936196061,0.013000853056612164,0.012815776769662182,0.01149954059624675,0.008166014415917917,0.010831891954426968,0.00797911050822086,0.0,0.0137850469839727,0.01028595895554273,0.007985042204546584,0.07633434684692052,0.05516867834224667,0.007672454470819785,0.014011259448970173,0.0,0.011077525562767254,0.0,0.04406042906054995,0.0,0.0,0.009125974935412019,0.0,0.0,0.009268198619003895,0.009973161626430237,0.0077264646430534436,0.008203573290060742
please check following information sources currently using daily life ,0.0,0.0,0.0,0.011383610259689127,0.01075457865177605,0.015669734592063493,0.2393626387658921,0.3586428287106394,0.38774839646606796,0.010813082597708799,1.0,0.18795790409336677,0.12931703772766162,0.012552849266842128,0.011863124069328252,0.0,0.0,0.013832966368690896,0.0,0.015189769373675301,0.0,0.0,0.0,0.011584293749578155,0.013944096327205143,0.10319538681128566,0.00866535772287675,0.01695080909205142,0.016709502402875408,0.014993363623484324,0.010647036067895901,0.014122868078401712,0.010403346485055804,0.0,0.017973259041754824,0.013411068167977271,0.010411080366176646,0.0995264645276874,0.07193018260940968,0.01000352134094598,0.018268200019221248,0.0,0.01444313078604383,0.0,0.057446993537043925,0.0,0.0,0.0118986545140851,0.0,0.0,0.01208408900045583,0.01300323586749659,0.010073941036836315,0.010696006185667028
please define none,0.0,0.0,0.0,0.0,0.0,0.0,0.0,0.0,0.0,0.0,0.0,0.0,0.0,0.0,0.0,0.0,0.0,0.0,0.0,0.0,1.0,0.0,0.0,0.0,0.0,0.0,0.0,0.0,0.0,0.0,0.0,0.0,0.0,0.0,0.0,0.0,0.0,0.0,0.0,0.0,0.0,0.0,0.0,0.0,0.0,0.0,0.0,0.0,0.0,0.0,0.0,0.0,0.0,0.0
please indicate city [city name] compares cities des moines metro areas following areas 1 city facilities,0.06099581720240583,0.08907791985081775,0.04556561299860022,0.008717754378489914,0.008236031715029497,0.012000138289473283,0.06241241547279448,0.04208290974929444,0.09856518002057502,0.041535722955316746,0.010647036067895901,0.008753657546745902,0.12295338447892695,0.12542943690645608,0.009084973873726043,0.04272288043895047,0.060407210728008226,0.20947485646663672,0.07260650089184323,0.15177782978018026,0.0,0.0,0.0,0.008871441067752806,0.1692632184031532,0.057165078212111184,0.05993548944769435,0.06511224749777618,0.06418532886025433,0.011482162371614025,1.0000000000000002,0.17043098075497284,0.1262831141511929,0.0,0.12431524607389774,0.09276004065499374,0.007972975126216716,0.04677671279286174,0.007943904934438828,0.06919113635518874,0.07017267167194907,0.0,0.09989848549855555,0.071967174647276,0.025645402351000036,0.01475721585963649,0.0,0.18018325788208753,0.05029057859160809,0.0,0.08358175299096321,0.009958090081476594,0.03869649752447937,0.041086003518585545
please indicate city [city name] compares cities des moines metro areas following areas 2 city parks,0.062242464704216904,0.0908985162677827,0.04649689419489436,0.00889592998488081,0.008404361755240406,0.012245400064888418,0.06368801575818725,0.042943010600698876,0.10057967939240017,0.042384640268553764,0.01086464280757921,0.008932566950912879,0.12546633596691562,0.12799299456245278,0.009270654802405406,0.043596061168584006,0.16208235885948552,0.2137561550619126,0.07409045040024476,0.15487990236489357,0.0,0.0,0.0,0.009052757760467628,0.1727226616576075,0.058333432129027835,0.06116046571027724,0.23980211532037296,0.06549716438515656,0.01171683762792647,0.9255264972982429,0.3183514982728364,0.1288641194725102,0.0,0.1268560316238443,0.09465589316184202,0.008135928751218855,0.04773274674438088,0.00810626441571736,0.07060528180385833,0.07160687798063663,0.0,0.1019402352954018,0.07343805744877553,0.04749016485168517,0.039596007296186564,0.0,0.183865887587031,0.05131842979586063,0.0,0.08529001739895385,0.01016161597377979,0.03948738605061634,0.04192572935545531
please indicate city [city name] compares cities des moines metro areas following areas 3 ems,0.03953976490666609,0.05774363179016899,0.02953733072899496,0.008476760566115203,0.008008354655586145,0.011668406177068338,0.044491048954115445,0.02727971251789242,0.06743078703314465,0.029608978748068185,0.010352709145950923,0.008511671226321677,0.08275727407156996,0.08442385161418103,0.008833828636765016,0.027694565400872704,0.039158208224787494,0.1761066014956107,0.04706624335292764,0.1021583871833903,0.0,0.0,0.0,0.00862619873683207,0.1367850252335795,0.04075045443978232,0.041003295726047696,0.04641563972474038,0.045754880448463965,0.011164749197979735,0.8500773551921282,0.15164184378203993,0.10205193496086881,0.0,0.0850470204714497,0.06345935294073468,0.007752570009461347,0.030322410810547228,0.007724303434766351,0.04733530420351364,0.050022992171463984,0.0,0.06834293306399511,0.04665180822330283,0.016624306819770056,0.009566178018907441,0.0,0.15148100219405355,0.0489003446236466,0.0,0.05718026776407301,0.009682808399002587,0.02758502058720806,0.029288393663775995
please indicate city [city name] compares cities des moines metro areas following areas 4 fire,0.044043631486100236,0.064321051104846,0.032901847362567196,0.009442325199736862,0.008920564451842911,0.012997522441168865,0.049558902770176605,0.030387070029904165,0.07511164373172154,0.03298165661171724,0.011531957956334965,0.009481212437855244,0.09218392902958104,0.0940403418662036,0.009840065918637843,0.030849177671213115,0.043618612725179716,0.19616642326658157,0.052427430526325,0.11379496992307662,0.0,0.0,0.0,0.009608785464145288,0.1523658336974334,0.04539222735576512,0.04567386910206863,0.05170271841660357,0.05096669385666912,0.012436495271818115,0.9469073439141434,0.16891495185098954,0.11367639201876485,0.0,0.09473449418521568,0.0706878344336559,0.008635644075601022,0.03377635377100403,0.008604157732619988,0.05272713936320149,0.05572097452356364,0.0,0.07612768982453769,0.05196578822351476,0.01851793618424811,0.010655835217779937,0.0,0.16873578923720986,0.05447044926117123,0.0,0.06369351582191077,0.010785750645783113,0.030727154907151465,0.032624554556461335
please indicate city [city name] compares cities des moines metro areas following areas 5 library,0.04124708068352837,0.060236985349589406,0.030812744249511626,0.008842784670845594,0.008354153126630813,0.01217224462942058,0.04641215976465815,0.028457642727644714,0.07034242919438874,0.03088748600962336,0.010799736175572148,0.008879202763407618,0.08633070957393146,0.0880692494597325,0.009215270838994804,0.028890408839847802,0.040849048492898624,0.18371083434456137,0.04909855032348693,0.10656955721914343,0.0,0.0,0.0,0.008998675539172893,0.14269136362914303,0.04251004744554697,0.0427738063464745,0.04841985381610552,0.0477305631426456,0.01164683988555506,0.8867834530533274,0.158189695367215,0.10645850842000035,0.0,0.08871932657060802,0.06619950971002601,0.008087323772404212,0.031631723865178436,0.008057836655071987,0.04937922914489865,0.05218297071311183,0.0,0.0712939614308211,0.04866622000311012,0.017342139649069648,0.00997924285868347,0.0,0.1580219086853113,0.05101184756421869,0.0,0.05964929542544774,0.010100909305342692,0.028776133912357633,0.030553058152782295
please indicate city [city name] compares cities des moines metro areas following areas 6 police,0.04228158752989471,0.06174777284572131,0.03158555033307487,0.009064568155430145,0.008563681375948675,0.012477533396434098,0.04757621055893317,0.029171381148530143,0.0721066685874737,0.031662166671005534,0.011070601430214065,0.009101899640296854,0.08849594669195036,0.0902780904252174,0.009446396548162074,0.0296150013502477,0.04187357240181928,0.2862972757201158,0.1339396487304296,0.10924239938713372,0.0,0.0,0.0,0.009224368880355731,0.14627016702917722,0.04357623041881464,0.0438466045852174,0.049634259040493234,0.048927680454555283,0.011938951118652601,0.9090246283856313,0.16215720822315732,0.10912856540317051,0.0,0.0909444719438406,0.06785984166288746,0.008290159747040216,0.03242507055441369,0.008259933071313693,0.05061769620177061,0.05349175765201405,0.0,0.07308206594591748,0.04988680427103123,0.017777093151239997,0.010229529542923478,0.0,0.1619852133289806,0.052291261880976735,0.0,0.06114534322994596,0.010354247472741177,0.029497860324287105,0.03131935111976806
please indicate city [city name] compares cities des moines metro areas following areas 7 road conditions,0.03651080329325887,0.05332015470263438,0.0272746101197089,0.007827394480570314,0.007394871017138111,0.010774542632775361,0.041082791981916875,0.025189937775009472,0.062265221027192036,0.02734076950980414,0.009559635169110752,0.007859630793827236,0.0764176155787916,0.07795652419331847,0.00815710918981485,0.02557301066484299,0.036158475933949025,0.16261587546178252,0.043460712446514345,0.09433249762647206,0.0,0.0,0.0,0.007965384872481523,0.12630654637313493,0.03762874740590487,0.03786221967082704,0.04285994860417241,0.04224980709176658,0.010309468524869353,0.7849567940714023,0.14002525160233642,0.09423420022470988,0.0,0.07853195491780376,0.0585980204436176,0.0071586808697727215,0.027999548785749832,0.007132579668845013,0.0437091617686803,0.04619095818156058,0.0,0.06310749169788826,0.04307802530785115,0.015350794260313794,0.008833356615576196,0.0,0.1398767313571046,0.04515431155802162,0.0,0.05279994743312124,0.008941052472537502,0.025471857581284008,0.027044742991210156
please indicate city [city name] compares cities des moines metro areas following areas 8 snow removal trails roads,0.03400704908259251,0.04966368730645546,0.02540423440151392,0.007290625356871163,0.006887762496468759,0.010035670735925137,0.03826551040680438,0.023462519940238128,0.05799533936852999,0.0254658568645469,0.008904076412573764,0.007320651042100948,0.07117722343409702,0.07261060029977398,0.00759772964626383,0.13702547472385232,0.03367888282163811,0.15146437655779074,0.040480363290334276,0.08786357974926495,0.0,0.0,0.0,0.007419152959864689,0.1176449854434456,0.0350483293854383,0.03526579112433404,0.039920797254236105,0.03935249662844452,0.009602489414562026,0.7311278256271415,0.13042292073924916,0.08777202316149096,0.0,0.07314657045452584,0.054579619663881536,0.006667769255844481,0.02607945988477451,0.006643457963268044,0.04071177502415922,0.04302338048920262,0.0,0.05877985073107465,0.04012391919341136,0.014298102664962615,0.08643429664643693,0.0,0.13028458537508888,0.04205782264253365,0.0,0.04917915361911473,0.008327913462801225,0.12532759341717195,0.02519013057425645
please indicate city [city name] compares cities des moines metro areas following areas 9 trails,0.041585552481558236,0.06073128750143396,0.03106559232446718,0.008915348187524418,0.008422706953542415,0.01227212955357776,0.046793015982981176,0.028691164939207283,0.07091965619064307,0.031140947412298444,0.010888358353457668,0.008952065125412367,0.08703913572216919,0.08879194199267776,0.009290890961401486,0.16756173276310596,0.04118425405562156,0.18521835767440034,0.04950145094901621,0.10744406249441288,0.0,0.0,0.0,0.009072518289718086,0.14386228291871533,0.04285888309536242,0.0431248063906656,0.048817185086825615,0.04812223812327812,0.011742413360625358,0.8940603605300291,0.15948779331095914,0.1073321024335249,0.0,0.08944735360880623,0.0667427400843685,0.008153688008930373,0.03189129245219135,0.008123958921561559,0.049784433008954826,0.0526111819617896,0.0,0.07187899666032761,0.04906557294433166,0.01748444851290761,0.10569626228571778,0.0,0.15931862977864647,0.05143044862591229,0.0,0.060138775018652696,0.010183796939513642,0.029012269649099684,0.030803775254621045
two following benefits economic development important jobs [city name],0.025993815249364123,0.1857547446007296,0.019418120460281692,0.011145405066965673,0.010529536119401455,0.015341841062394305,0.03720281775867077,0.017933940905306502,0.05130572248923905,0.024758630472407506,0.013611937729294967,0.011191306263079634,0.060429195312492086,0.0616461268868545,0.011614884917532682,0.018206669112500205,0.0257429762795492,0.04980296162468226,0.030941793333509493,0.0745958491404086,0.0,0.0,0.0,0.011341889199331483,0.05020306388125713,0.0340749828503651,0.031197970604002576,0.03881213471978405,0.03825961668490889,0.014679623343377225,0.05228681731598153,0.032337020345872367,0.03745526823055091,0.0,0.06470929708561854,0.048283997482094554,0.7842940427819075,0.019934239527858263,0.010156060203559514,0.03601577392557277,0.04182855440018225,0.0,0.05199974243454196,0.030669339761321024,0.010928976465638859,0.00628889586604714,0.0,0.04283884008361203,0.0,0.0,0.04350646164521119,0.01273113956103624,0.023066223833775337,0.024490561529385488
two following benefits economic development important new existing companies openingexpanding [city name],0.018551938783492386,0.132574253433624,0.013858826748352742,0.007954541129726276,0.007514991840625872,0.01094956217412415,0.026551869781761536,0.01279955907319743,0.036617195811088,0.017670380145463616,0.009714919993699963,0.007987301083285464,0.04312867200979597,0.043997203229806964,0.008289611659552226,0.01299420679827553,0.01837291353583719,0.03554466654602878,0.022083339835570433,0.0532394961447357,0.0,0.0,0.0,0.008094773010295146,0.035830221879091934,0.02431951561646921,0.022266175059808095,0.027700448759468164,0.0273061133892485,0.010476933494313502,0.03731740895763534,0.023079121558034744,0.026732045167916083,0.0,0.04618340581167992,0.03446057290616587,0.5597552698734227,0.014227183961590534,0.007248439883502997,0.025704669618426726,0.029853285221496877,0.0,0.037112521926791514,0.02188888811911038,0.007800074764389232,0.004488421957431545,0.0,0.030574332054100123,0.0,0.0,0.03105081748813545,0.00908628916204289,0.016462499576356003,0.01747905776462067
two following benefits economic development important improved awareness reputation city,0.019891255609952797,0.1421451630000717,0.014859334569971067,0.008528801906788213,0.008057520313812664,0.011740041974285407,0.028468724208013833,0.013723595371401527,0.03926069453431707,0.01894605476551086,0.010416267489890316,0.008563926893864812,0.04624225257944564,0.04717348551979121,0.008888062123950035,0.013932295265175944,0.019699306024343277,0.03811073635423559,0.023677598471899073,0.057083005648031704,0.0,0.0,0.0,0.008679157522641246,0.03841690673281611,0.026075210094368535,0.023873633087054792,0.029700222344160653,0.029277418790493035,0.01123329289601261,0.040011458044372186,0.02474526848765405,0.028661906963867414,0.0,0.0495175162369402,0.03694837893449114,0.6001655828003088,0.015254284530176975,0.007771725218521487,0.027560362273536053,0.032008478147092866,0.0,0.03979177964044682,0.023469108737158108,0.008363184178532584,0.004812453807794885,0.0,0.03278157938580653,0.0,0.0,0.033292463648277766,0.009742254024089403,0.01765097388869202,0.018740920281958232
two following benefits economic development important tourists visiting region,0.0,0.11494824158362492,0.0,0.008668476011058128,0.00818947635462218,0.011932305772269083,0.01237261418536396,0.0,0.010851472956522747,0.008234026373491512,0.010586852156691908,0.008704176231463044,0.009370139626038174,0.0095588368064018,0.009033619744988225,0.0,0.0,0.010533629876050018,0.0,0.01156681829625513,0.0,0.0,0.0,0.008821293964082986,0.010618253941483977,0.011332383985409289,0.006598560898908155,0.012907827888556545,0.012724075880299788,0.01141725778819792,0.00810758402984421,0.010754386381136268,0.00792201747803819,0.0,0.013686410663205544,0.01021235970353319,0.6099943478610316,0.0,0.007899000862907707,0.007617555660454098,0.013911004507295523,0.0,0.010998262404216842,0.0,0.0,0.0,0.0,0.009060675731710436,0.0,0.0,0.009201881760383052,0.00990180053709982,0.007671179373020313,0.008144874158500574
two following benefits economic development important better lifestyle amenities,0.0,0.12056306171192299,0.0,0.009091900788314504,0.008589503671636,0.012515157233971551,0.012976973175206435,0.0,0.011381529510138147,0.008636229803329832,0.011103982908461305,0.00912934483979811,0.00982783822022648,0.010025752598799164,0.009474880518330729,0.0,0.0,0.011048160905296431,0.0,0.012131816971271242,0.0,0.0,0.0,0.009252183364606219,0.011136918560765272,0.011885931363135715,0.006920877552408563,0.013538330198490094,0.013345602546409985,0.011974950954756758,0.008503611192813204,0.011279700594632694,0.008308980363069002,0.0,0.014354944022369759,0.010711197806933873,0.6397904412621341,0.0,0.008284839466678193,0.007989646649072073,0.01459050849131763,0.0,0.011535489109669101,0.0,0.10488137848918223,0.0,0.0,0.009503258095507441,0.0,0.0,0.009651361545498602,0.010385468909892235,0.008045889692708716,0.008542722814013361
two following benefits economic development important better educational opportunities,0.0,0.12398835048448847,0.0,0.009350208641891624,0.00883353803896706,0.012870722420785106,0.013345658906041039,0.0,0.01170488746648178,0.008881591695791754,0.01141945555362348,0.009388716507509717,0.010107054618983565,0.010310591896388017,0.009744069118885552,0.0,0.0,0.011362047604664038,0.0,0.012476491168097856,0.0,0.0,0.0,0.009515044968736902,0.011453326932993866,0.012223619761817166,0.00711750497576655,0.013922964511601486,0.013724761319555327,0.012315168468105573,0.008745205289142665,0.011600165513622673,0.0085450448486997,0.0,0.014762778958646647,0.011015511127015971,0.6579673769183159,0.0,0.008520218090982934,0.008216638619707516,0.015005035994283232,0.0,0.011863221175961617,0.0,0.1078611386502885,0.0,0.0,0.009773252924728955,0.0,0.0,0.00992556410698263,0.01068052802293866,0.008274479571220484,0.008785428101408073
two following benefits economic development important higher standard living,0.0,0.11783792636164676,0.0,0.008886392899848279,0.008395351667161913,0.012232272103913604,0.012683649433778553,0.0,0.01112426822324083,0.008441021629317143,0.010852995118975538,0.008922990588383676,0.009605695642139589,0.009799136482451731,0.009260715985068932,0.0,0.0,0.010798434882988671,0.0,0.011857596635274057,0.0,0.0,0.0,0.009043052544634408,0.010885186313490334,0.011617268878385335,0.0067644421748957765,0.01323231787859917,0.013043946527115624,0.011704276324391055,0.00831140065056676,0.011024740987647812,0.008121169139708943,0.0,0.014030473451938582,0.010469088296997707,0.6253290007222589,0.0,0.008097573909703904,0.007809053454021774,0.014260713362497807,0.0,0.011274747812051763,0.0,0.0,0.0,0.0,0.009288452132460923,0.0,0.0,0.16419893635725166,0.010150721981159056,0.007864025213533368,0.008349628216070042
two following benefits economic development important increased tax base,0.0,0.11816809795067149,0.0,0.008911291797470054,0.008418874710090054,0.01226654586315761,0.012719187912920921,0.0,0.011155437452277773,0.008464672635494818,0.010883404264441256,0.008947992029535803,0.009632609963290486,0.00982659280796065,0.00928666370331809,0.0,0.0,0.0108286911554332,0.0,0.011890820586543087,0.0,0.0,0.0,0.009068390388913276,0.010915685655874596,0.011649819452246694,0.006783395551713498,0.013269393678855948,0.013080494527279798,0.011737070685525252,0.008334688470070618,0.011055631350053769,0.008143923947115916,0.0,0.014069785614477649,0.010498421769041772,0.62708111802614,0.0,0.008120262605334943,0.007830933740507641,0.014300670637179234,0.0,0.011306338671768128,0.0,0.0,0.0,0.0,0.009314477564975263,0.0,0.0,0.009459638966294063,0.01017916341856166,0.007886059526093437,0.008373023145877316
two following benefits economic development important diversity housing options,0.0,0.13014335482174796,0.0,0.009814369787033433,0.009272050727705433,0.013509648190940471,0.014008161376065791,0.0,0.012285939096266487,0.00932248985433452,0.011986337830765217,0.009854789252241099,0.010608786957333732,0.010822428190636646,0.010227782205275872,0.0,0.0,0.01192608004814432,0.0,0.01309584659103357,0.0,0.0,0.0,0.009987388885104443,0.012021890646223096,0.18023317220991988,0.007470830702136219,0.014614125468429748,0.014406083114059583,0.012926515542561202,0.009179332981579639,0.01217601855764077,0.008969236217488038,0.0,0.015495629812500378,0.011562340877544796,0.6906300588790226,0.0,0.008943177014942145,0.008624527313640261,0.01574991292235481,0.0,0.012452132775370685,0.17981209311722798,0.046900512940830946,0.0,0.0,0.010258414747640424,0.0,0.0,0.0104182869304536,0.011210728610723987,0.008685239593838887,0.009221552526465353
two following benefits economic development important ,0.0,0.17877626183286024,0.0,0.013481874239175514,0.012736897484271918,0.01855803091568838,0.019242832101528135,0.0,0.016877037385005778,0.01280618506734685,0.0164654789588374,0.013537397941519033,0.014573154944491963,0.014866631173958844,0.014049773590086634,0.0,0.0,0.016382703613618616,0.0,0.017989596950902877,0.0,0.0,0.0,0.013719548361078965,0.016514317406669785,0.01762498685194898,0.01026258457485903,0.02007523722421879,0.019789452103125615,0.01775698905555861,0.012609532302387367,0.016726040947107924,0.01232092506493816,0.0,0.0212861484661967,0.015883039767615615,0.9487096779156281,0.0,0.012285127871728554,0.011847402852952656,0.021635453921625247,0.0,0.017105335516179616,0.0,0.0,0.0,0.0,0.014091853121706762,0.0,0.0,0.014311467494284953,0.015400034494216142,0.01193080253568041,0.012667528751159497
please define none,0.0,0.0,0.0,0.0,0.0,0.0,0.0,0.0,0.0,0.0,0.0,0.0,0.0,0.0,0.0,0.0,0.0,0.0,0.0,0.0,1.0,0.0,0.0,0.0,0.0,0.0,0.0,0.0,0.0,0.0,0.0,0.0,0.0,0.0,0.0,0.0,0.0,0.0,0.0,0.0,0.0,0.0,0.0,0.0,0.0,0.0,0.0,0.0,0.0,0.0,0.0,0.0,0.0,0.0
often typically go outside [city name] city limits shop none,0.04565711520208146,0.0666773728941884,0.03410716566067246,0.0,0.0,0.0,0.03740357548020256,0.03150026258499819,0.06561004517231468,0.02489223557388479,0.0,0.0,0.08498043813016043,0.08669178606105643,0.0,0.03197929896558509,0.045216526406933674,0.06368830616498587,0.05434804430340781,0.10490273633236383,0.0,0.0,0.0,0.0,0.06419995917080658,0.03425886182326037,0.03989613948117532,0.03902157680518396,0.038466077214919465,0.0,0.07352996545736273,0.03251152074441412,0.047898006719679975,0.0,0.0827506114107766,0.06174584631499139,0.0,0.03501370852482208,0.0,0.04605717334296037,0.04205427400375695,0.0,0.06649756176408204,0.05386949030841734,0.019196317768116665,0.011046198501277419,0.0,0.05478254854718911,0.0,0.0,0.0556363067380755,0.0,0.02319069619420916,0.02462272004930103
city put emphasis bringing retail city none,0.06545027698534495,0.09558318578088369,0.2093193548507704,0.0,0.0,0.0,0.05361868275264813,0.04515617997707482,0.0940531527351781,0.035683457132239985,0.0,0.0,0.12182095144069469,0.12427419877355145,0.0,0.045842887046864476,0.06481868520493067,0.2752219504597994,0.07790887657982551,0.15037991601275788,0.0,0.0,0.0,0.0,0.09203176967224523,0.24698106193996752,0.1724067412843514,0.055938116085524583,0.055141797660956234,0.0,0.10540649764240552,0.04660583631967366,0.06866263435553303,0.0,0.11862445565319164,0.0885137557667351,0.0,0.05019276647441939,0.0,0.06602376736061011,0.06028554081397595,0.0,0.0953254233660132,0.07722286101826542,0.02751825886197594,0.01583491966901031,0.0,0.07853174604893066,0.0,0.0,0.07975562341885864,0.0,0.03324427052992559,0.03529710189148983
city put emphasis bringing restaurants city none,0.060327023898355155,0.0881012181839264,0.19293445809707074,0.0,0.0,0.0,0.049421571684740206,0.041621488465898845,0.08669095157597571,0.03289026220125213,0.0,0.0,0.11228516955747485,0.11454638398306032,0.0,0.04225444214796876,0.059744871244675965,0.08415174614198367,0.07181040135823293,0.13860862329376547,0.0,0.0,0.0,0.0,0.08482779636927451,0.04526644241088747,0.05271501165328225,0.05155944667241077,0.050825461686519996,0.0,0.09715559039939792,0.04295767002008759,0.06328792748452006,0.0,0.10933888595646174,0.08158516213260082,0.0,0.0462638259469071,0.0,0.06085562315213439,0.05556656791879312,0.0,0.08786363264451803,0.07117808505518435,0.025364211374984093,0.01459540923737902,0.0,0.07238451445719928,0.0,0.0,0.07351259034541642,0.0,0.03064200787402726,0.03253414970004441
please check following types retail restaurant options would like see [city name] clothing stores,0.02175566613303037,0.031771842283355646,0.016252102340967006,0.00932820785360555,0.008812752962648916,0.01284043795870371,0.031137102214551356,0.08155046894794063,0.1122373147852691,0.020721871464480235,0.07899944605922624,0.0649508551276801,0.05057654620125154,0.051595063751853104,0.00972114158753946,0.015238171496036942,0.02154572508251143,0.16395526708426936,0.02589690350813448,0.06243340476340154,0.0,0.0,0.0,0.009492656325027738,0.04201772945518431,0.7655327287419663,0.22534127155634304,0.032484028865076814,0.03202159586769232,0.012286191209463428,0.043761738312465395,0.027064646402725323,0.03134839202055568,0.0,0.054158800837527304,0.04041155631489013,0.008531276055733455,0.01668407102318504,0.05894260950802267,0.030143599372801935,0.03500863784818677,0.0,0.04352146941711994,0.06582057341640657,0.11921746735353138,0.005263525861616771,0.0,0.03585420198784174,0.0,0.0,0.036412971512747055,0.010655397029095017,0.019305402452979264,0.02049750969345611
please check following types retail restaurant options would like see [city name] casual dining,0.021433305563734382,0.0313010688718031,0.01601128981282581,0.009189988854664667,0.00868217162146023,0.012650177138140137,0.030675733946867248,0.0803421099192782,0.11057425907972576,0.020414828956964164,0.07782888634158763,0.06398845781439205,0.04982713755861261,0.05083056341331102,0.009577100365487042,0.015012382701133786,0.021226475276000183,0.16152589016180788,0.025513180918035942,0.06150830930645018,0.0,0.0,0.0,0.009352000641200104,0.0413951395006927,0.7541895887644089,0.22200231883751562,0.03200270276023854,0.031547121778480076,0.01210414283785559,0.043113306828477395,0.02666362099771917,0.03088389300515125,0.0,0.05335631279769355,0.039812765534587305,0.008404865446684253,0.01643685787878754,0.05806923826576274,0.029696952150187427,0.03448990381549795,0.0,0.04287659807316232,0.06484528921282676,0.05292827839880694,0.005185534538212573,0.0,0.03532293896450888,0.0,0.0,0.03587342902506444,0.010497512649395016,0.019019348213721473,0.020193791625090433
please check following types retail restaurant options would like see [city name] fine dining,0.02189619996210679,0.031977077031195116,0.016357085114583406,0.009388464743009532,0.008869680197649332,0.012923382599530643,0.031338236768363587,0.08207725583620015,0.11296232773203803,0.020855727349412736,0.07950975425120402,0.0653704144423463,0.05090325261675087,0.051928349426773504,0.009783936688454196,0.015336604638711896,0.021684902767421573,0.1650143595220604,0.026064188250829408,0.06283670224829711,0.0,0.0,0.0,0.009553975492793292,0.04228914897290108,0.7704777966151165,0.22679689564742442,0.03269386408374232,0.032228443934439965,0.01236555561434412,0.044044423504198224,0.0272394743472395,0.03155089143101265,0.0,0.054508647337898515,0.04067260052806852,0.00858638505049781,0.016791844160129413,0.05932335770296498,0.030338316253273545,0.03523478113874251,0.0,0.04380260255764623,0.06624575080043388,0.05407136869411621,0.005297526357820963,0.0,0.03608580732058679,0.0,0.0,0.03664818629695298,0.010724227086316514,0.019430108454256766,0.02062991628152095
please check following types retail restaurant options would like see [city name] fast food,0.022460409193458136,0.0328010447554512,0.016778565482666402,0.009630381536123845,0.009098229236081045,0.013256385210739852,0.0321457432082748,0.08419217739824797,0.1158730788309342,0.021393126255042444,0.08155851784528155,0.06705484330897446,0.05221489961859973,0.05326641055912192,0.010036043785034249,0.01573178982745341,0.022243667408935124,0.16926635873237994,0.026735795910799935,0.06445584381338693,0.0,0.0,0.0,0.009800157075829029,0.04337883249231517,0.7903310444916339,0.2326408732502757,0.033536301582327295,0.033058888742734036,0.012684184446765969,0.04517933597182376,0.027941366132593473,0.03236387743924915,0.0,0.05591319616690721,0.04172062971672753,0.008807634295472367,0.017224527160054237,0.06085196933917102,0.031120057291598738,0.036142691589758046,0.0,0.0449312839161928,0.06795273485264791,0.05546464996766223,0.005434030101830528,0.0,0.03701564654594442,0.0,0.0,0.037592516594301774,0.011000563068435748,0.01993077279670072,0.021161496611814924
please check following types retail restaurant options would like see [city name] big box retail,0.018668009134774816,0.027262646813365675,0.01394553460718176,0.008004308779026597,0.0075620094463330545,0.011018068196204723,0.02671799176441473,0.06997647830943576,0.09630811600353195,0.01778093501817606,0.06778750747772963,0.055732752535400165,0.04339850688629826,0.04427247207873569,0.00834147568026446,0.013075505155569293,0.01848786381424604,0.24560501949199973,0.022221504425380567,0.05357258947216289,0.0,0.0,0.0,0.008145418021461985,0.036054393944802615,0.7697599365843443,0.25908406762406283,0.027873756835552016,0.027476954302979206,0.010542482511332127,0.03755088562102952,0.023223516264043294,0.026899294419293448,0.0,0.04647235265430051,0.034676175752277646,0.007320480943487158,0.0143161964502287,0.05057722277934058,0.025865491086577774,0.030040062535880693,0.0,0.03734471671286167,0.05647903669233417,0.046099542681305346,0.00451650380479978,0.0,0.030765620603677636,0.0,0.0,0.03124508717258813,0.009143137601831322,0.01656549733476359,0.01758841562734878
please check following types retail restaurant options would like see [city name] specialty shops,0.021616180346220475,0.03156813809005746,0.0161479024847786,0.009268400334772057,0.008756250267055054,0.01275811188416747,0.030937467637755622,0.08102761061501884,0.11151770868051812,0.020589013820511884,0.07849294353139111,0.06453442471014832,0.05025227622496717,0.05126426358150082,0.009658814786110491,0.015140472426393574,0.02140758532631426,0.1629040729130114,0.02573086630478322,0.06203311490174468,0.0,0.0,0.0,0.009431794449858486,0.04174833407022188,0.7606245391078564,0.22389650289830332,0.03227575850933159,0.0318162903869407,0.012207418670977606,0.04348116126815162,0.02689112225158549,0.031147402765642748,0.0,0.053811563345404115,0.04015245885980293,0.008476578040703718,0.01657710161302628,0.05856470077318636,0.029950334609034766,0.03478418103930134,0.0,0.043242432849466744,0.06539856682671513,0.0533798768408094,0.005229778926831485,0.0,0.03562432387038331,0.0,0.0,0.036179510861600615,0.010587080277528462,0.01918162645667699,0.020366090538108145
please check following types retail restaurant options would like see [city name] brewery,0.024009824416738698,0.03506380130836413,0.017936022791646553,0.010294726501059585,0.009725864056170881,0.014170867439192485,0.03436329425383079,0.09000011438721332,0.12386650008887502,0.022868915730097077,0.08718477371841521,0.07168057359388301,0.05581690702880704,0.056940955697589585,0.010728373069336487,0.016817036068434904,0.023778130855622106,0.18094307711939867,0.028580145621168573,0.06890228398166952,0.0,0.0,0.0,0.010476213884636095,0.04637129014759719,0.8448514648997903,0.24868943707948005,0.03584977930023639,0.03533943247822614,0.013559193815804619,0.04829600006861322,0.02986888124027485,0.03459647631831874,0.0,0.05977032791268641,0.04459869744252733,0.009415222631951454,0.018412748815578247,0.06504979881095888,0.033266852129646945,0.038635969253453334,0.0,0.0480308363197869,0.07264040554187588,0.05929083907551046,0.005808892772008119,0.0,0.03956914438135177,0.0,0.0,0.040185809396358255,0.01175942902390804,0.02130568286699225,0.02262130728201838
please check following types retail restaurant options would like see [city name] sports bar,0.021170462288203896,0.030917214153481407,0.015814938398558107,0.009077289170266201,0.008575699457336198,0.012495044091343301,0.030299547904732008,0.07935684970025045,0.10921825263641502,0.02016447557603153,0.07687444656298781,0.06320374750463296,0.049216091912514325,0.05020721244465685,0.009459653412535083,0.014828281194674615,0.02096616842445457,0.15954504805946115,0.025200304865307745,0.06075401382727759,0.0,0.0,0.0,0.00923731415600132,0.04088749806269568,0.7449407278599461,0.21927983552829852,0.03161024368787023,0.031160249637029104,0.011955705979083138,0.04258459497150084,0.026336636741384846,0.030505154243905652,0.0,0.052701987780758006,0.039324529239447445,0.008301793974212109,0.016235287591300027,0.057357117181688844,0.029332769212879112,0.03406694342496743,0.0,0.042350789049087983,0.06405007131380794,0.052279202500497016,0.005121942719426279,0.0,0.0348897628055078,0.0,0.0,0.035433502035668425,0.010368778395059635,0.018786108046072853,0.019946148893532502
please check following types retail restaurant options would like see [city name] entertainment options,0.020193409000069013,0.02949033148377887,0.015085051759636123,0.008658356644824774,0.008179916160836548,0.01191837629124336,0.02890117159597213,0.07569439444159236,0.10417764221374064,0.019233850306877402,0.07332655848357786,0.060286785726417234,0.04694468452529518,0.04789006313826348,0.009023074118917878,0.014143930484642263,0.019998543649906435,0.15218176937003014,0.024037267403231647,0.05795011147648156,0.0,0.0,0.0,0.008810996201920322,0.039000469622696765,0.8582451769402417,0.20915969353952493,0.03015137651182432,0.02972215046127672,0.011403929561553236,0.04061924258692015,0.02512115560657175,0.029097288848558236,0.0,0.05026970029683635,0.03750963450192596,0.007918651887397979,0.015486001113331439,0.05470998746022157,0.027979011405449738,0.03249469532584984,0.0,0.04039622721041834,0.0610940502345092,0.09124263143067529,0.004885556243423702,0.0,0.03327954017516109,0.0,0.0,0.033798184903582267,0.009890241418071665,0.01791909681184487,0.019025599776713607
please check following types retail restaurant options would like see [city name] ,0.02841898891610084,0.04150291828223689,0.02122979427368808,0.01218525022298525,0.01151192187057933,0.016773205738446963,0.040673770102187964,0.1065277366807767,0.1466133459371667,0.027068563741923096,0.10319538681128566,0.08484399515408923,0.06606712463406525,0.06739759361646307,0.01269853165326405,0.019905316812618194,0.02814474714610631,0.21417146639008403,0.03382860397189289,0.08155550039774409,0.0,0.0,0.0,0.012400065952278017,0.05488691453366585,1.0,0.29435876886237944,0.042433233283780375,0.04182916636407541,0.01604920436210986,0.057165078212111184,0.035354003018527834,0.04094977372433426,0.0,0.07074655178561583,0.05278880287887916,0.01114423425077237,0.02179406627147439,0.07699554479517247,0.03937597733063385,0.04573107919986388,0.0,0.056851219788657106,0.08598009065474238,0.07017900961152156,0.006875637923758734,0.0,0.04683562262159913,0.0,0.0,0.047565532008783086,0.013918930738082879,0.025218258773474892,0.02677548447489707
please define none,0.0,0.0,0.0,0.0,0.0,0.0,0.0,0.0,0.0,0.0,0.0,0.0,0.0,0.0,0.0,0.0,0.0,0.0,0.0,0.0,1.0,0.0,0.0,0.0,0.0,0.0,0.0,0.0,0.0,0.0,0.0,0.0,0.0,0.0,0.0,0.0,0.0,0.0,0.0,0.0,0.0,0.0,0.0,0.0,0.0,0.0,0.0,0.0,0.0,0.0,0.0,0.0,0.0,0.0
please check following done [city name] past year eaten restaurant fast food,0.022929164974160865,0.03348561284189038,0.017128739403994155,0.009831370617691676,0.009288112132329154,0.013533050125667863,0.03281663494600204,0.08594929453291142,0.298249283813427,0.1583904776139507,0.08326066967948133,0.06845429890902435,0.05330464094184152,0.054378097245317544,0.010245499164902869,0.016060117212716146,0.02270789972065116,0.04393123180800005,0.027293780352531567,0.06580105747923579,0.0,0.0,0.0,0.010004689426131337,0.044284162324722244,0.2785187956257991,0.027519754525288292,0.034236214709229926,0.03374883811401612,0.01294890735237772,0.04612224287626571,0.028524511202773196,0.09001379840401241,0.0,0.05708012209844532,0.042591352337398664,0.008991452384214968,0.01758400844138807,0.062121969015009056,0.03176954264271539,0.03689700089316065,0.0,0.045869013896474964,0.02705344884118632,0.009640458777419566,0.005547440013502466,0.0,0.03778817469293447,0.0,0.0,0.038377084200036875,0.011230148268104152,0.02034673427281876,0.021603143679758748
please check following done [city name] past year eaten restaurant fast food,0.022929164974160865,0.03348561284189038,0.017128739403994155,0.009831370617691676,0.009288112132329154,0.013533050125667863,0.03281663494600204,0.08594929453291142,0.298249283813427,0.1583904776139507,0.08326066967948133,0.06845429890902435,0.05330464094184152,0.054378097245317544,0.010245499164902869,0.016060117212716146,0.02270789972065116,0.04393123180800005,0.027293780352531567,0.06580105747923579,0.0,0.0,0.0,0.010004689426131337,0.044284162324722244,0.2785187956257991,0.027519754525288292,0.034236214709229926,0.03374883811401612,0.01294890735237772,0.04612224287626571,0.028524511202773196,0.09001379840401241,0.0,0.05708012209844532,0.042591352337398664,0.008991452384214968,0.01758400844138807,0.062121969015009056,0.03176954264271539,0.03689700089316065,0.0,0.045869013896474964,0.02705344884118632,0.009640458777419566,0.005547440013502466,0.0,0.03778817469293447,0.0,0.0,0.038377084200036875,0.011230148268104152,0.02034673427281876,0.021603143679758748
please check following done [city name] past year attended live music performance concert parade festival,0.017751626830119126,0.025924367678323484,0.013260970921213804,0.007611390237303982,0.007190802661815784,0.010477209090469482,0.02540644886275429,0.0665414464320709,0.23090286953635583,0.12262499115060288,0.06445992862982823,0.052996922064969476,0.04126814453903548,0.04209920819701079,0.007932006161960502,0.01243364980492681,0.017580324551331288,0.0340113054322693,0.021130686797682176,0.05094279790454343,0.0,0.0,0.0,0.007745572655788429,0.03428454219587904,0.08231918236428706,0.07563714934948548,0.026505479300225877,0.026128155160697934,0.010024969135868301,0.03570757352176766,0.07410943065023794,0.06968816180747457,0.037881956650872024,0.15688285722460482,0.0329739785001173,0.006961130401619013,0.013613437575286545,0.048094468906712616,0.024595796061155056,0.02856544456564669,0.0,0.03551152511106964,0.020944623532415996,0.007463587395387107,0.004294795954983123,0.0,0.0730877319960616,0.060382787435212436,0.0,0.10547816647741558,0.008694315799417342,0.015752323925869095,0.01672502881778225
please check following done [city name] past year visited city government offices,0.04916145910166137,0.0717950953763813,0.03672501037963732,0.010539514305897937,0.009957125460951404,0.014507822047237506,0.05531759960411419,0.10909914451186994,0.3550548015132541,0.32993302333102664,0.08925785155799285,0.07338499286697342,0.10289561291621532,0.10496773913887296,0.010983472113770498,0.0344338224444969,0.04868705356952384,0.08138385767053449,0.05851944752644945,0.12701783597507477,0.0,0.0,0.0,0.010725317092921736,0.08203767150088734,0.13243178727546653,0.050981128760570246,0.05771052456663872,0.05688897466078105,0.013881604060429084,0.08903120565058913,0.04808254996938098,0.12228457477424401,0.0,0.10574255128968768,0.07890169280414353,0.009639097611039297,0.03770113359159536,0.06659655165130604,0.05885398224189769,0.06219569816829011,0.0,0.08497365415915092,0.058004162832080756,0.020669702557483082,0.01189403302082971,0.0,0.07000366946867716,0.0,0.0,0.07109464109716036,0.012039044496608416,0.03429762075261821,0.03641549641617451
please check following done [city name] past year gone shopping,0.028144117832138424,0.041101498225755616,0.021024457743893322,0.012067393358089974,0.01140057749965894,0.016610973744322795,0.04028036964343721,0.10549739057874072,0.36608236699658436,0.1944144180775537,0.10219727150477423,0.08402337620157985,0.06542811730639227,0.06674571786998569,0.012575710282997556,0.019712790751080518,0.02787252855385669,0.053922843065094636,0.03350141059178564,0.08076668807005691,0.0,0.0,0.0,0.012280131369820825,0.054356043230053996,0.1305120252063252,0.22260415048896423,0.042022815134733035,0.04142459080603282,0.015893974976125328,0.056612172299119426,0.03501205583804219,0.11048631520841468,0.0,0.07006228460660657,0.05227822470485499,0.011036446188449525,0.021583272050832887,0.07625083677897224,0.0389951292433601,0.045288763980714186,0.0,0.05630134954330715,0.033206418672904206,0.01183306099865937,0.006809136119116208,0.0,0.04638262415652143,0.0,0.0,0.047105473792739515,0.013784305555221182,0.024974345446889843,0.026516509517590825
please check following done [city name] past year used professional services banking legal,0.06433847283275332,0.06270894836997262,0.016091759960124793,0.009236176249025518,0.008725806808720052,0.012713754877945264,0.06589076112265552,0.1102731849334585,0.3748743383594294,0.14880146668229877,0.0782200417089089,0.0643100534313569,0.050077560675407126,0.07817335283927036,0.035224224403647905,0.04506415371626444,0.06371760990478326,0.07112126077282223,0.07658543813930382,0.09459487448256283,0.0,0.0,0.0,0.009399002280539285,0.04160318476200665,0.09989166936493038,0.025853699652832216,0.03216354315693282,0.03170567249900602,0.012164976297775222,0.04332998732027979,0.026797628034896895,0.19858342469908902,0.022190103101627383,0.053624472977188996,0.0400128580408376,0.008447106938058734,0.01651946686220491,0.05836108484473368,0.029846204218059065,0.03466324448154083,0.0,0.04309208890512907,0.025415624266218483,0.009056822273537506,0.015565931816630366,0.0,0.035500466330182445,0.0,0.0,0.03605372306455238,0.010550271446409173,0.019114936374961478,0.020295282348548216
please check following done [city name] past year gone workemployment,0.027180885861013276,0.03969480012321348,0.02030489602249653,0.011654387018364444,0.011010392921749677,0.016042463440411936,0.03890177465315503,0.10188674411677633,0.3535532039913894,0.187760587808049,0.09869957156398075,0.08114767752941125,0.06318884106487238,0.06446134677079092,0.012145306804855562,0.019038120810995988,0.02691859172132555,0.052077334645749145,0.03235482536384329,0.07800244949576654,0.0,0.0,0.0,0.011859844075133588,0.05249570854216905,0.12604525328457508,0.0326227015906557,0.04058458497609455,0.04000683486523076,0.015350003943294286,0.05467462163085555,0.03381376880132754,0.10670492288283867,0.0,0.06766440406525635,0.050489003321910156,0.010658723998693147,0.02084458491894795,0.07364115314104061,0.0376605215846873,0.04373875677639706,0.0,0.054374436778762164,0.032069929538546496,0.011428074680091334,0.006576093547137415,0.0,0.04479517960563112,0.0,0.0,0.04549328972490736,0.013312537923713287,0.02411959888365247,0.02560898241433157
please check following done [city name] past year gone church,0.027180885861013276,0.03969480012321348,0.02030489602249653,0.011654387018364444,0.011010392921749677,0.016042463440411936,0.03890177465315503,0.10188674411677633,0.3535532039913894,0.187760587808049,0.09869957156398075,0.08114767752941125,0.06318884106487238,0.06446134677079092,0.012145306804855562,0.019038120810995988,0.02691859172132555,0.052077334645749145,0.03235482536384329,0.07800244949576654,0.0,0.0,0.0,0.011859844075133588,0.05249570854216905,0.12604525328457508,0.0326227015906557,0.04058458497609455,0.04000683486523076,0.015350003943294286,0.05467462163085555,0.03381376880132754,0.10670492288283867,0.0,0.06766440406525635,0.050489003321910156,0.010658723998693147,0.02084458491894795,0.07364115314104061,0.0376605215846873,0.04373875677639706,0.0,0.054374436778762164,0.032069929538546496,0.011428074680091334,0.006576093547137415,0.0,0.04479517960563112,0.0,0.0,0.04549328972490736,0.013312537923713287,0.02411959888365247,0.02560898241433157
please check following done [city name] past year none,0.04705776576472319,0.06872287444299102,0.03515349153039272,0.020177025033178215,0.019062089945803825,0.027774020711770042,0.06734992409081,0.17639463863297397,0.6121001333020559,0.32506643845597344,0.1708767456471411,0.14048947562108524,0.10939767368068543,0.11160073931105467,0.02102694539412946,0.03296034699918913,0.046603660764246053,0.09016052780405626,0.056015311683204415,0.1350442004067043,0.0,0.0,0.0,0.020532729041560796,0.09088485080517084,0.2182198194404111,0.056479080848040826,0.07026334252787908,0.06926309442976364,0.0265751783714746,0.09465716279946713,0.05854115351544536,0.18473626255742218,0.0,0.11714613325681048,0.08741067911346612,0.018453252033288868,0.03608784495084029,0.1274935685641414,0.06520096557454329,0.07572410192031771,0.0,0.09413745830829787,0.05552207680179851,0.01978521466104468,0.011385069322996816,0.0,0.07755306725650302,0.0,0.0,0.07876169241459638,0.023047751075937175,0.04175781615101799,0.04433635835449572
living [city name] none,0.05345185879574167,0.07806076895214552,0.0399300611689571,0.0,0.0,0.0,0.04378924568875318,0.036878098414009026,0.07681122328054833,0.029141925746219065,0.0,0.0,0.09948859798147114,0.10149211326157073,0.0,0.037438917573516216,0.05293605112894122,0.07456139821807209,0.06362653393830785,0.12281210113486983,0.0,0.0,0.0,0.0,0.07516040242800734,0.040107655434968345,0.046707348999259116,0.04568347790144204,0.04503314146366034,0.0,0.08608326026484338,0.038062002129867926,0.05607532320966922,0.0,0.09687808738709958,0.07228731477765425,0.0,0.040991372225346476,0.0,0.05392021627215471,0.04923392785236173,0.0,0.07785025983228966,0.06306627951896594,0.022473580781397707,0.012932044433965824,0.0,0.06413521827769181,0.0,0.0,0.46428638101770414,0.0,0.02714989356776751,0.02882639758156063
please define none,0.0,0.0,0.0,0.0,0.0,0.0,0.0,0.0,0.0,0.0,0.0,0.0,0.0,0.0,0.0,0.0,0.0,0.0,0.0,0.0,1.0,0.0,0.0,0.0,0.0,0.0,0.0,0.0,0.0,0.0,0.0,0.0,0.0,0.0,0.0,0.0,0.0,0.0,0.0,0.0,0.0,0.0,0.0,0.0,0.0,0.0,0.0,0.0,0.0,0.0,0.0,0.0,0.0,0.0
used dart des moines area regional transit authority bus services past 2 years none,0.03347719351861557,0.08411115386340205,0.06104155550152065,0.0,0.0,0.0,0.027425445718519695,0.023096956121246893,0.13141309288788577,0.0435177192911526,0.0,0.0,0.0,0.021188356481387286,0.020024147221126196,0.02344820024922968,0.03315414033638947,0.023349107153630116,0.03984964859147585,0.025639298418856645,0.0,0.0,0.0,0.04772697455905807,0.0,0.0,0.0,0.0,0.0,0.0,0.18105781660498635,0.0,0.13105719688944048,0.01735763295902086,0.0,0.0,0.0,0.0,0.10367474373351251,0.0,0.0,0.0,0.0,0.0,0.059315264611499975,0.008099410644662167,0.0,0.0,0.0,0.0,0.0,0.0,0.0,0.0
please check following items would make try dart cause ride often nothing,0.0,0.0,0.03647167860112199,0.010396469013030651,0.00982198451552083,0.014310917750380844,0.014838998207323682,0.07416074649434885,0.09024715899255172,0.009875415232767333,0.08804641855014798,0.1938836942503072,0.04152860076454017,0.01146431628023188,0.01083440129896694,0.0,0.0,0.012633426736301266,0.0,0.013872573200060512,0.0,0.0,0.0,0.010579750031658489,0.012734919948362825,0.09424669474765925,0.007913932486930925,0.057207688734080185,0.05639329704995073,0.013693198972617724,0.009723767595283282,0.012898189326821949,0.009501209800436165,0.025313957514988192,0.0164146897537829,0.01224811386364391,0.009508273030254215,0.0,0.816957507118145,0.03376112208035657,0.06165378270477878,0.0,0.013190680130712269,0.0,0.0,0.0,0.0,0.010866850685366072,0.0,0.0,0.011036205033197828,0.04388492997613872,0.033998783186759564,0.036098205651691584
please check following items would make try dart cause ride often frequent buses,0.0,0.0,0.02927732029678551,0.008345674367747366,0.007884511973137552,0.01148796377872127,0.011911875736530438,0.05953188917652313,0.07244511580058124,0.007927403013048853,0.07067849070150062,0.15563843603062597,0.0333367202359414,0.00920287940105054,0.008697220671494015,0.0,0.0,0.010141372571573585,0.0,0.011136086533354123,0.0,0.0,0.0,0.008492801598862065,0.010222845357895636,0.07565570806921149,0.006352839932623369,0.04592297066510529,0.045269224879394096,0.010992095444617413,0.007805669201358189,0.010353908420281195,0.007627012882422409,0.02032055750027174,0.013176748313390793,0.009832066040589926,0.007632682828244604,0.0,0.6558054776240966,0.02710144480970144,0.04949203362690013,0.0,0.010588702849213726,0.0,0.0,0.0,0.0,0.00872326913198391,0.0,0.0,0.008859216850194255,0.035228242855646665,0.027292225179597413,0.028977518160386913
please check following items would make try dart cause ride often convenient routes,0.0,0.0,0.02979581163038681,0.00849347340771656,0.008024143984752917,0.011691411689923943,0.012122830983585775,0.06058617858204393,0.07372809403504992,0.008067794610318155,0.07193018260940968,0.15839473952558752,0.033927102154703424,0.009365859249112199,0.008851245476321622,0.0,0.0,0.010320972812848403,0.0,0.011333302818835421,0.0,0.0,0.0,0.008643206211796834,0.010403888454363627,0.07699554479517247,0.006465346556024389,0.04673625077618493,0.04607092737610077,0.011186761697142517,0.007943904934438828,0.010537272598778322,0.007762084673170816,0.02068042762673938,0.013410104021368233,0.010006188568941718,0.007767855031795172,0.0,1.0000000000000002,0.027581402132279456,0.05036852062289987,0.0,0.010776225156779541,0.0,0.0,0.0,0.0,0.00887775524614177,0.0,0.0,0.00901611055196602,0.03585212299336064,0.027775561157305388,0.029490700100644085
please check following items would make try dart cause ride often intersuburb routes,0.0,0.0,0.029482868206746407,0.00840426702261179,0.007939866935296368,0.01156861757218617,0.011995505697761095,0.05994984598651169,0.07295373277743344,0.007983059101250642,0.07117470469566453,0.15673113013348042,0.033570768062039784,0.00926749025366043,0.00875828143502607,0.0,0.0,0.01021257232329576,0.0,0.011214269894702462,0.0,0.0,0.0,0.008552427193030612,0.01029461710735454,0.0761868657200005,0.006397441452066739,0.04624538304928938,0.04558704749653201,0.011069267884643621,0.007860470630379734,0.010426600326990602,0.007680560015197361,0.020463222473741997,0.013269258592625455,0.009901094237322215,0.007686269768129685,0.0,0.8178332367775473,0.027291716504005595,0.04983950340789783,0.0,0.010663043182201503,0.0,0.0,0.0,0.0,0.008784512774500694,0.0,0.0,0.00892141494376936,0.035475570535132686,0.027483836289732527,0.02918096124306465
please check following items would make try dart cause ride often parkandride locations,0.0,0.0,0.028980270373510565,0.008260998519497374,0.007804515113693485,0.011371406022599404,0.011791016937373687,0.05892787409136384,0.07171008213383648,0.007846970977844652,0.06996138134766489,0.15405931659575728,0.03299848333147265,0.009109506285195712,0.008608978007651032,0.0,0.0,0.010038477432477834,0.0,0.011023098950584153,0.0,0.0,0.0,0.008406632986511014,0.010119123589699934,0.07488809948859496,0.006288383534447783,0.045457032704446884,0.04480991987330661,0.010880568806408895,0.007726472286686062,0.010248856876264784,0.00754962862837955,0.020114383575022765,0.013043056020659489,0.009732309149133159,0.007555241046499264,0.0,0.6491516252620375,0.026826471484965645,0.048989883681394154,0.0,0.010481269063025121,0.0,0.0,0.0,0.0,0.008634762178475362,0.0,0.0,0.008769330560774686,0.03487081441850483,0.0270153161826872,0.028683510052439062
please check following items would make try dart cause ride often express buses,0.0,0.0,0.02927732029678551,0.008345674367747366,0.007884511973137552,0.01148796377872127,0.011911875736530438,0.05953188917652313,0.07244511580058124,0.007927403013048853,0.07067849070150062,0.15563843603062597,0.0333367202359414,0.00920287940105054,0.008697220671494015,0.0,0.0,0.010141372571573585,0.0,0.011136086533354123,0.0,0.0,0.0,0.008492801598862065,0.010222845357895636,0.07565570806921149,0.006352839932623369,0.04592297066510529,0.045269224879394096,0.010992095444617413,0.007805669201358189,0.010353908420281195,0.007627012882422409,0.02032055750027174,0.013176748313390793,0.009832066040589926,0.007632682828244604,0.0,0.6558054776240966,0.02710144480970144,0.04949203362690013,0.0,0.010588702849213726,0.0,0.0,0.0,0.0,0.00872326913198391,0.0,0.0,0.008859216850194255,0.035228242855646665,0.027292225179597413,0.028977518160386913
used [city name] partnership food pantry past 2 years none,0.02375092051606701,0.11878866894486945,0.10378421369874383,0.0,0.0,0.0,0.01945741303003971,0.016386498130250324,0.21936482121396503,0.07428972939087655,0.0,0.0,0.04420698991858284,0.045097236455232045,0.0,0.016635693791195307,0.023521725364172092,0.0331307812776257,0.02827195881169208,0.054570608360169054,0.0,0.0,0.0,0.0672739283334616,0.03339694417073157,0.017821526842722746,0.020754049692393164,0.02029910047994615,0.020010128507961408,0.0,0.038250431666505255,0.01691255660019976,0.1601452590525203,0.0,0.04304702970335064,0.032120309869200676,0.0,0.018214199571414773,0.0,0.02395903154243749,0.021876715486803228,0.0,0.03459216152795758,0.028023014088676666,0.00998596200162288,0.00574625403833175,0.0,0.028497988768080407,0.0,0.0,0.028942115446735733,0.0,0.012063845461611841,0.012808787068387915
aware receive property tax bill polk county paying taxes seven separate entities none,0.0,0.0,0.06165426196873673,0.0,0.0,0.0,0.0,0.0,0.0,0.0,0.0,0.0,0.0,0.05223651183763859,0.0,0.0,0.0,0.0,0.0,0.0,0.0,0.0,0.0,0.0,0.0,0.0,0.0,0.0,0.0,0.0,0.0,0.0,0.0,0.0,0.0,0.0,0.0,0.06329298597729943,0.0,0.0,0.0,0.0,0.0,0.0683412024892613,0.0,0.0,0.0,0.0,0.0,0.0,0.0,0.08600262800630602,0.0,0.0
one following entities receive majority services none,0.058453922642838614,0.0426828762607291,0.12022571565554968,0.012615021933766749,0.0119179454044555,0.017364793862907846,0.0658926391375649,0.040329177702594844,0.015791884200357997,0.011982777961466608,0.015406787997780003,0.012666975594695592,0.013636135896798744,0.15276846610648426,0.04811020832336574,0.04094247872719956,0.05788984531918643,0.05609878897317436,0.06958075129013269,0.06160122449033612,0.0,0.0,0.0,0.012837414177434803,0.015452486250091716,0.01649174230342651,0.009602724903989335,0.018784447430402546,0.018517037609855586,0.01661525708069704,0.011798769499490961,0.015650596472686795,0.07285161178384414,0.03030784924325253,0.019917499972385778,0.014861798255107729,0.011537289504596353,0.12342122494234131,0.011495223498721984,0.011085643152929193,0.020244345921520294,0.0,0.01600550330710113,0.0,0.0,0.014142234563730685,0.0,0.013185780631389553,0.0,0.0,0.013391274324469257,0.014409849066889226,0.011163680435299226,0.011853036915160443
receive information citys budget money spent social media,0.0,0.0,0.09310003250862667,0.0,0.0,0.0,0.0912376387933459,0.1536756602933217,0.16004099944442896,0.0,0.07806914355847565,0.0,0.0,0.07887890950162418,0.0,0.0,0.0,0.0,0.0,0.0,0.0,0.0,0.0,0.0,0.0,0.0,0.0,0.0,0.0,0.0,0.0,0.0,0.0,0.0,0.0,0.0,0.0,0.7669338086287018,0.0,0.0,0.0,0.0,0.0,0.0,0.0,0.05516633071455771,0.0,0.0,0.0,0.0,0.0,0.0,0.0,0.0
receive information citys budget money spent newsletter,0.0,0.0,0.10138391177177068,0.0,0.0,0.0,0.0993558054969761,0.16734945375237179,0.17428116973038132,0.0,0.08501560041772051,0.0,0.0,0.08589741792866873,0.0,0.0,0.0,0.0,0.0,0.0,0.0,0.0,0.0,0.0,0.0,0.0,0.0,0.0,0.0,0.0,0.0,0.0,0.0,0.0,0.0,0.0,0.0,0.8351742474589962,0.0,0.0,0.0,0.0,0.0,0.0,0.0,0.06007493504815689,0.0,0.0,0.0,0.0,0.0,0.0,0.0,0.0
receive information citys budget money spent council meetings,0.0,0.0,0.08816090718995244,0.0,0.0,0.0,0.08639731683386095,0.14552288822475778,0.1515505346069579,0.0,0.07392743411792148,0.0,0.0,0.07469424051138741,0.0,0.0,0.0,0.0,0.0,0.0,0.0,0.0,0.0,0.0,0.0,0.0,0.0,0.0,0.0,0.0,0.0,0.0,0.0,0.0,0.0,0.0,0.0,0.7262465812467533,0.0,0.0,0.0,0.0,0.0,0.0,0.0,0.05223965696989087,0.0,0.0,0.0,0.0,0.0,0.0,0.0,0.0
receive information citys budget money spent monthly [city name] living magazine,0.020006320541179217,0.029217108638174616,0.09669804936046031,0.0,0.0,0.0,0.09650709053237874,0.1487482527153143,0.16928420580084447,0.010907435602829764,0.06855387296154827,0.0,0.03723726033580699,0.10725209200677274,0.0,0.014012889403019688,0.01981326058494754,0.027907340667975008,0.023814566257804586,0.045966937670569245,0.0,0.0,0.0,0.0,0.028131539984883238,0.015011762525479666,0.017481940137549494,0.017098718789643638,0.016855306501895363,0.0,0.03221982054299327,0.014246101673639992,0.02098824841377161,0.0,0.03626018090575914,0.027056181451599704,0.0,0.6888004440515134,0.0,0.02018162052161177,0.018427605032027637,0.0,0.02913831787161266,0.023604870472653344,0.00841156268370122,0.05328280701746269,0.0,0.02400496004723075,0.0,0.0,0.17377622351805383,0.0,0.010161844426239658,0.010789337603169002
receive information citys budget money spent budget page citys website,0.0,0.0,0.07420061316505885,0.0,0.0,0.0,0.07271628762934242,0.12247931515226021,0.12755248274725486,0.0,0.06222101287422362,0.0,0.0,0.0628663953502849,0.0,0.0,0.0,0.0,0.0,0.0,0.0,0.0,0.0,0.0,0.0,0.0,0.0,0.0,0.0,0.0,0.0,0.0,0.0,0.0,0.0,0.0,0.0,0.7506113788463229,0.0,0.0,0.1831259575816642,0.0,0.0,0.0,0.0,0.08793499754594196,0.0,0.0,0.0,0.0,0.0,0.0,0.0,0.0
receive information citys budget money spent ,0.0,0.0,0.11574366486828552,0.0,0.0,0.0,0.11342830290518113,0.19105239433460536,0.19896590050239826,0.0,0.09705698854346802,0.0,0.0,0.09806370438899524,0.0,0.0,0.0,0.0,0.0,0.0,0.0,0.0,0.0,0.0,0.0,0.0,0.0,0.0,0.0,0.0,0.0,0.0,0.0,0.0,0.0,0.0,0.0,0.9534661517315051,0.0,0.0,0.0,0.0,0.0,0.0,0.0,0.06858379231658299,0.0,0.0,0.0,0.0,0.0,0.0,0.0,0.0
receive information citys budget money spent important,0.0,0.14920923997094773,0.1072372081260865,0.0,0.0,0.0,0.10509201121179144,0.17701120314068303,0.18434311464433548,0.0,0.08992388907307672,0.0,0.0,0.09085661741525843,0.0,0.0,0.0,0.0,0.0,0.0,0.0,0.0,0.0,0.0,0.0,0.0,0.0,0.0,0.0,0.0,0.0,0.0,0.0,0.0,0.0,0.0,0.10726484624493088,0.8833921776260129,0.0,0.0,0.0,0.0,0.0,0.0,0.0,0.06354329992141924,0.0,0.0,0.0,0.0,0.0,0.0,0.0,0.0
please define none,0.0,0.0,0.0,0.0,0.0,0.0,0.0,0.0,0.0,0.0,0.0,0.0,0.0,0.0,0.0,0.0,0.0,0.0,0.0,0.0,1.0,0.0,0.0,0.0,0.0,0.0,0.0,0.0,0.0,0.0,0.0,0.0,0.0,0.0,0.0,0.0,0.0,0.0,0.0,0.0,0.0,0.0,0.0,0.0,0.0,0.0,0.0,0.0,0.0,0.0,0.0,0.0,0.0,0.0
like city [city name] none,0.11929737051815073,0.17422115313523484,0.08911853412411157,0.0,0.0,0.0,0.09773171570335915,0.08230696311820968,0.1714323350038857,0.06504086465251414,0.0,0.0,0.22204518987976607,0.2265167669229925,0.0,0.08355863616705671,0.1181461570762096,0.16641102760455098,0.1420058790290135,0.2741001166897936,0.0,0.0,0.0,0.0,0.16774792455789456,0.3869245848328049,0.27741867587799585,0.10195938761628731,0.1005079240240487,0.0,0.19212627636522078,0.08494927721973325,0.125152590772052,0.0,0.2162188808114814,0.161335578763428,0.0,0.09148723787327248,0.0,0.12034268150746741,0.10988351509929188,0.0,0.1737513250500253,0.1407554664043736,0.05015801421599173,0.02886258646853486,0.0,0.1431411941607878,0.0,0.0,0.1453719769594881,0.0,0.06059491635004377,0.06433664816283113
could change one thing city [city name] would none,0.061890994694021005,0.09038523160607705,0.046234336085179115,0.0,0.0,0.0,0.05070281995120653,0.04270052051864003,0.08893840400694182,0.03374293826946363,0.0,0.0,0.11519614899299557,0.11751598512898254,0.0,0.043349883448337255,0.061293749803229186,0.08633336997928914,0.07367207732518515,0.14220203508255436,0.0,0.0,0.0,0.0,0.08702694672692794,0.0464399694536536,0.05408164195246341,0.05289611908927335,0.052143105631427385,0.0,0.09967433732575633,0.044071342417958015,0.06492865934742083,0.0,0.11217348334609376,0.08370024758999117,0.0,0.04746321003717222,0.0,0.06243329781949984,0.057007124469151065,0.0,0.09014148669030472,0.07302336829848326,0.02602177548609305,0.014973793455975866,0.0,0.0742610742367809,0.0,0.0,0.07541839535591542,0.0,0.03143639822081923,0.033377593594747755
additional comments would like share none,0.0,0.0,0.0,0.0,0.0,0.0,0.0,0.0,0.0,0.0,0.0,0.0,0.0,0.0,0.0,0.0,0.0,0.0,0.0,0.0,0.0,0.0,0.0,0.0,0.0,0.12907545794164216,0.07515737826030108,0.0,0.0,0.0,0.0,0.0,0.0,0.0,0.0,0.0,0.0,0.0,0.0,0.0,0.0,0.0,0.0,0.0,0.0,0.0,0.0,0.0,0.0,0.0,0.0,0.0,0.0,0.0
following best describes current place employment none,0.0,0.0,0.0,0.1849825219402533,0.17476082156950723,0.25463161131216466,0.017023871067665428,0.0,0.014930884753897073,0.01132945723918997,0.014566784628357582,0.011976351294454098,0.012892671386164635,0.013152305803048209,0.012429643041396774,0.0,0.0,0.01449355440958567,0.0,0.015915151025358534,0.0,0.0,0.0,0.012137497285914638,0.014609991336946874,0.015592585444480918,0.009079168580883576,0.017760288524824686,0.017507458326604487,0.015709365993364865,0.011155481220581756,0.014797300265039759,0.010900154334518025,0.0,0.22954038573208999,0.01405150862096948,0.01090825754418648,0.0,0.010868485045997016,0.010481235692917614,0.019140590954016334,0.0,0.015132856996318902,0.0,0.0,0.0,0.0,0.012466870229011842,0.1129025428129484,0.2866936425185031,0.01266116006865974,0.013624200444295107,0.010555018254567089,0.011206789887677636
work none,0.0,0.0,0.0,0.0,0.0,0.0,0.0,0.0,0.0,0.0,0.0,0.0,0.0,0.0,0.0,0.0,0.0,0.0,0.0,0.0,0.0,0.0,0.0,0.0,0.0,0.0,0.23346876631358962,0.0,0.0,0.0,0.0,0.0,0.0,0.0,0.0,0.0,0.0,0.0,0.0,0.0,0.0,0.0,0.0,0.0,0.11233519546923863,0.0,0.0,0.0,0.0,0.0,0.0,0.0,0.0,0.0
 none,0.0,0.0,0.0,0.0,0.0,0.0,0.0,0.0,0.0,0.0,0.0,0.0,0.0,0.0,0.0,0.0,0.0,0.0,0.0,0.0,0.0,0.0,0.0,0.0,0.0,0.0,0.0,0.0,0.0,0.0,0.0,0.0,0.0,0.0,0.0,0.0,0.0,0.0,0.0,0.0,0.0,0.0,0.0,0.0,0.0,0.0,0.0,0.0,0.0,0.0,0.0,0.0,0.0,0.0
best describes town grew none,0.0,0.0,0.0,0.18048314108332908,0.1705100659475022,0.24843813646119595,0.0,0.0,0.0,0.0,0.0,0.0,0.0,0.0,0.0,0.0,0.0,0.0,0.0,0.0,0.0,0.0,0.0,0.0,0.0,0.0,0.0,0.0,0.0,0.0,0.0,0.0,0.0,0.0,0.0,0.0,0.0,0.0,0.0,0.0,0.0,0.0,0.0,0.0,0.0,0.0,0.0,0.0,0.0,0.0,0.0,0.0,0.0,0.0
following best describes raceethnicity asian asian indian,0.0,0.0,0.0,0.13964766390522287,0.2609765507723325,0.19222740236859492,0.012851721342576552,0.0,0.01127167666463797,0.008552874186016345,0.0109968089018576,0.00904122974882454,0.009732981374084175,0.009928985512242137,0.009383430367910638,0.0,0.0,0.01094152568444061,0.0,0.012014722461768422,0.0,0.0,0.0,0.0091628826542943,0.011029426664099359,0.011771210105285687,0.006854078262224132,0.013407660230600419,0.013216792757415309,0.0118593704929275,0.008421535590784006,0.011170830586818128,0.008228783309125139,0.0,0.014216392218198938,0.010607814904244138,0.008234900613011284,0.0,0.008204875417108574,0.007912531757074499,0.014449683053608399,0.0,0.01142415026880376,0.0,0.0,0.0,0.0,0.009411534048894535,0.0,0.0,0.00955820802621285,0.010285229894513057,0.007968231951142673,0.00846026971238034
following best describes raceethnicity black african american,0.0,0.0,0.0,0.17422041491735116,0.32558684970278573,0.23981738657562093,0.016033438455694236,0.0,0.014062220093135456,0.010670320202670718,0.013719302966276098,0.011279578577643492,0.012142588038756131,0.012387117172437694,0.011706498242283328,0.0,0.0,0.013650333211917082,0.0,0.014989222689945956,0.0,0.0,0.0,0.011431349248732034,0.013759995949692504,0.01468542366748098,0.0085509511962271,0.01672701184626627,0.01648889106828387,0.014795410035206081,0.010506465943199754,0.013936407422667267,0.01026599373229571,0.0,0.017735962647849126,0.013234005226454461,0.01027362550493992,0.0,0.010236166932831652,0.009871447378452563,0.018027009594177107,0.0,0.014252441782770998,0.0,0.0,0.0,0.0,0.011741559587563278,0.0,0.0,0.011924545829304621,0.01283155743270111,0.009940937340906357,0.010554789520889906
following best describes raceethnicity american indian alaska native,0.0,0.0,0.0,0.16080718149543152,0.774741671635878,0.22135384092111465,0.014799023690557599,0.0,0.012979569471340562,0.009848812025038699,0.012663053541316378,0.010411163584862134,0.011207729929347366,0.01143343275986528,0.010805214695509957,0.0,0.0,0.01259939376980127,0.0,0.013835202118655514,0.0,0.0,0.0,0.010551249428780003,0.01270061357108061,0.013554792589342685,0.007892613283136674,0.01543919885114959,0.015219410996890292,0.013656311104295046,0.009697572908463029,0.012863443121027364,0.009475614658152358,0.0,0.016370470509221715,0.01221511888472724,0.009482658860459599,0.0,0.009448084224608619,0.009111444436419652,0.01663910974500851,0.0,0.013155145989075879,0.0,0.0,0.0,0.0,0.01083757666707673,0.0,0.0,0.011006474794203948,0.0118436555551098,0.009175584365197342,0.009742176052886806
following best describes raceethnicity white caucasian,0.0,0.0,0.0,0.18887932907785218,0.1784423002828564,0.25999563311277574,0.017382492744947284,0.0,0.015245415973762505,0.011568121462013442,0.01487364578321838,0.012228642866204285,0.013164265985229242,0.013429369812077964,0.0126914835721317,0.0,0.0,0.014798872910382694,0.0,0.016250416614026486,0.0,0.0,0.0,0.012393183528918803,0.014917762676232973,0.015921055927077637,0.009270428644582338,0.01813442343423902,0.01787626716244878,0.016040296553117256,0.011390480497203974,0.01510901741909945,0.011129774942812025,0.0,0.019228267405199232,0.014347515068032144,0.011138048853176643,0.0,0.011097438514994517,0.010702031439621775,0.01954380305570647,0.0,0.015451642925589369,0.0,0.0,0.0,0.0,0.012729494980703911,0.0,0.0,0.012927877693699854,0.01391120529739444,0.010777368290886562,0.011442870023064577
following best describes raceethnicity native hawaiian pacific islander,0.0,0.0,0.0,0.15298285351796057,0.28589763925820416,0.21058351938240316,0.014078953765666993,0.0,0.01234802797172773,0.009369602485043423,0.012046912625331547,0.009904591939506994,0.010662400087516748,0.01087712098952256,0.010279469869573434,0.0,0.0,0.011986350320774525,0.0,0.013162028458099582,0.0,0.0,0.0,0.010037861684929627,0.012082645112389127,0.012895262698330804,0.0075085856896404245,0.01468798019040701,0.014478886462126398,0.012991841669231795,0.009225722147100065,0.012237551932819953,0.00901456362682375,0.0,0.015573939351729191,0.011620772938550575,0.009021265082316583,0.0,0.008988372730105451,0.008668112683720065,0.015829507520236114,0.0,0.012515061536050592,0.0,0.0,0.0,0.0,0.010310257218183811,0.0,0.0,0.010470937339565672,0.01126738374527146,0.008729131782727956,0.009268155054924005
following best describes raceethnicity hispanic spanish latinoax,0.0,0.0,0.0,0.5283100531798128,0.16468361610984564,0.23994882920646937,0.01604222629781968,0.0,0.01406992752098714,0.010676168548278435,0.013726822443079024,0.011285760854517898,0.012149243326514507,0.012393906485310384,0.011712914511549538,0.0,0.0,0.013657814886765396,0.0,0.014997438202978068,0.0,0.0,0.0,0.011437614710302003,0.01376753773010266,0.01469347266988877,0.008555637926983104,0.01673617983226887,0.016497928541557745,0.01480351932055556,0.010512224481161545,0.013944045893265115,0.010271620468720929,0.0,0.01774568363440623,0.013241258714153853,0.010279256424299032,0.0,0.010241777321347125,0.009876857866125008,0.018036890102013602,0.0,0.014260253470116488,0.0,0.0,0.0,0.0,0.011747995073765885,0.0,0.0,0.011931081609290623,0.012838590340910642,0.009946385915656695,0.010560574544746962
following best describes raceethnicity korean,0.0,0.0,0.0,0.22656859038443994,0.21404894139252023,0.311875547144661,0.020851021113947113,0.0,0.018287508875976962,0.013876441566372046,0.01784155511052379,0.014668764390668963,0.01579108313377082,0.01610908617120155,0.015223961017141996,0.0,0.0,0.017751861947804044,0.0,0.019493048833746588,0.0,0.0,0.0,0.014866137741125876,0.017894475153766517,0.019097967027101176,0.01112026371820083,0.021752993167593115,0.02144332401065584,0.019241001104415262,0.013663353860121123,0.018123893151528122,0.0133506267329529,0.0,0.023065104385961654,0.017210439492527447,0.01336055163165638,0.0,0.013311837846395278,0.01283753065707701,0.023443602487900568,0.0,0.018534886659468737,0.0,0.0,0.0,0.0,0.015269557278526339,0.0,0.0,0.015507525572143079,0.016687067823499564,0.012927900335317606,0.013726197269630766
following best describes raceethnicity chinese,0.0,0.0,0.0,0.22656859038443994,0.21404894139252023,0.311875547144661,0.020851021113947113,0.0,0.018287508875976962,0.013876441566372046,0.01784155511052379,0.014668764390668963,0.01579108313377082,0.01610908617120155,0.015223961017141996,0.0,0.0,0.017751861947804044,0.0,0.019493048833746588,0.0,0.0,0.0,0.014866137741125876,0.017894475153766517,0.019097967027101176,0.01112026371820083,0.021752993167593115,0.02144332401065584,0.019241001104415262,0.013663353860121123,0.018123893151528122,0.0133506267329529,0.0,0.023065104385961654,0.017210439492527447,0.01336055163165638,0.0,0.013311837846395278,0.01283753065707701,0.023443602487900568,0.0,0.018534886659468737,0.0,0.0,0.0,0.0,0.015269557278526339,0.0,0.0,0.015507525572143079,0.016687067823499564,0.012927900335317606,0.013726197269630766
following best describes raceethnicity middle eastern north african,0.0,0.0,0.0,0.14884737420638716,0.14062241736099707,0.20489096124442857,0.013698367179081468,0.0,0.012014232300895806,0.009116320523414862,0.011721256796689665,0.00963684797922978,0.010374170825480745,0.010583087326355397,0.010001592094371833,0.0,0.0,0.011662331630882492,0.0,0.012806228477022482,0.0,0.0,0.0,0.009766515136111407,0.011756023352222375,0.012546674010906495,0.0073056113035270265,0.014290930215135781,0.014087488772504179,0.012640642229511334,0.008976329602796545,0.011906742684079272,0.00877087918425833,0.0,0.015152939857290989,0.011306636648327529,0.008777399483955523,0.0,0.008745396287874966,0.008433793609068325,0.01540159942885876,0.0,0.012176750562792868,0.0,0.0,0.0,0.0,0.01003154718995314,0.0,0.0,0.01018788375712304,0.010962800379864055,0.008493163221118984,0.009017615451271018
following best describes raceethnicity slaviceastern european,0.0,0.0,0.0,0.1868290725013591,0.1765053360768438,0.25717341980202624,0.01719380841278576,0.0,0.015079929287028797,0.011442551251546482,0.014712194605726623,0.012095902795703047,0.013021369867148497,0.01328359603201534,0.012553719435705253,0.0,0.0,0.014638233381127,0.0,0.016074020797203523,0.0,0.0,0.0,0.012258657394386746,0.014755832616533834,0.0157482352707434,0.009169799542455283,0.017937577008065864,0.017682222983597156,0.015866181557805233,0.01126683855256755,0.01494501131806608,0.011008962917574562,0.0,0.0190195474680068,0.014191774959952651,0.011017147015892405,0.0,0.010976977496794812,0.01058586250547718,0.019331658026706857,0.0,0.015283917676455544,0.0,0.0,0.0,0.0,0.012591318236181134,0.0,0.0,0.012787547534804163,0.01376020126594655,0.010660381586605278,0.011318659398041267
following best describes raceethnicity unknowndont know,0.0,0.0,0.0,0.1868290725013591,0.1765053360768438,0.25717341980202624,0.01719380841278576,0.0,0.015079929287028797,0.011442551251546482,0.014712194605726623,0.012095902795703047,0.013021369867148497,0.01328359603201534,0.012553719435705253,0.0,0.0,0.014638233381127,0.0,0.016074020797203523,0.0,0.0,0.0,0.012258657394386746,0.014755832616533834,0.0157482352707434,0.009169799542455283,0.017937577008065864,0.017682222983597156,0.015866181557805233,0.01126683855256755,0.01494501131806608,0.011008962917574562,0.0,0.0190195474680068,0.014191774959952651,0.011017147015892405,0.0,0.010976977496794812,0.01058586250547718,0.019331658026706857,0.0,0.015283917676455544,0.0,0.0,0.0,0.0,0.012591318236181134,0.0,0.0,0.012787547534804163,0.01376020126594655,0.010660381586605278,0.011318659398041267
following best describes raceethnicity prefer say,0.0,0.0,0.0,0.1988587505265627,0.18787028230446765,0.27373247774434084,0.018300895101509455,0.0,0.01605090608168411,0.012179322062962857,0.0156594934483612,0.012874742052935935,0.013859798730770593,0.014138909293182733,0.0133620369036902,0.0,0.0,0.015580769957876661,0.0,0.017109005835516437,0.0,0.0,0.0,0.013047976205968821,0.015705941253236554,0.016762243407891432,0.009760230863311911,0.019092553977497415,0.01882075804355674,0.01688778410110551,0.011992295454615557,0.015907300922314106,0.011717815546968548,0.0,0.020244191090982203,0.015105564666707929,0.011726526608603032,0.0,0.011683770627052345,0.011267472256331342,0.020576398037675626,0.0,0.016268029014963315,0.0,0.0,0.0,0.256287927909562,0.013402056641431376,0.0,0.0,0.013610920886264552,0.014646202510694643,0.011346789522991825,0.012047452976109213
following best describes raceethnicity ,0.0,0.0,0.0,0.3114080670315822,0.29420038751222655,0.4286585405591414,0.02865876584972084,0.0,0.025135336633501846,0.019072528271144636,0.02452239377213881,0.020161539412365256,0.021704114708392112,0.02214119520144918,0.020924631542563264,0.0,0.0,0.024399114661026754,0.0,0.026792295646846872,0.0,0.0,0.0,0.020432819970032334,0.024595129928308927,0.02624927394415616,0.01528428906888843,0.029898484794283326,0.029472858835197343,0.0264458676796799,0.018779649056955238,0.02491045437422605,0.018349820058970335,0.0,0.031701921085029935,0.02365495449319814,0.018363461374015334,0.0,0.018296506525242114,0.017644593191826555,0.032222149251255106,0.0,0.025475345975719217,0.0,0.0,0.0,0.0,0.020987301498700928,0.0,0.0,0.021314377931512078,0.0229356042976811,0.017768802142287956,0.018866024421907043
please describe raceethnicity none,0.0,0.0,0.0,0.0,0.0,0.0,0.0,0.0,0.0,0.0,0.0,0.0,0.0,0.0,0.0,0.0,0.0,0.0,0.0,0.0,0.0,0.0,0.0,0.0,0.0,0.0,0.0,0.0,0.0,0.0,0.0,0.0,0.0,0.0,0.0,0.0,0.0,0.0,0.0,0.0,0.0,0.0,0.0,0.0,0.0,0.0,0.0,0.0,0.0,0.0,0.0,0.0,0.0,0.0
age none,0.0,0.0,0.0,0.0,0.0,0.0,0.0,0.0,0.0,0.0,0.0,0.0,0.0,0.0,0.0,0.0,0.0,0.0,0.0,0.0,0.0,0.0,1.0,0.3318237443164451,0.0,0.0,0.0,0.0,0.0,0.0,0.0,0.0,0.0,0.0,0.0,0.0,0.0,0.0,0.0,0.0,0.0,0.0,0.0,0.0,0.0,0.0,0.0,0.0,0.0,0.0,0.0,0.0,0.0,0.0
counting many people household age 5 age 5,0.0,0.0,0.0,0.0,0.0,0.0,0.0,0.0,0.0,0.06260644779611976,0.0,0.0,0.0,0.0,0.0,0.0,0.0,0.0,0.0,0.0,0.0,0.38170341280135955,0.7715953709966192,0.32310533271641023,0.0,0.0,0.0,0.0,0.0,0.0,0.0,0.0,0.06023412498112247,0.0,0.0,0.0,0.0,0.0,0.0,0.0,0.0,0.0,0.0,0.0,0.0,0.0,0.0802987361808958,0.0,0.0,0.0,0.0,0.0,0.0,0.0
counting many people household ages 59 ages 59,0.0,0.0,0.0,0.0,0.0,0.0,0.0,0.0,0.0,0.04212887534974722,0.0,0.0,0.0,0.0,0.0,0.0,0.0,0.0,0.0,0.0,0.0,0.4580332002412722,0.0,0.04513359284744981,0.0,0.0,0.0,0.0,0.0,0.0,0.0,0.0,0.040532501562691746,0.0,0.0,0.0,0.0,0.0,0.0,0.0,0.0,0.0,0.0,0.0,0.0,0.0,0.05403429784618545,0.0,0.0,0.0,0.0,0.0,0.0,0.0
counting many people household ages 1014 ages 1014,0.0,0.0,0.0,0.0,0.0,0.0,0.0,0.0,0.0,0.04212887534974722,0.0,0.0,0.0,0.0,0.0,0.0,0.0,0.0,0.0,0.0,0.0,0.4580332002412722,0.0,0.04513359284744981,0.0,0.0,0.0,0.0,0.0,0.0,0.0,0.0,0.040532501562691746,0.0,0.0,0.0,0.0,0.0,0.0,0.0,0.0,0.0,0.0,0.0,0.0,0.0,0.05403429784618545,0.0,0.0,0.0,0.0,0.0,0.0,0.0
counting many people household ages 1519 ages 1519,0.0,0.0,0.0,0.0,0.0,0.0,0.0,0.0,0.0,0.04212887534974722,0.0,0.0,0.0,0.0,0.0,0.0,0.0,0.0,0.0,0.0,0.0,0.4580332002412722,0.0,0.04513359284744981,0.0,0.0,0.0,0.0,0.0,0.0,0.0,0.0,0.040532501562691746,0.0,0.0,0.0,0.0,0.0,0.0,0.0,0.0,0.0,0.0,0.0,0.0,0.0,0.05403429784618545,0.0,0.0,0.0,0.0,0.0,0.0,0.0
counting many people household ages 2024 ages 2024,0.0,0.0,0.0,0.0,0.0,0.0,0.0,0.0,0.0,0.04212887534974722,0.0,0.0,0.0,0.0,0.0,0.0,0.0,0.0,0.0,0.0,0.0,0.4580332002412722,0.0,0.04513359284744981,0.0,0.0,0.0,0.0,0.0,0.0,0.0,0.0,0.040532501562691746,0.0,0.0,0.0,0.0,0.0,0.0,0.0,0.0,0.0,0.0,0.0,0.0,0.0,0.05403429784618545,0.0,0.0,0.0,0.0,0.0,0.0,0.0
counting many people household ages 2534 ages 2534,0.0,0.0,0.0,0.0,0.0,0.0,0.0,0.0,0.0,0.04212887534974722,0.0,0.0,0.0,0.0,0.0,0.0,0.0,0.0,0.0,0.0,0.0,0.4580332002412722,0.0,0.04513359284744981,0.0,0.0,0.0,0.0,0.0,0.0,0.0,0.0,0.040532501562691746,0.0,0.0,0.0,0.0,0.0,0.0,0.0,0.0,0.0,0.0,0.0,0.0,0.0,0.05403429784618545,0.0,0.0,0.0,0.0,0.0,0.0,0.0
counting many people household ages 3544 ages 3544,0.0,0.0,0.0,0.0,0.0,0.0,0.0,0.0,0.0,0.04212887534974722,0.0,0.0,0.0,0.0,0.0,0.0,0.0,0.0,0.0,0.0,0.0,0.4580332002412722,0.0,0.04513359284744981,0.0,0.0,0.0,0.0,0.0,0.0,0.0,0.0,0.040532501562691746,0.0,0.0,0.0,0.0,0.0,0.0,0.0,0.0,0.0,0.0,0.0,0.0,0.0,0.05403429784618545,0.0,0.0,0.0,0.0,0.0,0.0,0.0
counting many people household ages 4554 ages 4554,0.0,0.0,0.0,0.0,0.0,0.0,0.0,0.0,0.0,0.04212887534974722,0.0,0.0,0.0,0.0,0.0,0.0,0.0,0.0,0.0,0.0,0.0,0.4580332002412722,0.0,0.04513359284744981,0.0,0.0,0.0,0.0,0.0,0.0,0.0,0.0,0.040532501562691746,0.0,0.0,0.0,0.0,0.0,0.0,0.0,0.0,0.0,0.0,0.0,0.0,0.0,0.05403429784618545,0.0,0.0,0.0,0.0,0.0,0.0,0.0
counting many people household ages 5564 ages 5564,0.0,0.0,0.0,0.0,0.0,0.0,0.0,0.0,0.0,0.04212887534974722,0.0,0.0,0.0,0.0,0.0,0.0,0.0,0.0,0.0,0.0,0.0,0.4580332002412722,0.0,0.04513359284744981,0.0,0.0,0.0,0.0,0.0,0.0,0.0,0.0,0.040532501562691746,0.0,0.0,0.0,0.0,0.0,0.0,0.0,0.0,0.0,0.0,0.0,0.0,0.0,0.05403429784618545,0.0,0.0,0.0,0.0,0.0,0.0,0.0
counting many people household ages 6574 ages 6574,0.0,0.0,0.0,0.0,0.0,0.0,0.0,0.0,0.0,0.04212887534974722,0.0,0.0,0.0,0.0,0.0,0.0,0.0,0.0,0.0,0.0,0.0,0.4580332002412722,0.0,0.04513359284744981,0.0,0.0,0.0,0.0,0.0,0.0,0.0,0.0,0.040532501562691746,0.0,0.0,0.0,0.0,0.0,0.0,0.0,0.0,0.0,0.0,0.0,0.0,0.0,0.05403429784618545,0.0,0.0,0.0,0.0,0.0,0.0,0.0
counting many people household ages 75 ages 75,0.0,0.0,0.0,0.0,0.0,0.0,0.0,0.0,0.0,0.04212887534974722,0.0,0.0,0.0,0.0,0.0,0.0,0.0,0.0,0.0,0.0,0.0,0.4580332002412722,0.0,0.04513359284744981,0.0,0.0,0.0,0.0,0.0,0.0,0.0,0.0,0.040532501562691746,0.0,0.0,0.0,0.0,0.0,0.0,0.0,0.0,0.0,0.0,0.0,0.0,0.0,0.05403429784618545,0.0,0.0,0.0,0.0,0.0,0.0,0.0
rent current residence none,0.0,0.0,0.0,0.0,0.0,0.0,0.0,0.0,0.0,0.0,0.0,0.0,0.0,0.0,0.0,0.0,0.0,0.0,0.0,0.0,0.0,0.0,0.0,0.0,0.0,0.0,0.0,0.0,0.0,0.0,0.0,0.0,0.0,0.0,0.0,0.0,0.0,0.0,0.0,0.0,0.0,0.0,0.0,0.0,0.0,0.0,0.0,0.0,0.0,1.0000000000000004,0.0,0.0,0.0,0.0
gender none,0.0,0.0,0.0,0.0,0.0,0.0,0.0,0.0,0.0,0.0,0.0,0.0,0.0,0.0,0.0,0.0,0.0,0.0,0.0,0.0,0.0,0.0,0.0,0.0,0.0,0.0,0.0,0.0,0.0,0.0,0.0,0.0,0.0,0.0,0.0,0.0,0.0,0.0,0.0,0.0,0.0,1.0,0.0,0.0,0.0,0.0,0.0,0.0,0.0,0.0,0.0,0.0,0.0,0.0
please rate following major categories services provided city [city name] 01 overall quality police fire emergency medical services,0.13750784752949488,0.13402513506356328,0.0343922256412591,0.009870040890681426,0.009324645576716882,0.013586280419092241,0.1267378650748826,0.09487093710378602,0.07851402904647331,0.03447565006648303,0.012054329221982003,0.009910689631561987,0.21198274602734432,0.5021367746295858,0.08001595419772324,0.11390032204606532,0.16104721135684022,0.3282260526407835,0.9118242520746453,0.3818539778757233,0.0,0.0,0.0,0.010044041423561885,0.07682661162449675,0.047448391221793035,0.04774279069371718,0.07550419937704285,0.18809034073975514,0.03198121014689316,0.08337591418479655,0.06290766661205238,0.3422289049861516,0.09789507213980711,0.12177962203885082,0.0908680395046528,0.00902681896043235,0.03530634518574112,0.008993906358276953,0.19540809245290888,0.16337013327153257,0.0,0.09786088344333901,0.054319719331089714,0.019356756252649664,0.08778055488850965,0.0,0.08062052887180082,0.0,0.0,0.06657868611123911,0.027736219124083722,0.04487248062480602,0.13460627137108075
please rate following major categories services provided city [city name] 02 overall quality city parks facilities,0.129455795198611,0.15139543214963572,0.058178032258308275,0.011130801542544264,0.010515739551493703,0.015321739060782168,0.12194089839627979,0.08931557598102667,0.12584771377835155,0.05303268124672891,0.013594102373481687,0.011176642595555808,0.28737883810496295,0.5829252830834717,0.05938674553921791,0.11050692834127174,0.28192279395712,0.25007885390973694,0.5694473778612399,0.45077509619821055,0.0,0.0,0.0,0.011327028227037322,0.12314300447576548,0.07298819318803165,0.07652544559452268,0.3242467889965989,0.23398734019914924,0.03606636559850099,0.2545896136176051,0.2701519792345279,0.35906983095194733,0.08365782879558417,0.18438568121710044,0.13758266846634323,0.010179869721098125,0.059724360690249736,0.010142752991096902,0.24655598410514312,0.20814964911104367,0.0,0.14817048498024393,0.09188746365152929,0.05942083639205947,0.12349713695105122,0.0,0.12206698368112445,0.0,0.0,0.10671692097862462,0.03127913592558403,0.06379010000498966,0.16580035750560002
please rate following major categories services provided city [city name] 03 overall maintenance city streets,0.13750848390079312,0.16081285748901852,0.06179694775268927,0.011823183677236365,0.01116986227308749,0.016274814933849514,0.12952612927252719,0.0948713761561201,0.1336759648148046,0.05633153451526565,0.014439712061570938,0.011871876234339447,0.2390934589485252,0.5516917513173385,0.06308084802516174,0.11738091874086228,0.16596853538372205,0.2656347983805426,0.5414003506240965,0.7087436899514304,0.0,0.0,0.0,0.01203161647736032,0.13080301134817623,0.07752836226872999,0.08128564648180654,0.11401245783235216,0.6090511861977365,0.038309843492543814,0.14428317543478578,0.18591476811241125,0.3814054673486424,0.08886169357241973,0.19585523721266723,0.14614088247503432,0.010813099942788907,0.0634394642422967,0.010773674397860672,0.20810605864273415,0.12287333147661403,0.0,0.15738730519726626,0.0976032459329144,0.03478078061256696,0.09856790127471292,0.0,0.12966005758631638,0.0,0.0,0.1133551571624726,0.11693987838538063,0.06775810944661534,0.11860375769394649
please rate following major categories services provided city [city name] 04 overall enforcement city codes ordinances,0.11200169151931669,0.13098327860133582,0.05033407745245391,0.009630071784875592,0.00909793660096039,0.013255958832838732,0.10550000380295842,0.07727344746173535,0.10888007597797694,0.04588245737725083,0.011761253779182246,0.009669732237854483,0.19474341563360562,0.44935706941089837,0.05137982385427428,0.09560763872978899,0.13518261691672404,0.2163615356742495,0.44097464635562167,0.3899985565846958,0.0,0.0,0.0,0.009799841863926372,0.10654003383082616,0.0631474325692136,0.0662077687422675,0.09286400205467288,0.20243958840315948,0.03120365486758483,0.11751972858731459,0.07737129497054879,0.3106576138864481,0.07237851592169865,0.15952555972154986,0.11903284490532512,0.008807351007037017,0.05167191945293096,0.008775238604981746,0.16950394566360205,0.10008125009889002,0.0,0.12819314056635517,0.07949857588531835,0.028329206682114295,0.08028429489660878,0.0,0.10560908941906877,0.0,0.0,0.09232862572897357,0.12251550598253241,0.05518948836383858,0.0966036502289773
please rate following major categories services provided city [city name] 05 overall quality customer service receive city employees,0.11341401173777278,0.13263495305498846,0.1439041473041968,0.009751505174875937,0.009212659866595642,0.013423113975057376,0.10683033896483779,0.07824785106867724,0.11025303321286131,0.046461026516228215,0.011909560972416624,0.009791665738691151,0.2517676931188746,0.9487536032058692,0.05202771374830852,0.09681323303274324,0.13688724423498527,0.21908981385633622,0.4988831245269082,0.39491636487099535,0.0,0.0,0.0,0.009923416022622974,0.10788348357531793,0.06394370979102423,0.06704263622636655,0.09403499961631188,0.20499231345435578,0.03159712707377571,0.11900163021308344,0.07834693241613319,0.6123690911461839,0.07329119536458396,0.16153714696009092,0.12053382664265133,0.008918410043106423,0.14772901153237794,0.008885892709714216,0.21600348777293554,0.18235635346625628,0.0,0.12980963190530984,0.08050103794225914,0.028686432638501493,0.08129666472217895,0.0,0.20980830168529876,0.0,0.0,0.09349287229606051,0.027403116898467292,0.13465426840444242,0.22888768418879227
please rate following major categories services provided city [city name] 06 overall effectiveness city communication public,0.11904107994813629,0.1392156736950838,0.053497611124023556,0.010235328857082076,0.009669748586709635,0.014089105564419124,0.11213075639193057,0.08213014028965862,0.11572326858133314,0.048766203463277785,0.012500457202260078,0.01027748199860874,0.2069831820871648,0.4775994906807042,0.05460908345391336,0.10161664892107852,0.14367894350244367,0.312676581139815,0.46869022619062095,0.41451025180320206,0.0,0.0,0.0,0.010415769110072361,0.11323615306957373,0.0671162950043021,0.07036897554959418,0.0987005726693658,0.21516306495792592,0.03316482745374951,0.12490592969154422,0.08223413758614033,0.33018267268558066,0.07692755871348961,0.1695518581101878,0.12651414647952064,0.009360899475158111,0.054919537475102774,0.009326768785089659,0.1801573929246002,0.3206798238318533,0.0,0.1362501734389454,0.08449511966607215,0.055041350741110516,0.08533022169329166,0.0,0.11224669811899231,0.0,0.0,0.09813154754907179,0.02876273027957903,0.058658188171054226,0.10267526047324146
please rate following major categories services provided city [city name] 07 overall traffic flowcongestion management major streets city,0.09718666383300639,0.11365746081591599,0.043676135586510026,0.008356253700713162,0.007894506716972633,0.011502526411836191,0.09154498708808045,0.06705209947999698,0.09447796009722621,0.039813353713377256,0.010205533521740822,0.008390668065878884,0.16898372347894824,0.4622091291360043,0.04458355584623677,0.08296113495301087,0.1173013315078895,0.1877423059306185,0.4506245515667271,0.5192779907059055,0.0,0.0,0.0,0.008503567436584423,0.09244744710742028,0.0547946037043838,0.05745013380247418,0.08058041291562604,0.3746240452121909,0.027076190322126506,0.10197480235369195,0.06713700420613951,0.3294773468783273,0.06280464518163863,0.13842431069674116,0.10328777115750115,0.007642358342709244,0.04483701448930424,0.007614493609765655,0.14708280528723555,0.08684299922086752,0.0,0.11123638838767876,0.0689828989630631,0.02458195987152175,0.06966468696449088,0.0,0.09163964340048182,0.0,0.0,0.08011585351224493,0.023482261752151096,0.04788929684876175,0.08382539899610104
please rate following major categories services provided city [city name] 08 overall traffic flowcongestion management neighborhood streets city,0.10235211280941678,0.11969832888853306,0.045997512213313003,0.008800386675574217,0.008314097945153079,0.012113883062397274,0.09641058223457247,0.07061590324653277,0.0994994420889953,0.04192942436623555,0.010747955296545018,0.008836630156385111,0.17796516977053195,0.4106424183077714,0.046953161652506514,0.08737050031986007,0.12353587047519196,0.1977207665933343,0.4029821883725657,0.45475155856130667,0.0,0.0,0.0,0.008955530102847118,0.09736100779773588,0.05770692437117776,0.06050359528721593,0.08486324345016266,0.29319210935043155,0.147369983774528,0.10739473979842844,0.0707053206394698,0.2838927047465717,0.06614269772272335,0.14578153118151266,0.10877749259415807,0.008048547942411317,0.047220091564539914,0.008019202205278629,0.1549002227811005,0.09145868478658081,0.0,0.11714857701392915,0.07264932428095285,0.025888485421927458,0.07336734915887384,0.0,0.09651026950834983,0.0,0.0,0.08437399282063966,0.12780898982586042,0.05043460203398244,0.08828069979936362
please rate following major categories services provided city [city name] 09 overall quality citys stormwater management system,0.09546930209342869,0.10468260222125486,0.03577731858745323,0.010267541307168863,0.009700181052344157,0.014133446553956291,0.09286607919576746,0.06586723824838633,0.08167605842322548,0.03586410280055839,0.012539798425127698,0.010309827112334028,0.2205200186452901,0.4922474946494223,0.05478094821757724,0.08516382761344071,0.12041578723607382,0.1972802517549245,0.49677865343762506,0.3607949949391388,0.0,0.0,0.0,0.010448549438604899,0.07992068291116067,0.04935930075917181,0.04966555670808523,0.07854501258454041,0.19566538420810645,0.03326920322554034,0.08673374836000933,0.0654411742191133,0.306100084477876,0.07716966379677105,0.12668410531468294,0.09452760727631203,0.009390359936206447,0.03672825286286448,0.009356121830620075,0.20327784689418807,0.16994960915580715,0.0,0.10180207703690175,0.056507360830931386,0.020136319251171635,0.07980521821242081,0.0,0.08386739422513835,0.0,0.0,0.06926003827092372,0.02885325184722262,0.046679649403004814,0.14002732783117527
please rate following major categories services provided city [city name] 10 overall quality recreation programs,0.111182068027234,0.12191173441323978,0.041665710147639666,0.011957419307086983,0.011296680356820672,0.0164595925786013,0.10815039502919974,0.07670796374452798,0.09511867044885887,0.04176677769577892,0.014603654692960355,0.01200666469972491,0.2568141923819004,0.5732637951284937,0.06379704237664356,0.09918047233560892,0.1402343575836784,0.22974952042260322,0.5785407123530393,0.4201762534301588,0.0,0.0,0.0,0.012168218568645521,0.09307438736187519,0.05748307586256759,0.05783973678916067,0.20267241487244378,0.22786887073198758,0.03874479791015989,0.10100877767999639,0.1688601271379325,0.3564794092896571,0.08987059318287342,0.1475343435660859,0.11008538485346264,0.010935867491791177,0.0427731534511922,0.010895994325223956,0.23673422667007152,0.1979206780821684,0.0,0.11855711947442427,0.06580759572114347,0.023450444988179785,0.09293991896513888,0.0,0.09767066612554624,0.0,0.0,0.08065916601203171,0.03360204944774211,0.054362395467532666,0.16307365349085481
please rate following major categories services provided city [city name] 11 overall quality citys environmental sustainability programs,0.09111684007344042,0.09991010425247676,0.03414622443557057,0.009799442320393207,0.00925794811786622,0.01348910027731306,0.08863229855862355,0.06286433944687353,0.07795243277147892,0.03422905214136718,0.01196810684273544,0.009839800308375987,0.21046647279595065,0.46980584609940684,0.05228347529897757,0.08128119396014787,0.11492601063710908,0.18828621090379594,0.4741304285735512,0.3443462886216078,0.0,0.0,0.0,0.009972198259762168,0.07627708513308185,0.047109001687358855,0.047401295374510516,0.07496413185495097,0.1867449654481707,0.031752454487472395,0.08277954174793287,0.062457699750499474,0.2921449286027305,0.07365148545665906,0.12090855500869295,0.09021807728615999,0.008962251800081597,0.03505380545264143,0.008929574615659762,0.19401037464173468,0.16220157703508828,0.0,0.09716090271025363,0.05393118046223326,0.01921830096842234,0.07616688448995877,0.0,0.08004386519459124,0.0,0.0,0.06610246112866995,0.02753782709743976,0.04455151610069872,0.13364345769929561
three items listed question 1 think receive emphasis city leaders next two years 1st,0.23450926126502625,0.5723542778629559,0.8420683566301352,0.0,0.0,0.0,0.02315024412513455,0.019496498917183216,0.04060811147865067,0.015406584075386122,0.0,0.0,0.08789900638042993,0.1514919210098023,0.0,0.08816740806888176,0.12466264315136312,0.03941868702942915,0.033637706481121285,0.06492758845405687,0.0,0.0,0.0,0.08004187718953219,0.11611080010831204,0.02120388236887974,0.07215538352707468,0.07278185000851571,0.07174574918511045,0.0,0.045509998148482875,0.020122398258715535,0.029645576243234637,0.02950196449610876,0.051216944665559774,0.038216437801826666,0.0,0.1402148124898248,0.029759444521751634,0.0572053280128124,0.07843834394595348,0.0,0.04115742328910571,0.033341514428119515,0.011881202182683744,0.006836838154540053,0.0,0.033906634763720044,0.0,0.0,0.03443505244275489,0.0373049818405515,0.04325457631880619,0.04592554335712605
three items listed question 1 think receive emphasis city leaders next two years 2nd,0.4448314791970386,0.41729586803436264,1.0000000000000002,0.0,0.0,0.0,0.0231785345538223,0.019520324338172128,0.040657736047433675,0.01542541147373884,0.0,0.0,0.08800642211904107,0.15167704957107936,0.0,0.0882751518039834,0.12481498537276853,0.03946685807887221,0.03367881296497864,0.0650069322960094,0.0,0.0,0.0,0.08013969123444785,0.11625269167077622,0.02122979427368808,0.07224355999385734,0.07287079203980915,0.0718334250640342,0.0,0.04556561299860022,0.020146988551149932,0.029681804200749173,0.029538016954917153,0.051279533609021176,0.038263139659590606,0.0,0.14038616001999638,0.02979581163038681,0.05727523497551906,0.07853419841572898,0.0,0.04120771913662413,0.03338225895466411,0.011895721437913068,0.006845193015992712,0.0,0.033948069887584816,0.0,0.0,0.03447713331197705,0.03735056986643811,0.043307434962548845,0.04598166601839338
three items listed question 1 think receive emphasis city leaders next two years 3rd,0.22923516344359715,0.4074130381343911,0.8231302948186731,0.0,0.0,0.0,0.022629596661374308,0.01905802394220812,0.039694837729347184,0.015060091015498699,0.0,0.0,0.08592216352332463,0.14808487769623804,0.0,0.08618452887550261,0.12185898852761183,0.03853216335755354,0.032881196680557556,0.06346737127129413,0.0,0.0,0.0,0.07824174064980158,0.1134994758706583,0.020727008452667266,0.07053261370974773,0.0711449910013327,0.07013219201712144,0.0,0.04448648129122368,0.01966984684882353,0.028978849188464915,0.0288384672600616,0.050065078957469006,0.03735695263579901,0.0,0.13706139060321995,0.029090156576906966,0.0559187839581384,0.07667427076312794,0.0,0.04023179555340877,0.03259166596729578,0.011613994729086276,0.00668307811529123,0.0,0.033144076783814806,0.0,0.0,0.03366061038409401,0.03646599525898809,0.042281783749765434,0.044892680915527075
please rate satisfaction following items may influence perception city [city name] 01 overall value receive city tax dollars fees,0.05933508704735666,0.08665259964968974,0.15489617887293217,0.008480396503069906,0.008011789679191155,0.011673411106591923,0.06071311566538016,0.04093712040769169,0.09588155064718967,0.04040483184200051,0.010357149733539952,0.008515322137506049,0.40513679684432896,0.24342348250980134,0.04192971442090403,0.0803103860296189,0.11355335508033584,0.13166010684319937,0.17743118195133764,0.1900171312912444,0.0,0.0,0.0,0.008629898772302134,0.09382087179815968,0.055608647401657954,0.058303628784968586,0.1446601221935993,0.14260078361260478,0.027478441649589968,0.10348976805331904,0.06813440999855525,0.06999743934226597,0.06401194869602454,0.14048078031335026,0.10482224268265122,0.007755895319356733,0.12847253529936117,0.02855641548698717,0.14660071055338536,0.15590288538361663,0.0,0.11288894675570808,0.07000772787547822,0.024947156225674005,0.014355421859543945,0.0,0.09300106713726206,0.0,0.0,0.08130607665821805,0.0720693536779419,0.08597215232889459,0.12474981233831715
please rate satisfaction following items may influence perception city [city name] 02 overall image city,0.0789776731945255,0.1153385127947517,0.09859707736850312,0.011287789685804286,0.010664052898100873,0.015537835930129185,0.08081189134878727,0.054489150989248426,0.12762266222605034,0.05378065093509347,0.013785832760798587,0.011334277278220012,0.5392553231566166,0.23286335601169686,0.05581033832529732,0.10689674082573024,0.15114462982954707,0.1752455319180617,0.23616889432532504,0.2529213597429062,0.0,0.0,0.0,0.011486783939437707,0.1248798058691081,0.07401761419465881,0.07760475579245511,0.19254913784432015,0.18980806544449613,0.03657504341004983,0.13774954225261218,0.09068996834660296,0.09316974431022401,0.08520278668546387,0.18698624557244967,0.1395231259962646,0.010323445980187444,0.06056670941565977,0.03800987513742651,0.19513214835144152,0.20751376200196153,0.0,0.15026027242583598,0.09318343881130463,0.033205788506748775,0.019107713034746742,0.0,0.12378860894307939,0.0,0.0,0.1082220498963244,0.09592755560591597,0.11443280676477725,0.16604761870612134
please rate satisfaction following items may influence perception city [city name] 03 well city planning new development,0.06792114146255111,0.09919162121068432,0.08479391413881765,0.009707548083376328,0.009171131740891104,0.013362606285359228,0.06949857702996699,0.0468609061626747,0.10975604299626038,0.04625159304343457,0.011855875961539178,0.009747527614464119,0.4196865098539641,0.1553004926335409,0.04799713300148372,0.09193166070652692,0.1299850371467919,0.1507119174651977,0.1185428534381977,0.21751346626389959,0.0,0.0,0.0,0.00987868400451166,0.10739717463390092,0.06365546921157501,0.06674042654261743,0.16559309360512867,0.16323575945362764,0.03145469595355387,0.11846520373798337,0.07799376608794392,0.08012638417110385,0.03644079496086767,0.16080898212582467,0.11999049344931217,0.21988774126954727,0.052087632766919835,0.032688657461764824,0.13198291849100158,0.17846273528020806,0.0,0.12922448594426444,0.08013816150142433,0.028557122124721866,0.016432716077394213,0.0,0.10645874054514588,0.0,0.0,0.09307143225492029,0.08249811384564557,0.09841271009698435,0.10448968800756182
please rate satisfaction following items may influence perception city [city name] 04 well city planning redevelopment,0.07003466845322899,0.10227820315208863,0.0874324773655035,0.01000962140614037,0.009456513200213651,0.013778415390473876,0.07166118965990238,0.04831909411196062,0.11317136191269081,0.04769082077362585,0.01222479958831094,0.010050844994913427,0.43274604841735553,0.16013303484026356,0.049490677336714355,0.09479233180270123,0.1340298290698706,0.15540167530083623,0.1222315947475843,0.22428191231597494,0.0,0.0,0.0,0.010186082626300504,0.11073909178110385,0.0656362597193009,0.06881721279546552,0.17074591443923162,0.1683152262591033,0.032433483227293336,0.12215152879325988,0.08042072662161479,0.08261970616134787,0.03757473650032218,0.16581293401396777,0.12372428150217794,0.009154474768286326,0.053708462678827326,0.03370584236688831,0.1360898792182881,0.18401602545942108,0.0,0.13324561151751863,0.08263184997116169,0.029445744534284314,0.01694405891133154,0.0,0.10977145609572003,0.0,0.0,0.09596757003906338,0.08506523781527033,0.10147505437649583,0.10774113183044363
please rate satisfaction following items may influence perception city [city name] 05 overall quality life city,0.08151487630570813,0.11904382876147107,0.10176456510692664,0.011650416412457244,0.011006641722213674,0.016036997833340352,0.0834080197716351,0.056239646259919465,0.13172261354849302,0.05550838523460691,0.1495333157331507,0.12294158011771568,0.7415284432202048,0.30685187267795,0.057603277497945846,0.11033086001952189,0.156000237870791,0.18087539528094157,0.30629753102601853,0.2610466036867696,0.0,0.0,0.0,0.011855803470778421,0.12889164135575984,0.07639547256172476,0.08009785314357878,0.1987348894856841,0.19590575856071615,0.037750037686002366,0.14217482541215118,0.0936034356663518,0.09616287585703155,0.08793997514285655,0.19299328610460428,0.1440053865522034,0.010655092611439083,0.0625124497413466,0.03923096420669814,0.25440165032156226,0.3109690442407778,0.0,0.1550874699775664,0.09617701030182461,0.034272543533844645,0.01972155929025664,0.0,0.1277653891017676,0.0,0.0,0.11169874540518307,0.09900928342451097,0.11810902640510312,0.228051694474279
please rate satisfaction following items may influence perception city [city name] 06 overall condition housing neighborhood,0.04958687466245665,0.07241636966969986,0.07433624909074343,0.010630717322872709,0.010043288813083,0.014633364562958625,0.05579628693535814,0.03421152575503868,0.08456504465557994,0.037132661803365205,0.012983347069688542,0.010674498830833828,0.4617173868763937,0.1722314481874246,0.052561568468650136,0.08330828898533471,0.11779218340200816,0.13045931701120883,0.19290837021695567,0.3663109087975373,0.0,0.0,0.0,0.010818127942501223,0.08274757927550644,0.05110520210510822,0.05142229071706964,0.16015057581934222,0.15787071973632383,0.17802043218528493,0.08980163152834436,0.06775591191578902,0.061735928797564434,0.08024305604429327,0.13116508350067466,0.09787116916299848,0.009722508929390954,0.038027377954203065,0.03579728621023447,0.15876264782973812,0.17259723334581736,0.0,0.10540294618585992,0.25327474604216577,0.02084856651444538,0.011996957279387828,0.0,0.08683389079631679,0.0,0.0,0.0717098540539065,0.21486078284520072,0.09517819763399785,0.1430108251903028
please rate satisfaction following items may influence perception city [city name] 07 overall condition commercial retail centers,0.04448247712362198,0.06496193860039874,0.06668418855077407,0.00953640743324374,0.009009447921752931,0.013127028247784698,0.0500527019313089,0.030689843272476126,0.07586004744110132,0.033310282014163,0.011646861048347687,0.009575682139293983,0.41418890057327507,0.15450220458773803,0.047150960468953,0.07473266029012221,0.10566683500802282,0.24203147971872005,0.17305067567865565,0.32860342039375406,0.0,0.0,0.0,0.009704526288426621,0.07422966918591953,0.18032468547107722,0.12443336683039646,0.14366491886637173,0.14161974770468128,0.030900160753833096,0.08055758801729665,0.06078122128689352,0.05538092608450682,0.0719829577709255,0.11766314908840578,0.08779645970814513,0.008721688631917046,0.034112897443804364,0.032112367955710465,0.14241986207529425,0.1548303363776749,0.0,0.09455292704754201,0.05248356931223959,0.01870244675333976,0.01076200872440709,0.0,0.07789534200724095,0.0,0.0,0.06432815062866346,0.23568119386273728,0.08538069857682236,0.12828950812611645
please rate satisfaction following public safety items 01 overall quality local police protection,0.0,0.0,0.0380014343492997,0.010832534991988522,0.010233954511074263,0.014911170042845114,0.015461400127814225,0.0,0.013560510563355768,0.010289626308248319,0.013229827976229862,0.01087714766511176,0.19691686789783186,0.14139894943306458,0.05355941771167259,0.04949869071936666,0.06998773983224296,0.3682659368052824,0.29449226934460154,0.0685784956874951,0.0,0.0,0.0,0.011023503487654206,0.013269069122209506,0.014161479585107812,0.008245871793727747,0.1200061662688723,0.11829779408995217,0.03509991314518663,0.010131618013562937,0.033062057011435976,0.00989972532986432,0.0817664214054195,0.042075937537685654,0.03139571210978118,0.009907084817404231,0.0,0.03647687580369278,0.1600856829844544,0.21932688827342423,0.0,0.03381180159871947,0.0,0.026386331777531916,0.0,0.0,0.027855106464223386,0.0,0.0,0.011499103883350638,0.09205864316411279,0.07132019695840297,0.17116747164119453
please rate satisfaction following public safety items 02 visibility police neighborhood,0.0,0.0,0.04172578280763868,0.011894182682085752,0.011236938039424505,0.01637254628066399,0.01697670192406993,0.0,0.014889514783215017,0.011298065977281894,0.0145264234935059,0.011943167641234872,0.09565352129754877,0.032266643135290304,0.05880853365162598,0.05434983319930488,0.07684692121342278,0.6236166818890827,0.15589255328745472,0.07529956343302444,0.0,0.0,0.0,0.012103867135046267,0.01456951048646567,0.015549382056782995,0.009054012339696292,0.1317674270735683,0.12989162507522747,0.19917823767168477,0.011124572005311093,0.03630231946911677,0.01086995257000898,0.044649119285561124,0.04619960959862024,0.03447266365112933,0.0108780333275889,0.0,0.04005180918425369,0.07776255762269695,0.1420081897404448,0.0,0.037125543127535604,0.0,0.028972336641811015,0.0,0.0,0.030585059282933515,0.0,0.0,0.012626078971358756,0.24039707996733595,0.07830996642733765,0.08314560133352013
please rate satisfaction following public safety items 03 visibility police retail areas,0.0,0.0,0.03997323023789954,0.01139460714337063,0.010764967873453461,0.015684871990893738,0.01626365208819537,0.0,0.014264130293347152,0.010823528335822882,0.013916289444253209,0.011441534652419146,0.09163591363929466,0.03091139023076584,0.05633847701424924,0.05206704942799842,0.07361922217012357,0.821151529895685,0.14934480567234926,0.07213685600095143,0.0,0.0,0.0,0.011595484499084716,0.013957566711543313,0.17558035263779903,0.10223600356500294,0.1262329750540505,0.12443595987266813,0.03692115662230727,0.12513945917301314,0.11070555296353143,0.010413396406704972,0.04277378170109345,0.04425914883132255,0.03302475420036931,0.01042113775896978,0.0,0.03836956630262427,0.07449640032088121,0.13604360858444886,0.0,0.0355662083078372,0.0,0.027755450112275183,0.0,0.0,0.09327051135727124,0.0,0.0,0.012095762566056151,0.09683532744483182,0.07502081704142625,0.07965334720490758
please rate satisfaction following public safety items 04 city efforts prevent crime,0.024915939997732887,0.03638708698271679,0.056090622435910134,0.010683242965102552,0.010092912011498029,0.01470566700956767,0.035660143235199296,0.017190281273944005,0.04917824839558657,0.02373197413918055,0.013047496893488398,0.010727240794479585,0.1322905040899985,0.07629092108197058,0.0528212715589095,0.06626820913587342,0.09369868400045468,0.2824713781821432,0.07113997958048829,0.12488074065636906,0.0,0.0,0.0,0.010871579567697005,0.048121313295798426,0.03266200901940483,0.029904296701477016,0.1396470659498938,0.13765909175028382,0.03461617252668488,0.05011866055135119,0.05034854548309459,0.03590212544325237,0.04010341881026581,0.08665460788287088,0.06465888299315675,0.009770547176490507,0.01910763430499883,0.0359741581362928,0.09497985673189441,0.15050022208475605,0.0,0.06963477419192929,0.029397586384778636,0.03649846907544042,0.006028116709579755,0.0,0.05736707176235785,0.0,0.0,0.04170239641494208,0.09078990768894404,0.20045471992782304,0.08811767468437397
please rate satisfaction following public safety items 05 city efforts prevent fires,0.024152286421238248,0.03527185195184493,0.0543714898470979,0.010355810136977103,0.009783572353611252,0.014254950110762433,0.034567188447125925,0.016663412940780952,0.04767097452687246,0.02300460816662192,0.012647601578765306,0.010398459468173258,0.12823590624645748,0.07395266554179758,0.0512023419522149,0.06423714167788834,0.0908268944891499,0.2738138570039019,0.06895959626589779,0.12105324611888774,0.0,0.0,0.0,0.010538374373761988,0.04664643364015232,0.03166094464031907,0.02898775399304548,0.1353669953858564,0.13343995100096137,0.03355521460348537,0.048582563804343344,0.048805402947313614,0.034801754094589896,0.03887428118965393,0.08399871365469742,0.06267714009064675,0.009471087742236152,0.018522000639293594,0.03487157904336421,0.09206880030396677,0.14588751099022304,0.0,0.06750052421521151,0.02849657394113457,0.035379820272763304,0.005843359767428806,0.0,0.05560881702549722,0.0,0.0,0.04042425141324576,0.08800726983853227,0.19431094354162043,0.0854169386322228
please rate satisfaction following public safety items 06 enforcement local traffic laws,0.0,0.0,0.036712540104964726,0.010465128017967593,0.009886849584853166,0.014405428047217589,0.014936995984251494,0.0,0.013100578870917558,0.009940633162275043,0.012781112041579392,0.01050822756353137,0.08416100311422983,0.028389891104453252,0.0517428435112364,0.04781984415310582,0.06761396640530772,0.24265798560433804,0.04063433365771879,0.06625251957921716,0.0,0.0,0.0,0.010649619437198467,0.01281902224602853,0.0136811648327556,0.007966196647869584,0.11593591840488593,0.1142854890669742,0.033909429764647545,0.009787984033238653,0.03194069157569421,0.009563956451224757,0.039284645418861584,0.040648848412079525,0.030330864076332138,0.009571066327104114,0.0,0.03523968999532163,0.06841959151609389,0.12494628045959857,0.0,0.03266500708379115,0.0,0.02549138684349153,0.0,0.0,0.026910345114768242,0.0,0.0,0.01110908889933639,0.19266703415965117,0.06890123059730253,0.07315587672927856
please rate satisfaction following public safety items 07 overall quality local fire protection,0.0,0.0,0.040326402327134886,0.011495280948987288,0.010860078680655983,0.015823451209471893,0.01640734495345545,0.0,0.014390156953360487,0.010919156537309493,0.014039242855528208,0.011542623072674516,0.20896445031142824,0.15004988682952286,0.05683623957967222,0.052527073011716,0.07426966383688315,0.2665444430539231,0.20647956333459816,0.0727742006436811,0.0,0.0,0.0,0.01169793309935708,0.01408088481635546,0.015027893895986293,0.008750362958285716,0.12734827054718187,0.1255353783500512,0.03724736298450721,0.0107514811279042,0.03508482865543226,0.010505401004359552,0.0867689776163874,0.04465018793342934,0.03331653500887574,0.01051321075313714,0.0,0.03870856967596946,0.169879894519409,0.23274553945450377,0.0,0.03588044341016699,0.0,0.028000675485493225,0.0,0.0,0.02955931136220779,0.0,0.0,0.01220263123068307,0.09769088839654733,0.07568364210042142,0.18163967873619127
please rate satisfaction following public safety items 08 overall quality local emergency medical service,0.0,0.0,0.03553112776131053,0.01012835939931578,0.009568690010331699,0.013941860272774663,0.014456322313008533,0.0,0.012679001242595831,0.009620742828125656,0.012369814880217702,0.010170071998212578,0.18411616591424554,0.23415197447308053,0.05007775485637442,0.0462809979171174,0.06543814380392231,0.23484923310016415,0.4782837904574952,0.06412050844064457,0.0,0.0,0.0,0.010306913870589513,0.012406505131393148,0.013240903903853017,0.007709843831505971,0.11220509169867567,0.11060777330287154,0.032818221725767885,0.009473005959716726,0.03091283768205219,0.09374430185632902,0.07645114494460273,0.0393407653665573,0.02935481455453317,0.0092630686819277,0.0,0.03410567408065083,0.14967921480527288,0.20506940914658733,0.0,0.03161384466179562,0.0,0.024671072068549214,0.0,0.0,0.026044368154315913,0.0,0.0,0.010751597570354418,0.08607431450432254,0.14849691600058795,0.24690550004606013
please rate satisfaction following public safety items 09 quickly public safety personnel respond emergencies,0.0,0.0,0.02878600941265508,0.008205623276639387,0.007752199776898594,0.011295181051894952,0.011711979224812829,0.0,0.010272059236741975,0.007794371050296891,0.010021567847966728,0.008239417286008743,0.06598997020903742,0.0222602868180872,0.040571150241673556,0.037495157784433714,0.05301557091406281,0.3332244869910098,0.03186105640753196,0.05194807133384793,0.0,0.0,0.0,0.008350281524620867,0.01005129293642393,0.010727292051320914,0.006246231152434598,0.0909044274497515,0.08961033899059787,0.026588112987880885,0.007674680087679982,0.025044441101483676,0.007499021850300916,0.030802776641631495,0.03187243731047291,0.023782188219582952,0.0075045966471796064,0.0,0.027631159407768533,0.053647255127572895,0.09796938035621935,0.0,0.02561237110507912,0.0,0.03997518556440862,0.0,0.0,0.02110018662715083,0.0,0.0,0.008710547859342315,0.06973423540491283,0.05402490448350236,0.05736093852670429
please rate satisfaction following public safety items 10 overall quality animal control,0.0,0.0,0.038524315217662745,0.010981585294961847,0.010374768643834414,0.015116340339014621,0.0156741413167554,0.0,0.013747096455710232,0.0104312064572957,0.01341186384037435,0.011026811816316397,0.19962634622792147,0.14334452877055992,0.05429636870632931,0.050179768126821234,0.07095073638236987,0.2546332316090655,0.19725250269982542,0.06952210173790117,0.0,0.0,0.0,0.011175181422309163,0.013451644925038855,0.014356334512811432,0.008359330895410159,0.12165739153186673,0.11992551299999712,0.03558287052242997,0.01027102404692894,0.03351697450010511,0.010035940635040833,0.0828914867657009,0.04265488154686882,0.03182770151996883,0.010043401385475197,0.0,0.036978779503434506,0.16228838249737282,0.22234471735697006,0.0,0.03427703520065016,0.0,0.02674939460158044,0.0,0.0,0.028238378898692077,0.0,0.0,0.011657325843307632,0.093325324385551,0.07230152745700086,0.17352265106375503
please rate satisfaction following public safety items 11 travel safety city roadways intersections,0.0204577239704106,0.029876335456237007,0.04605431186729379,0.008771687349896707,0.0082869844769114,0.012074377948810396,0.0292794639542956,0.01411441949643737,0.04037877082368722,0.019485605450023338,0.010712904669703927,0.008807812635508025,0.10861972764527118,0.06264016549587716,0.04336994684593859,0.054410820167270266,0.07693315258611338,0.31386077827530023,0.05841088338030595,0.10253579522991674,0.0,0.0,0.0,0.00892632483215717,0.03951095341330368,0.026817786722027927,0.024553512631020246,0.1146599778591777,0.11302771243232164,0.02842229121307351,0.04115091477261316,0.04133966633000939,0.029478148219009306,0.03292770300317151,0.0711494749543161,0.19978774917851838,0.008022300470891523,0.015688700019938343,0.029537292082383537,0.07798508472676695,0.12357117576842708,0.0,0.05717500480776498,0.02413746813127759,0.02996778792033807,0.0049495041213465565,0.0,0.04710236576311548,0.0,0.0,0.03424057510329343,0.07454484442362913,0.06814293347094288,0.07235075480882472
please rate satisfaction following public safety items 12 enforcing cleanup litter debris city streets,0.0210420646290018,0.030729702994191855,0.04736977623500267,0.009022235923648524,0.008523688324024472,0.012419262353981365,0.030115782856388357,0.014517574275341897,0.04153212285690183,0.020042179169474417,0.011018900868458675,0.009059393067604223,0.11172226844013365,0.06442937702366316,0.04460873681786686,0.05596497421378183,0.07913061937736977,0.23855335163323943,0.06007929254022566,0.2062975392037209,0.0,0.0,0.0,0.009181290366874815,0.04063951769408534,0.02758379193246941,0.025254842640276883,0.11793504829581042,0.22717745762198982,0.029234126409898926,0.04232632180589989,0.04252046473574394,0.10101322506964563,0.03386822775003965,0.07318174067035357,0.054605862548427545,0.008251444062199994,0.01613682148815984,0.030380975413597938,0.08021259819969485,0.12710077966453256,0.0,0.05880811316393633,0.02482691452545884,0.03082376764492619,0.005090878425846446,0.0,0.048447766036920734,0.0,0.0,0.03521859984521189,0.21474455750130728,0.07008932235957682,0.07441733307411504
three public safety items listed question 4 think receive emphasis city leaders next two years 1st,0.21181019560911546,0.5169538759275711,0.7605612775032651,0.0,0.0,0.0,0.020909441742695073,0.017609356777916516,0.03667749405380313,0.013915320738603548,0.0,0.0,0.07939091886970329,0.13682842736869044,0.0,0.07963334091233874,0.11259605991082233,0.2262639994744428,0.030381781730813354,0.05864299404081956,0.0,0.0,0.0,0.07229431184500522,0.10487198309613303,0.019151475928916292,0.06517118265043001,0.06573701099878942,0.0648011984134254,0.0,0.04110490800236141,0.018174672882050047,0.026776065342375175,0.02664635433613853,0.046259456916942346,0.0345173197963406,0.0,0.12664287414730951,0.026878911866287512,0.051668201293696356,0.07084599083560898,0.0,0.03717363583257659,0.0301142592613563,0.03738825174265016,0.006175073935457226,0.0,0.030624679396495276,0.0,0.0,0.031101949468286583,0.03369408721096049,0.0390677972445692,0.04148023097021499
three public safety items listed question 4 think receive emphasis city leaders next two years 2nd,0.40168403316564427,0.37681930154307564,0.9030027144003403,0.0,0.0,0.0,0.020930279617923615,0.017626905863344453,0.03671404601220516,0.013929188431528322,0.0,0.0,0.07947003805815622,0.1369647874749196,0.0,0.07971270169309909,0.11270827058944873,0.22648948904263783,0.030412059525157083,0.05870143631813562,0.0,0.0,0.0,0.07236635871591154,0.10497649613505673,0.01917056185530113,0.06523613077239698,0.06580252301245035,0.0648657778174963,0.0,0.04114587222105142,0.018192785348680962,0.02680274976157592,0.02667290948829346,0.04630555804212959,0.034551718974089624,0.0,0.12676908356229724,0.026905698780000514,0.05171969265081101,0.07091659434265815,0.0,0.03721068223461843,0.030144270448876753,0.03742551202603858,0.0061812278740356694,0.0,0.030655199257141538,0.0,0.0,0.03113294496545766,0.03372766597379316,0.0391067313248978,0.041521569227259095
three public safety items listed question 4 think receive emphasis city leaders next two years 3rd,0.20790000779715884,0.3694946819345394,0.7465207001411269,0.0,0.0,0.0,0.020523436508046285,0.017284273785327837,0.03600039779878168,0.013658432644075898,0.0,0.0,0.07792529818769779,0.1343024637459874,0.0,0.07816324492302457,0.11051744542358523,0.22208698273317953,0.029820909425834288,0.05756039686037869,0.0,0.0,0.0,0.07095970027809176,0.10293596132466469,0.018797924167430615,0.06396806981935181,0.06452345251798672,0.06360491579111024,0.0,0.040346078098917826,0.01783915369618026,0.026281757483148576,0.02615444104717426,0.04540546986450522,0.0338801021082075,0.0,0.12430494408904251,0.026382705376906936,0.05071436443809394,0.06953811644790664,0.0,0.03648738039836274,0.0295583256379005,0.036698034324862246,0.00606107706778559,0.0,0.030059323003820755,0.0,0.0,0.030527782283419725,0.03307206706330698,0.03834657405610843,0.04071447230071165
please rate satisfaction following parks recreation items 01 maintenance city parks,0.02977547135513842,0.043483916972403884,0.06703037179349013,0.012766871124121311,0.012061403764643706,0.01757381687551937,0.04261519226312245,0.02054302296865643,0.058769828733409524,0.02836058829192689,0.015592242156774771,0.012819450160209184,0.15809205333802323,0.0911704770335791,0.06312337637622363,0.07919296494778286,0.4002650810986466,0.11513944138840748,0.08501491111299433,0.2548345343993282,0.0,0.0,0.0,0.01299194034150526,0.05750675213301454,0.03903231080372854,0.03573674241916655,0.7831989714192577,0.3968325573186219,0.04136760859058981,0.05989365609888485,0.671843097954259,0.042904369966431787,0.047925071184825474,0.10355546670291974,0.07726976058672341,0.011676165844198248,0.022834330872715254,0.04299045170320166,0.11350444750200073,0.17985334095500202,0.0,0.0832161349105024,0.035131204818675515,0.07371492983545648,0.07763221267241596,0.0,0.06855577602706059,0.0,0.0,0.049835908659545604,0.19889421196150198,0.09917955519166385,0.10530388573277666
please rate satisfaction following parks recreation items 02 number city parks,0.029521126584560284,0.043112473418941005,0.06645779229232161,0.01265781535575629,0.011958374162298243,0.01742369974158474,0.04225116943473366,0.020367542607602714,0.058267811538523506,0.028118329580501783,0.015459051813392372,0.012709945256960235,0.1567416167132963,0.0903916905691088,0.0625841707834377,0.1895512336297439,0.5538414592925159,0.11415590986156317,0.08428870604961006,0.1479623146156943,0.0,0.0,0.0,0.012880962011519738,0.1684692793917237,0.03869889327296641,0.10469280597240077,0.9119949218613665,0.16310247469874703,0.04101424273482061,0.05938203906895233,0.5687623644753423,0.0425378769559348,0.047515690890217926,0.10267088653602607,0.07660971529996202,0.01157642697902786,0.02263927795221384,0.04262322337471999,0.1125348822408781,0.17831701744235956,0.0,0.08250529515620383,0.03483111088823308,0.07308525023463476,0.07696907128714177,0.0,0.06797016638490123,0.0,0.0,0.049410205818325004,0.1075705093899622,0.09833235445685796,0.10440437041232258
please rate satisfaction following parks recreation items 03 bikehike trails city,0.027057102160173572,0.03951402716060774,0.06091079452006371,0.011601312105224082,0.010960250803846583,0.015969404912982255,0.03872461318533448,0.018667535586999448,0.053404402604069985,0.02577139167957669,0.014168739225322627,0.011649090907243535,0.1436589462131327,0.08284701463386256,0.057360490550616504,0.25210390769823077,0.2327366830055029,0.10462771827032177,0.07725342472959383,0.13561242152954966,0.0,0.0,0.0,0.011805833495842367,0.052256639325853595,0.035468832999074454,0.032474135471253655,0.4856162440398753,0.14948888579371458,0.03759092839900599,0.054425629488285776,0.3329271041870975,0.03898739023989603,0.04354972358338961,0.09410130937664635,0.0702153722824721,0.010610183406251321,0.02074965718638881,0.03906561309380581,0.10314199211377739,0.16343352425983437,0.0,0.0756188688599782,0.03192388078265794,0.03918055615398315,0.16299296224138884,0.0,0.062296936075675206,0.0,0.0,0.04528611002538185,0.09859197797377928,0.09012489928419967,0.09569010546136279
please rate satisfaction following parks recreation items 04 city swimming pools,0.026117173636546545,0.03814136127082533,0.058794832772672154,0.011198297617765397,0.010579505951879207,0.015414648564937135,0.03737937050990506,0.018019049690018572,0.0515492031448791,0.024876127065140134,0.013676535660326056,0.011244416646370204,0.1386684213438923,0.0799690171420863,0.05536786174363649,0.06946309570267335,0.22465171346381968,0.10099308747423295,0.07456974127297814,0.13090142245806086,0.0,0.0,0.0,0.01139571420138713,0.05044131166953282,0.03423669189104902,0.031346026258786394,0.4687465675827432,0.1442958364090855,0.03628506845795677,0.052534953935909186,0.32136164977658743,0.03763301903150418,0.04203686285093645,0.09083235232906006,0.06777618161028955,0.01024159944018532,0.020028841094202967,0.03770852452524899,0.09955897351121057,0.15775605627899417,0.0,0.07299196774746641,0.03081488670210721,0.03781947461307422,0.03720642139303021,0.0,0.060132821574223325,0.0,0.0,0.04371292948723751,0.0951670209421735,0.08699407754930887,0.09236595570505954
please rate satisfaction following parks recreation items 05 city golf courses,0.026117173636546538,0.038141361270825326,0.058794832772672154,0.011198297617765396,0.010579505951879207,0.015414648564937133,0.03737937050990506,0.01801904969001857,0.051549203144879076,0.024876127065140127,0.013676535660326054,0.011244416646370202,0.13866842134389226,0.07996901714208629,0.05536786174363648,0.06946309570267334,0.22465171346381968,0.10099308747423294,0.07456974127297811,0.13090142245806083,0.0,0.0,0.0,0.01139571420138713,0.05044131166953281,0.03423669189104901,0.031346026258786394,0.46874656758274313,0.14429583640908547,0.036285068457956766,0.05253495393590918,0.32136164977658743,0.037633019031504164,0.042036862850936434,0.09083235232906005,0.06777618161028953,0.010241599440185318,0.020028841094202963,0.03770852452524898,0.09955897351121054,0.15775605627899417,0.0,0.07299196774746641,0.030814886702107202,0.03781947461307422,0.2312685733967281,0.0,0.06013282157422331,0.0,0.0,0.043712929487237505,0.09516702094217347,0.08699407754930885,0.09236595570505952
please rate satisfaction following parks recreation items 06 city community centers,0.030011218209776452,0.043828200242727884,0.06756108377205318,0.012867952637665889,0.012156899750790144,0.017712957311046797,0.04295259741839272,0.020705672049567848,0.05923513798431164,0.028585132830811315,0.015715693503736562,0.11325138612432732,0.2673505440165298,0.09189231793880481,0.06362315477628107,0.07981997407799021,0.25814706016000466,0.11605105621486472,0.08568801541596825,0.1504186941523302,0.0,0.0,0.0,0.013094803837253957,0.05796206099359005,0.03934134854796714,0.03601968754939953,0.5386362138789834,0.1658102018809371,0.041695136020560984,0.06036786323635296,0.3692763516417852,0.04324406468189654,0.04830451722802562,0.1043753655809126,0.07788154277480991,0.011768611714799945,0.023015121350111935,0.04333082796954577,0.11440311728851299,0.1812773271253827,0.0,0.21064868130665776,0.08675886042141151,0.04345832060494555,0.042753861760470836,0.0,0.06909856537111105,0.1690618445915342,0.0,0.05023048373022668,0.10935632896636786,0.09996480785490336,0.10613762769261235
please rate satisfaction following parks recreation items 07 courts fields athletic facilities,0.0,0.0,0.03448462743995947,0.009830048255426771,0.009286862840702015,0.013531229871350215,0.014030539431931752,0.0,0.012305565899819149,0.009337382543900945,0.012005486020909817,0.00987053229078224,0.07905366474424375,0.026667041152668575,0.048602811902078435,0.044917881060313046,0.17449809198303115,0.0566731881531549,0.03816842565104729,0.06223196346849778,0.0,0.0,0.0,0.01000334375173011,0.012041095632036246,0.012850918810122075,0.007482765363818743,0.3918792424671496,0.1073500362818862,0.03185162477976315,0.1140719657670101,0.26577129173251945,0.008983564583913977,0.036900643690332684,0.03818205957272858,0.02849022553639425,0.008990242994618956,0.0,0.03310115772741084,0.06426752592658765,0.11736387401522416,0.0,0.030682720301770765,0.0,0.02355938943009586,0.25515293176547016,0.0,0.02527728190177779,0.0,0.0,0.010434930157262483,0.0835391628369181,0.06471993658050909,0.06871638810172151
please rate satisfaction following parks recreation items 08 deanna rose childrens farmstead,0.0,0.0,0.029607199278768915,0.00843970833453427,0.007973349843433357,0.011617403145369963,0.012046091484476157,0.0,0.010565094329880837,0.00801672415341305,0.0103074570742693,0.008474466398963557,0.06787249216697827,0.022895314816923477,0.04172853947744575,0.03856479696781353,0.14981747423838843,0.048657459859035516,0.03276996935445971,0.05343001449352605,0.0,0.0,0.0,0.008588493305521683,0.010338030142071622,0.011033313750859284,0.006424419856893536,0.33645272361253425,0.09216668854302153,0.027346602594124764,0.007893618719406328,0.22818119785694807,0.00771294941007327,0.03168149962346848,0.03278167492491634,0.02446063210112172,0.007718683241385556,0.0,0.028419404411421594,0.05517767157481475,0.10076419158498975,0.0,0.02634302533704054,0.0,0.020227202365965008,0.023278807442025234,0.0,0.021702119989394135,0.0,0.0,0.008959037100343077,0.07172357149574782,0.055566094283159555,0.058997296687839325
please rate satisfaction following parks recreation items 09 [city name] soccer complex,0.024888036406629083,0.03634633674825979,0.05602780603029382,0.010671278702731239,0.010081608866208663,0.014689197997393898,0.03562020711175268,0.017171029719329923,0.04912317322143874,0.023705396482366237,0.013032884881327622,0.010715227258533183,0.13214235073381855,0.07620548217551161,0.05276211652950676,0.06619399475700283,0.21407906159016,0.09624010901238339,0.07106030926094477,0.12474088556262858,0.0,0.0,0.0,0.010859404385426655,0.04806742179302124,0.03262543053413038,0.02987080660367293,0.4466862227066138,0.13750492606324694,0.03457740555566748,0.05006253220095291,0.3062375948729064,0.035861918321698175,0.0400585066215044,0.08655756258793743,0.0645864709134827,0.009759605050554338,0.01908623548903378,0.03593387034466102,0.09487348791395754,0.15033167549737197,0.0,0.069556789565789,0.029364663756533654,0.036039598853554844,0.03545539739776232,0.0,0.057302825849362984,0.0,0.0,0.04165569351640736,0.0906882312336012,0.08289992628370042,0.08801899088742976
please rate satisfaction following parks recreation items 10 [city name] arboretum botanical gardens,0.02187192560815318,0.031941626912562644,0.04923795455218076,0.009378056593803405,0.008859847178360795,0.012909055603794312,0.031303494874659936,0.015090121153010604,0.04317007468092392,0.020832606474168826,0.011453466393519744,0.009416679148326423,0.11612839268294949,0.06697035514751502,0.04636802473314865,0.05817213159677073,0.18813542510392897,0.08457704217592411,0.06244871119819501,0.10962389015929982,0.0,0.0,0.0,0.009543383856656542,0.042242266784560556,0.028671646807234757,0.026250847966336394,0.39255358171300864,0.12084109266285367,0.030387067492197314,0.04399559540034122,0.2691255261783492,0.031515913786148535,0.03520392940946865,0.07606789618976008,0.05675941902498102,0.008576866095142155,0.016773228547859603,0.031579146146785086,0.08337603802634236,0.1321134045814781,0.0,0.06112739880594533,0.025806043140481173,0.031672061716475054,0.03115865798415548,0.0,0.050358458322585634,0.0,0.0,0.036607557738231856,0.0796979807755342,0.07285351849274563,0.07735221812363641
please rate satisfaction following parks recreation items 11 citys adult recreation programs,0.0,0.0,0.03703532322004527,0.010557139265669285,0.009973776506777048,0.014532083106384163,0.015068324682291929,0.0,0.013215761466434594,0.010028032958879097,0.012893485828497407,0.010600617750024436,0.08490096146840104,0.02863950002449236,0.0521977756996366,0.04824028464058705,0.18740504733956156,0.06086508676415031,0.04099159787206519,0.06683502339373319,0.0,0.0,0.0,0.010743252765933908,0.012931729346137365,0.013801452042249177,0.008036236851080578,0.5190430114499907,0.11529030720442997,0.03420756744018685,0.00987404171182952,0.36722809181489335,0.009648044439879171,0.03963004293662746,0.041006240242701275,0.030597538372407855,0.009655216827038803,0.0,0.03554952355297362,0.06902114860854679,0.1260448301515885,0.0,0.03295220357606568,0.0,0.02530198720950844,0.029119206773834644,0.0,0.0271469456060228,0.0,0.0,0.01120676196446297,0.08971823467091204,0.06950702234533994,0.07379907607505011
please rate satisfaction following parks recreation items 12 recreation programs offered kids,0.0,0.0,0.0346139245792843,0.00986690517438478,0.009321683132749404,0.013581964051876257,0.01408314573063373,0.0,0.012351704558889483,0.009372392255222605,0.012050499556329634,0.009907541001142632,0.07935006964878769,0.026767026925787356,0.04878504395759427,0.04508629678513835,0.17515235754383293,0.05688567938906512,0.03831153487436151,0.06246529685349819,0.0,0.0,0.0,0.010040850427220038,0.012086242682624792,0.012899102222940943,0.00751082134782104,0.4851075700079339,0.10775253599344117,0.031971049702478105,0.009228469077353349,0.34321842955039483,0.08632867591837268,0.037038999474419715,0.03832521991525742,0.02859704718227077,0.00902395113611079,0.0,0.033225267666250856,0.06450849147763672,0.11780391974854892,0.0,0.030797762517860528,0.06986556594134544,0.023647723330842054,0.027215370069527494,0.0,0.025372056892329665,0.0,0.0,0.010474055028793646,0.08385238573008146,0.06496259840632448,0.06897403427817381
please rate satisfaction following parks recreation items 13 city recreation programs fitness classes special events eg fourth july fall festival,0.014934354241565589,0.021810039953058098,0.033620133342912584,0.006403424269928099,0.006049586061066889,0.008814423236665819,0.1016617482297911,0.07791954118365355,0.02947692852793119,0.014224697469910622,0.007820533385086507,0.006429796109394576,0.07929354666350485,0.04572798140295504,0.031660518568533476,0.039720472528001656,0.1284606181561921,0.05774999107020726,0.04264056085740397,0.07485221184033178,0.0,0.0,0.0,0.006516311262754958,0.028843412666518103,0.019577267122227217,0.017924323157198788,0.32758900059327395,0.08251142204379928,0.020748572321481827,0.030040601753526578,0.23337635729434844,0.021519359070676956,0.024037570441447137,0.05193986704513292,0.03875585924398628,0.005856363945366489,0.011452916464524657,0.021562534714659787,0.05692993426602912,0.09020826146846365,0.0,0.04173835646611474,0.017620606284862526,0.021625978329875343,0.021275421486149415,0.0,0.03438522373943434,0.0,0.0,0.02499598091982918,0.05441852256463544,0.04974506005587053,0.05281681400738719
please rate satisfaction following parks recreation items 14 fees charged recreation programs,0.0,0.0,0.034482405023283404,0.009829414742328582,0.009286264334052016,0.013530357829714674,0.014029635211497242,0.0,0.012304772848048132,0.009336780781428305,0.012004712308263984,0.009869896168625986,0.07904857000505489,0.026665322552777586,0.048599679616544454,0.044914986256009426,0.1744868461758888,0.05666953575938446,0.03816596582613505,0.062227952830608835,0.0,0.0,0.0,0.01000269907032797,0.012040319624472376,0.012850090612215164,0.0074822831251007355,0.4832643484433297,0.10734311793801762,0.0318495720511323,0.009193404456095467,0.3419143319649737,0.008982985623802649,0.03689826556964579,0.038179598869156575,0.028488389438485195,0.008989663604106824,0.0,0.03309902447064132,0.06426338410363777,0.11735631031365212,0.0,0.030680742905048575,0.0,0.023557871107764014,0.027111962165585667,0.0,0.02527565286713266,0.0,0.0,0.010434257661587839,0.08353377902266879,0.0647157656012349,0.06871195956477118
please rate satisfaction following parks recreation items 15 arts cultural programs,0.0,0.0,0.038923750534646424,0.011095446708941381,0.010482338343087169,0.0152730725264872,0.01583665700509227,0.0,0.013889631781759955,0.010539361326090922,0.013550923342253975,0.011141142156733463,0.08923005274486252,0.030099825179518935,0.05485933490372279,0.05070005178338094,0.1969608113918273,0.0639685912662733,0.04308175522348953,0.07024293434941294,0.0,0.0,0.0,0.011291050117406009,0.013591116892917502,0.014505186659681507,0.008446003740004909,0.44232491419705694,0.12116894808843241,0.03595180777896554,0.010377518081222665,0.2999833904738709,0.01013999723166397,0.04165077474219835,0.0430971442070955,0.03215770370102414,0.010147535338105777,0.0,0.03736219009565839,0.07254052986365564,0.13247184305244236,0.0,0.03463243304077465,0.0,0.026592132930020565,0.030603992126577707,0.0,0.02853116556505527,0.0,0.0,0.011778193602204712,0.09429295821156267,0.07305117825221992,0.07756208335932359
three parks recreation items listed question 6 think receive emphasis city leaders next two years 1st,0.2139489320991737,0.5221737762961243,0.7682409841030526,0.0,0.0,0.0,0.021120573156427288,0.017787165847961885,0.037047842113164385,0.014055829575531488,0.0,0.0,0.08019256231598593,0.13821004145789492,0.0,0.08043743219578564,0.2385415919412696,0.03596269908149537,0.030688559339104655,0.05923513697747417,0.0,0.0,0.0,0.07302429787009679,0.10593091954811762,0.019344856423608038,0.06582924344884386,0.3846192184296157,0.06545552332563154,0.0,0.04151996151955553,0.2834875375914123,0.0270464345181518,0.026915413765415924,0.04672655807906547,0.034865855669107,0.0,0.12792164042844056,0.027150319526604197,0.052189916819073784,0.0715613525552784,0.0,0.03754899364382185,0.03041833558293336,0.03733278273815794,0.036727618787442476,0.0,0.03093390964451645,0.0,0.0,0.031415998912641616,0.03403431055861404,0.03946228119900243,0.04189907428102409
three parks recreation items listed question 6 think receive emphasis city leaders next two years 2nd,0.40574821690177965,0.38063190734849917,0.9121391715221961,0.0,0.0,0.0,0.021142049305022063,0.01780525246966488,0.03708551367427426,0.014070122042045118,0.0,0.0,0.08027410496029477,0.13835057833469538,0.0,0.08051922383248149,0.2387841495005092,0.03599926723064658,0.030719764555726607,0.05929536936768148,0.0,0.0,0.0,0.07309855156863385,0.10603863386780708,0.0193645269603885,0.06589618096061108,0.3850103129054248,0.06552208082550989,0.0,0.0415621804904442,0.28377579778383166,0.027073936292955382,0.026942782313666713,0.046774071302177166,0.034901308508937044,0.0,0.12805171569382193,0.027177926935372437,0.05224298537930905,0.07163411867908279,0.0,0.03758717479359967,0.030449266026446726,0.03737074403701109,0.03676496473410639,0.0,0.03096536434203922,0.0,0.0,0.03144794381564704,0.034068917853854755,0.03950240784749069,0.041941678747227644
three parks recreation items listed question 6 think receive emphasis city leaders next two years 3rd,0.20992134542283022,0.37308714694208506,0.753778854652646,0.0,0.0,0.0,0.020722978561273465,0.01745232261468996,0.03635041682658669,0.013791228713223263,0.0,0.0,0.07868293806894366,0.13560823870033467,0.0,0.07892319827551135,0.23405104866989168,0.03528570160249491,0.030110847492181014,0.05812003606941604,0.0,0.0,0.0,0.07164961613523022,0.10393677096322518,0.018980689679595566,0.06459000854719249,0.3773787651849382,0.06422332370185775,0.0,0.04073834862633978,0.2781508873071129,0.026537285637439414,0.02640873134916712,0.04584693105356857,0.03420950625724306,0.0,0.12551351672550584,0.026639215011564455,0.05120744211561258,0.07021421075248989,0.0,0.03684213418429503,0.029845710695730943,0.03662999344693898,0.0360362217020223,0.0,0.030351579080353054,0.0,0.0,0.030824593022445702,0.033393614975796786,0.038719404118870294,0.041110324593565235
please rate satisfaction following code enforcement items 1 enforcing mowing trimming residential property,0.0,0.0,0.034056413049569474,0.009707983195320477,0.009171542809569574,0.013363205224406429,0.013856314586378525,0.0,0.012152760989591557,0.009221435182113834,0.011856407365885044,0.00974796451837173,0.07807201235679978,0.0263359019866568,0.047999284330086406,0.044360111280449796,0.06272214238609644,0.05596944632619986,0.037694467533020186,0.061459195302571296,0.0,0.0,0.0,0.009879126787114013,0.011891574793086272,0.012691341955948171,0.007389847793104724,0.10754803435527013,0.10601701244612555,0.03145610581666157,0.009079830112694589,0.029629804483172824,0.008872010772334378,0.0364424283110201,0.037707932154874425,0.02813644689745197,0.008878606253578288,0.0,0.03269012263352371,0.06346948107357475,0.11590650290536546,0.0,0.030301716261857466,0.0,0.0,0.0,0.0,0.024963400132890144,0.0,0.0,0.010305353949317822,0.5719372035508202,0.06391627389813985,0.06786309930537268
please rate satisfaction following code enforcement items 2 enforcing mowing trimming commercial property,0.0,0.0,0.03432682512520989,0.009785065766591501,0.009244365978713982,0.013469310704648315,0.013966335415130383,0.0,0.01224925539489414,0.00929465450278479,0.011950548687250297,0.009825364546226848,0.07869191366232184,0.026545012262295893,0.048380404505192966,0.04471233597744083,0.06322016385085115,0.056413850560183144,0.0379937662052241,0.06194718881336083,0.0,0.0,0.0,0.009957568259389149,0.01198599534811511,0.012792112759848604,0.007448524086391738,0.10840197887252523,0.10685880046258593,0.031705871135547826,0.009151925071833778,0.029865068746601053,0.008942455620550167,0.03673178563901047,0.038007337737819,0.02835985371940976,0.008949103470720022,0.0,0.03294968619652738,0.06397343649870847,0.11682681468292237,0.0,0.030542315586804265,0.0,0.0,0.0,0.0,0.025161612576318985,0.0,0.0,0.010387179717274892,0.7351480634423517,0.06442377691282435,0.06840194059543593
please rate satisfaction following code enforcement items 3 enforcing maintenance residential property neighborhood,0.0,0.0,0.037002972335060766,0.0105479174533978,0.009965064270226153,0.014519389123767443,0.015055162284982482,0.0,0.013204217309613199,0.010019273328540622,0.01288222318405905,0.010591357958674483,0.08482679926322145,0.028614483011253376,0.0521521801953643,0.04819814606140535,0.06814885925098353,0.06081192023959267,0.040955791124539016,0.15402064168409915,0.0,0.0,0.0,0.010733868380855771,0.012920433295438901,0.013789396276325786,0.008029217083154351,0.1168530853248074,0.3071350840609025,0.17663387772229547,0.009865416595049692,0.11330951633209663,0.009639616734951489,0.039595425526827724,0.04097042070485475,0.03057081098464311,0.009646782856928266,0.0,0.035518470535267174,0.06896085764721599,0.1259347281881495,0.0,0.032923419354539074,0.0,0.0,0.0,0.0,0.027123232360433902,0.0,0.0,0.011196972697464896,0.8196540280505564,0.06944630696634488,0.07373461152568242
please rate satisfaction following code enforcement items 4 enforcing maintenance commercial property neighborhood,0.0,0.0,0.03735056986643811,0.010647002198125158,0.010058673824317705,0.014655780972801324,0.015196587065601704,0.0,0.013328254732851295,0.010113392110233618,0.01300323586749659,0.010690850773657907,0.08562364298030302,0.028883280976084058,0.05264208595016979,0.048650908516167254,0.06878903418145468,0.061383173628704046,0.04134052053928948,0.15546747666659105,0.0,0.0,0.0,0.010834699906429717,0.013041804915998278,0.013918930738082879,0.008104641727740341,0.11795077671091916,0.310020241395082,0.17829313631638688,0.009958090081476594,0.11437392023462524,0.009730169108694663,0.039967375975627745,0.041355287546565325,0.030857986250841837,0.009737402547596313,0.0,0.03585212299336064,0.0696086603064938,0.12711773046797986,0.0,0.033232694490290676,0.0,0.0,0.0,0.0,0.027378021854804542,0.0,0.0,0.011302154519976232,1.0,0.07009866982644686,0.07442725774640534
please rate satisfaction following code enforcement items 5 enforcing sign regulations,0.0,0.0,0.037946284142433825,0.010816814097345476,0.010219102316203044,0.014889529961975633,0.015438961516480578,0.0,0.013540830649279322,0.010274693318765439,0.013210627970698953,0.010861362025592796,0.08698927747178532,0.02934394818615814,0.05348168872546476,0.049426854930020636,0.06988616897324999,0.062362190360371134,0.04199987161078353,0.06847897001725456,0.0,0.0,0.0,0.011007505446839675,0.013249812167319831,0.014140927504850348,0.008233904836611511,0.11983200534552206,0.11812611246983569,0.03504897381870916,0.01011691433621755,0.033014075157203004,0.009885358190591657,0.04060482639547165,0.04201487414102674,0.03135014856600438,0.009892706997554184,0.0,0.03642393813750093,0.070718867535615,0.12914516531148398,0.0,0.03376273166531808,0.0,0.0,0.0,0.0,0.027814681282645963,0.0,0.0,0.011482415619636437,0.4934635008884383,0.07121669234908173,0.07561431808099442
please rate satisfaction following code enforcement items 6 enforcing maintenance rental properties neighborhood,0.0,0.0,0.033214278146368584,0.00946792762996873,0.008944752151818924,0.0130327646251064,0.013513680553665313,0.0,0.011852251826025296,0.008993410803470093,0.011563226329618922,0.009506920309043631,0.07614147532481416,0.025684677142808435,0.046812375050938465,0.04326319018177835,0.061171171494652676,0.054585453707966164,0.03676237210885072,0.13825063529641557,0.0,0.0,0.0,0.009634839243723395,0.011597524149153047,0.012377514953262789,0.007207114257812634,0.10488862470548126,0.2756878560493717,0.15854852663230912,0.00885530729398479,0.1017078778971168,0.008652626836566327,0.03554129286867515,0.03677550378231121,0.02744069881764348,0.008659059227089235,0.0,0.031881772875152564,0.06190003025612346,0.11304040800974353,0.0,0.02955242616915574,0.0,0.0,0.0,0.0,0.024346114028100482,0.0,0.0,0.010050526811828974,0.6098632433818506,0.062335774946185425,0.06618500465455726
three code enforcement items listed question 8 think receive emphasis city leaders next two years 1st,0.205611137501369,0.5018241645995398,0.7383018978724307,0.0,0.0,0.0,0.02029748421161045,0.01709398297547787,0.03560405225732964,0.013508060447858508,0.0,0.0,0.07706738143145406,0.13282386389802828,0.0,0.07730270849773782,0.10930070618111525,0.03456119828790797,0.029492596817761535,0.05692668701118938,0.0,0.0,0.0,0.07017847110987,0.1018026902548797,0.018590968858937695,0.06326381484389565,0.06381308306963962,0.06290465895147353,0.0,0.03990188889137182,0.017642753948869744,0.02599240908599497,0.025866494337358496,0.04490557940110204,0.03350709991279892,0.0,0.12293641170099749,0.026092245596267126,0.050156025823477494,0.06877253817376786,0.0,0.03608567343331789,0.029232903939927876,0.010417104563322755,0.005994347780913784,0.0,0.029728385587011588,0.0,0.0,0.030191687375077866,0.26449284038078424,0.03792439834177192,0.04026622726577746
three code enforcement items listed question 8 think receive emphasis city leaders next two years 2nd,0.389905506949236,0.36576988046677533,0.8765240887471613,0.0,0.0,0.0,0.020316543878283678,0.017110034502565354,0.0356374850394994,0.013520744735568939,0.0,0.0,0.07713974895179047,0.1329485876591483,0.0,0.07737529699400385,0.10940334131585616,0.034593651813296995,0.029520290844213978,0.05698014209300802,0.0,0.0,0.0,0.07024436983175324,0.10189828463113179,0.01860842608003414,0.06332322059146665,0.06387300458897759,0.06296372744584006,0.0,0.03993935741180386,0.01765932078079618,0.026016816379433323,0.02589078339480695,0.0449477464680267,0.03353856362272801,0.0,0.12305185098424044,0.026116746637806863,0.05020312314469637,0.06883711670183558,0.0,0.03611955846557841,0.029260354110558714,0.01042688639335682,0.005999976570641442,0.0,0.029756301022940218,0.0,0.0,0.03022003785889507,0.264741203445022,0.03796000996652507,0.04030403790584856
three code enforcement items listed question 8 think receive emphasis city leaders next two years 3rd,0.20202863107202165,0.3590596535833665,0.725437948340953,0.0,0.0,0.0,0.01994382697022105,0.01679614257316797,0.03498369799212427,0.013272700077838944,0.0,0.0,0.07572458262772043,0.13050958096487603,0.0,0.07595580942619669,0.10739628365136078,0.03395901439564895,0.028978726708380535,0.05593481359082239,0.0,0.0,0.0,0.06895570260127593,0.1000289108925602,0.018267045426217533,0.06216152522000897,0.06270122316189537,0.06180862715150328,0.0,0.039206650417261964,0.017335351926677255,0.02553952519168655,0.025415804343643312,0.044123158133105585,0.03292328231261864,0.0,0.12079440475199754,0.025637622180723237,0.04928212236101587,0.06757426621649891,0.0,0.03545692754604158,0.028723558640903944,0.010235600076130086,0.005889904073603791,0.0,0.02921040716524989,0.0,0.0,0.029665636522733636,0.2598843969243874,0.037263615066412514,0.03956464066974859
please rate satisfaction following maintenance items 01 maintenance major city streets,0.02917033179462239,0.042600174844786655,0.0656680850560431,0.01250740457566372,0.011816274729194083,0.01721665672534745,0.04174910559702634,0.020125518380982515,0.05757542452374449,0.027784204001305372,0.01527535439188698,0.012558915025652281,0.15487908134046863,0.19752038166715927,0.06184049316732343,0.07758349265990949,0.10969771564955752,0.112799413580659,0.18503742494095332,0.6238226256508639,0.0,0.0,0.0,0.012727899615676337,0.05633801796597433,0.03823904056044766,0.035010449412957695,0.1634917746741472,0.9141717104189986,0.040526877097760275,0.05867641186798461,0.25131573391051254,0.13170696578948618,0.04695106959242147,0.10145086493651231,0.0756993743985444,0.011438866162752529,0.022370259060578924,0.04211673847999951,0.11119764836996542,0.17619810505949812,0.0,0.08152489802941458,0.03441721841050726,0.012264527797092186,0.007057416438278018,0.0,0.06716248785099645,0.0,0.0,0.04882307230493488,0.2834117343406529,0.0971638869348958,0.10316375010325401
please rate satisfaction following maintenance items 02 maintenance neighborhood streets,0.0,0.0,0.0434882206989806,0.012396576090547177,0.011711570366267694,0.01706409941642706,0.01769377373741217,0.0,0.015518426771723706,0.011775280261530078,0.015139999020864185,0.012447630104901521,0.09969379038374596,0.03362954038158551,0.06129252271229155,0.056645493076080924,0.08009282618311236,0.07146999393890362,0.04813382198590827,0.4220941655446304,0.0,0.0,0.0,0.012615117317431541,0.01518490594730169,0.01620616590312007,0.009436440980753129,0.13733309632391427,0.7389570353534176,0.2075912439613839,0.011594458150228006,0.22850126432220116,0.011329083951073593,0.046535034763928416,0.0481510155889449,0.035928740075490934,0.011337506028393762,0.0,0.041743540803730994,0.08104713777578182,0.1480064142826483,0.0,0.038693673418733844,0.0,0.0,0.0,0.0,0.03187692881208498,0.0,0.0,0.013159386641122215,0.42610111878878704,0.08161766835200918,0.08665755361885336
please rate satisfaction following maintenance items 03 maintenance sidewalks,0.0,0.0,0.04478421321947119,0.01276600647042515,0.012060586889683145,0.017572626664889898,0.018221065911117412,0.0,0.01598089142773126,0.012126195403615463,0.015591186150985942,0.012818581945526352,0.10266476515806501,0.03463173435736923,0.06311910125977833,0.05833358548745482,0.08247967259830036,0.07359987131938928,0.049568258076272964,0.29199943835704284,0.0,0.0,0.0,0.012991060444690498,0.01563743134879546,0.016689125873859123,0.009717656370450448,0.14142576010254013,0.6040306815835637,0.04136480691308235,0.01193998461234396,0.23531083079156834,0.011666701996342238,0.0479218253942527,0.0495859640658956,0.03699945250428382,0.011675375059999361,0.0,0.04298754011643907,0.08346242363195955,0.15241715362336913,0.0,0.039846783629613546,0.0,0.0,0.0,0.0,0.032826893208251724,0.0,0.0,0.01355154953919033,0.2892715281175906,0.08404995659061638,0.08924003548472281
please rate satisfaction following maintenance items 04 maintenance traffic signals,0.0,0.0,0.03992043432939251,0.011379557355484222,0.01075074970155328,0.015664155699974855,0.01624217135515157,0.0,0.014245290491974634,0.010809232818339294,0.013897909064687098,0.011426422883540472,0.0915148826071848,0.030870563034146106,0.05626406618829979,0.05199828022517264,0.07352198725328246,0.06560657469315505,0.04418490912543043,0.260286908380557,0.0,0.0,0.0,0.011580169396075403,0.013939131813720501,0.014876607303501613,0.008662272597512222,0.1260662488584976,0.5384300721980972,0.03687239183658933,0.010643245406035123,0.20975495363900726,0.010399642583942492,0.04271728687563775,0.04420069216023566,0.03298113571142426,0.010407373711571376,0.0,0.03831888848399636,0.07439800684324539,0.13586392468427255,0.0,0.03551923311297336,0.0,0.0,0.0,0.0,0.02926173623137881,0.0,0.0,0.012079786704962122,0.25785526218780475,0.07492173092381531,0.07954814252651954
please rate satisfaction following maintenance items 05 maintenance street signs,0.0,0.0,0.03964809728601333,0.011301926060704582,0.010677408130074563,0.015557294892420432,0.016131367327108643,0.0,0.014148109177196066,0.010735492275271699,0.01380309758461653,0.011348471872315817,0.09089056844394727,0.030659964176558533,0.05588023295372674,0.05164354816538394,0.07302042055020734,0.06515900690291651,0.043883479852043564,0.2585112321323035,0.0,0.0,0.0,0.011501169526756968,0.013844039112220851,0.014775119147959035,0.008603178608486807,0.12520622541284215,0.5347569043983946,0.03662084852690891,0.010570637228430591,0.20832400618395605,0.010328696263816266,0.04242586971537089,0.04389915521504845,0.0327561385354711,0.010336374649723376,0.0,0.03805747717997093,0.07389046393803017,0.13493706153330823,0.0,0.03527692104669504,0.0,0.0,0.0,0.0,0.029062112783807062,0.0,0.0,0.011997378448360107,0.25609617462015555,0.07441061517501647,0.07900546541626507
please rate satisfaction following maintenance items 06 maintenance curbs,0.0,0.0,0.04281363140026522,0.012204280396748186,0.011529900481566673,0.016799401098732795,0.01741930791137231,0.0,0.015277704928777657,0.01159262210890557,0.014905147349356829,0.012254542461209286,0.09814734026322341,0.033107878936313596,0.06034175307287168,0.055766808162433124,0.07885042622793864,0.07036135136131554,0.047387170117975545,0.2791509646856428,0.0,0.0,0.0,0.01241943161202447,0.014949357679531577,0.01595477585046365,0.00929006290408639,0.13520278527300175,0.5774523006362872,0.03954468480758904,0.011414604910273985,0.22495675260897988,0.011153347195814218,0.045813183284090106,0.04740409701383426,0.035371413443550326,0.011161638629867271,0.0,0.04109601498032232,0.07978993453876054,0.1457105387188396,0.0,0.038093457139550056,0.0,0.0,0.0,0.0,0.03138245387825426,0.0,0.0,0.012955258229725349,0.2765430871527148,0.08035161504443718,0.08531332160879315
please rate satisfaction following maintenance items 07 maintenance street lights,0.0,0.0,0.037637730967284504,0.010728859178697626,0.010136007580101749,0.01476845850926095,0.015313422462932215,0.0,0.013430725895008473,0.010191146554732081,0.013103208198297116,0.01077304487372455,0.08628194028780399,0.029105343311165082,0.05304681228784971,0.049024949621741754,0.0693179025455076,0.061855103769949446,0.04165835744057576,0.2454033578667909,0.0,0.0,0.0,0.010917999956833136,0.013142073775887006,0.014025943174242366,0.008166952365806264,0.11885761360811015,0.507641926810568,0.03476397958536353,0.010034650522732242,0.19776088729344063,0.009804977232979404,0.04027465577682339,0.04167323798052543,0.031095230644525296,0.009812266284480413,0.0,0.036127763636683324,0.0701438301738756,0.12809504534025123,0.0,0.0334881962716035,0.0,0.0,0.0,0.0,0.027588511357988454,0.0,0.0,0.011389048485597056,0.24311075642725585,0.07063760701715673,0.07499947427064747
please rate satisfaction following maintenance items 08 maintenance city buildings eg city hall sanders justice center,0.03693994407131667,0.05394686928054879,0.05537709126811674,0.007919396130892192,0.0074817888720108815,0.01090118448098416,0.04156567101293402,0.025486015333456152,0.06299707414975764,0.02766212752008661,0.009671997234701852,0.007952011343414674,0.13244350651630096,0.09162380004003697,0.03915595432762097,0.06206084889889871,0.08774976637523152,0.09718619910572669,0.07472122558030307,0.2660159263244586,0.0,0.0,0.0,0.008059008434643402,0.061643145918779604,0.038071028278484076,0.03830724473034235,0.11930482318206607,0.4058324920068784,0.02566067098442081,0.06689809085067439,0.1722793450395582,0.04599043138928564,0.029728319462452614,0.09771196272413873,0.0729095257502245,0.0072428225922554195,0.028328649957659748,0.02666733403773395,0.08903956111694998,0.12857701135751753,0.0,0.07852035369362739,0.043584355917707054,0.01553122446722443,0.008937182146349174,0.0,0.06468726031526521,0.0,0.0,0.05342054759743052,0.1794496834902063,0.07090338565077092,0.07528166471615047
please rate satisfaction following maintenance items 09 snow removal major city streets,0.02616564913087491,0.038212154587425745,0.05890396052984343,0.011219082524287508,0.010599142333208373,0.015443259344935083,0.037448749512716276,0.01805249443994468,0.0516448824530407,0.02492229908104198,0.013701920368336963,0.011265287153376529,0.13892580065935442,0.17717484460880095,0.05547062877751538,0.06959202458099019,0.09839833013740201,0.10118053845599657,0.16597769168940857,0.46677058925450576,0.0,0.0,0.0,0.011416865528357828,0.05053493464542522,0.03430023783927001,0.03140420690801248,0.1466513456900902,0.6158486886409132,0.03635241635151969,0.052632462873782836,0.1391514491598395,0.11814052302192718,0.04211488651977102,0.09100094420050202,0.06790197944557486,0.010260608640893064,0.02006601617242457,0.03777851446337143,0.09974376266653584,0.1580488637212481,0.0,0.07312744648524253,0.030872081515234576,0.011001223206989255,0.006330469039385227,0.0,0.060244432742098356,0.0,0.0,0.04379406406538611,0.1747813192367289,0.24350518954232553,0.09253739406298543
please rate satisfaction following maintenance items 10 snow removal neighborhood streets,0.0,0.0,0.03935007991844018,0.011216974436700528,0.010597150733597897,0.015440357526247405,0.016010114910088462,0.0,0.014041764042328448,0.010654798285736745,0.013699345750654656,0.011263170383849217,0.09020738388279437,0.030429506665625,0.05546020573768883,0.05125536625175111,0.0724715580574003,0.06466923521044898,0.043553626970299616,0.289151701580615,0.0,0.0,0.0,0.011414720276956883,0.013739979538742675,0.014664061053990735,0.008538512286086328,0.12426510510050703,0.4645206198131382,0.18783780777768977,0.010491182382018606,0.12049676666009602,0.010251059981580574,0.04210697305008157,0.043569184508472095,0.032509925000738724,0.010258680652426636,0.0,0.03777141580648729,0.07333506171046,0.13392279879136326,0.0,0.03501175989480969,0.0,0.0,0.0,0.0,0.028843665621375397,0.0,0.0,0.011907199413609291,0.30613254484509067,0.23017156905056774,0.07841161596474164
please rate satisfaction following maintenance items 11 mowing trimming along city streets,0.027852923452254312,0.04067623972735316,0.06270234288727847,0.01194253753042875,0.011282620912242192,0.016439107558017047,0.039863606988811404,0.01921659742676573,0.054975168033108764,0.026529396809015428,0.014585479506329092,0.01199172163401125,0.14788433766553202,0.08528376554091274,0.05904761504141172,0.07407961957475453,0.10474348040969336,0.10770509756424734,0.07952565328984454,0.37185075710591764,0.0,0.0,0.0,0.012153074438761256,0.05379364598613488,0.036512065653437106,0.03342928611144225,0.15610805928205868,0.5180339126332447,0.03869657751959238,0.05602643191440181,0.14812453695811184,0.040134113015006814,0.04483063670877621,0.09686907900590261,0.07228059301316875,0.010922257102007454,0.02135995975665483,0.04021463661096577,0.10617567225239138,0.1682405386132494,0.0,0.07784302078746777,0.032862846969882606,0.011710629701285367,0.006738685086272379,0.0,0.06412925455039309,0.0,0.0,0.046618094891327996,0.18605197529153963,0.09277571212337248,0.09850460580647719
please rate satisfaction following maintenance items 12 mowing trimming city parks,0.02867225468274429,0.04187278606492694,0.06454681669414847,0.012293843345301373,0.011614514391611631,0.016922686032167383,0.041036248640661716,0.019781879503618177,0.05659233659166863,0.027309794721965153,0.015014531016548201,0.012344474265487446,0.15223455449492157,0.0877925022873888,0.06078458010981149,0.07625877128801933,0.24662971702022424,0.11087338796897381,0.08186500741463441,0.24539261142528213,0.0,0.0,0.0,0.01251057348015329,0.055376058483477056,0.03758611720608087,0.03441265355475717,0.4002759793943309,0.38212943849437025,0.03983488942890516,0.057674524814921906,0.35208865125621386,0.13764224027381694,0.04614939022494537,0.0997186133405799,0.0744068239388216,0.011243549994886581,0.021988291721184033,0.041397604271601156,0.10929897255312199,0.17318956049084816,0.0,0.08013287801255167,0.0338295518434803,0.041519408767733405,0.04084637966038079,0.0,0.06601570288430851,0.0,0.0,0.04798942889566997,0.19152494455137403,0.0955048345619535,0.10140225136324259
please rate satisfaction following maintenance items 13 overall cleanliness city streets public areas,0.026574591008414375,0.03880937081407656,0.05982456815907136,0.011394425113680356,0.010764795902297005,0.015684621423905813,0.03803403451216865,0.01833463614923752,0.052452038243062,0.025311808690676518,0.013916067130502025,0.01144135187305845,0.192831440227803,0.13414580602481638,0.056337577002919983,0.0706796755332588,0.09993619368024284,0.26921387891799503,0.17513373315790595,0.35478436592835294,0.0,0.0,0.0,0.011595299260363854,0.051324743105818006,0.034836314876452695,0.03189502199428705,0.14894335367163225,0.49425832732839864,0.03692056680410468,0.16793536243042706,0.21725302015046824,0.03829212544555943,0.08600769498614422,0.09242319429615531,0.06896321675041793,0.010420971280524782,0.020379627131863975,0.03836895334597011,0.1433606688331341,0.16051900305354083,0.0,0.07427035240421148,0.03135458003515451,0.03892816759878792,0.006429407685306949,0.0,0.12515504427934418,0.0,0.0,0.04447851973069005,0.17751296944307343,0.0885176957966137,0.13895310076396994
please rate satisfaction following maintenance items 14 onstreet bicycle infrastructure bike lanespainted symbols,0.0,0.0,0.027464215125018017,0.00782883794950073,0.007396234723360428,0.01077652959249337,0.0111741892514143,0.0,0.009800387424690596,0.007436469578706429,0.00956139808477662,0.0078610802075349,0.06295984663708794,0.02123814027684502,0.03870820655039783,0.03577345733394589,0.050581205046065184,0.04513560814797359,0.030398062292792183,0.11431665539196122,0.0,0.0,0.0,0.00796685378855708,0.009589758258369833,0.01023471688565669,0.005959417077645923,0.08673028329515481,0.22796071474227603,0.02536724157904366,0.007322274578673317,0.0841001880626716,0.007154682205909789,0.029388376554957116,0.030408920608101075,0.022690159099272356,0.0071600010195931926,0.0,0.026362393454752435,0.05118388362100137,0.09347082810947185,0.0,0.024436303754644256,0.0,0.04202685328578766,0.0,0.0,0.02013130949826395,0.0,0.0,0.008310577434903897,0.1219649309060773,0.05154419209601047,0.05472704232417035
three maintenance items listed question 10 think receive emphasis city leaders next two years 1st,0.21078807613442832,0.5144592433033905,0.7568910835770783,0.0,0.0,0.0,0.020808540331653063,0.01752438038455801,0.03650050171947614,0.013848170428475455,0.0,0.0,0.07900780698003873,0.13616814281580497,0.0,0.07924905918148614,0.11205271200787117,0.03543139046132709,0.030235170229447928,0.1484406806246351,0.0,0.0,0.0,0.07194544561676071,0.10436590879709678,0.01905905782571945,0.06485669007001463,0.06541978793520478,0.2626749472907667,0.0,0.04090655056799139,0.10184054492154943,0.026646853725515885,0.02651776865772934,0.046036225491905024,0.03435075168248572,0.0,0.1260317413941195,0.026749203949263386,0.05141886922253486,0.07050411368126172,0.0,0.03699424929728665,0.029968938726769697,0.010679389533455392,0.006145275259765942,0.0,0.03047689575875683,0.0,0.0,0.030951862697624528,0.11064525524205232,0.038879270170686056,0.04128006236281037
three maintenance items listed question 10 think receive emphasis city leaders next two years 2nd,0.3997418137241197,0.3749973078540786,0.8986365228596012,0.0,0.0,0.0,0.020829077696427986,0.017541676388346646,0.036536526549009254,0.013861838130439265,0.0,0.0,0.07908578516236936,0.1363025364241581,0.0,0.07932727547203508,0.11216330445615669,0.03546636011219108,0.03026501137688726,0.14858718683587518,0.0,0.0,0.0,0.07201645347396625,0.10446891461609563,0.019077868507131723,0.06492070155187893,0.06548435517667918,0.26293419907507076,0.0,0.04094692402702834,0.10194105828705201,0.026673153319160738,0.026543940848534692,0.046081661776272834,0.034384654777385795,0.0,0.1261561306979811,0.026775604559310464,0.05146961800436706,0.07057369898987667,0.0,0.03703076143991095,0.029998517112218136,0.010689929749872613,0.006151340450194515,0.0,0.030506975481573946,0.0,0.0,0.030982411197641974,0.11075445857545788,0.03891764276871321,0.0413208044660605
three maintenance items listed question 10 think receive emphasis city leaders next two years 3rd,0.20693320159921325,0.36777640518992866,0.7430491233603538,0.0,0.0,0.0,0.020427995503356753,0.017203895996025648,0.03583298362651129,0.013594916257162635,0.0,0.0,0.07756291887822643,0.1336779113194398,0.0,0.07779975907978762,0.11000350147356439,0.03478342418476443,0.029682231989663143,0.14572600999324242,0.0,0.0,0.0,0.070629713383141,0.10245727387075526,0.018710507385747206,0.06367059639918578,0.06422339637817116,0.25787117003771004,0.0,0.04015845502577736,0.09997809363649598,0.02615953831492035,0.026032813943952206,0.045194318887885415,0.03372254803665017,0.0,0.12372688355093123,0.02626001676641947,0.05047852528453576,0.0692147404043574,0.0,0.03631770159031597,0.029420869306222543,0.010484085759545974,0.0060328909847861215,0.0,0.029919536862905854,0.0,0.0,0.030385817646506677,0.10862178415821858,0.03816824936117337,0.040525136068435906
please rate satisfaction following environmental sustainability items 1 citys efforts protect natural resources environment,0.0,0.0,0.027257743124210036,0.007769981877041467,0.007340630899445337,0.010695513200195248,0.011090183311261112,0.0,0.009726709528160214,0.00738056327496267,0.009489516875570423,0.007801981742438652,0.062486523607591216,0.021078475007095282,0.03841720384677901,0.035504517650873334,0.05020094285537084,0.04479628516788566,0.03016953405290955,0.0491901174601041,0.0,0.0,0.0,0.007906960132962692,0.009517663841476526,0.010157773762998151,0.005914615041175201,0.08607825755762402,0.08485287302120033,0.025176534322347528,0.00726722677643895,0.023714816890650248,0.007100894338917231,0.02916743898655477,0.03018031073697294,0.02251957776182825,0.007106173166527918,0.0,0.02616420479005138,0.05079909057986603,0.09276812793001685,0.0,0.024252595153994062,0.0,0.0,0.0,0.0,0.01997996522237365,0.0,0.0,0.008248099714603375,0.06603200354664882,0.13658734485876245,0.054315612327881055
please rate satisfaction following environmental sustainability items 2 citys water quality programs floating wetlands stream cleanup events stormwater cost share program etc,0.0,0.0,0.021108240113001157,0.006017029450563213,0.005684542513308258,0.008282544146546528,0.0840309086620738,0.06353579593027701,0.0075323081332975255,0.005715465916132234,0.007348627502032861,0.006041809962996304,0.08205999472882468,0.05067190617141388,0.18932397474878948,0.027494495059837858,0.03887532254088361,0.034689986591529554,0.055663633665826585,0.038092545145910706,0.0,0.0,0.0,0.006123104627186227,0.007370424351173714,0.007866121807145111,0.004580244002453986,0.06665850950151775,0.06570957873686407,0.01949656394029607,0.005627698780991811,0.01836461833551777,0.005498891894310471,0.022587097647958784,0.023371459728637176,0.017439032001804737,0.005502979788169245,0.0,0.020261410292021206,0.06671155418072372,0.12182710206037611,0.0,0.018781070741664765,0.0,0.0,0.0,0.0,0.015472370600950046,0.0,0.0,0.006387281164785357,0.05113480524244988,0.039615447892488484,0.16036115173009555
please rate satisfaction following environmental sustainability items 3 health citys tree canopy,0.0,0.0,0.03304085630291924,0.009418492701532277,0.008898048881600916,0.012964716598996446,0.013443121519292367,0.0,0.011790367616119025,0.008946453471639427,0.011502851209694067,0.00945728178797583,0.07574391753489046,0.02555056963522155,0.04656795340968527,0.043037299913690624,0.06085177821204665,0.05430044646000377,0.036570424588191305,0.05962649200694312,0.0,0.0,0.0,0.009584532819009863,0.011536969949885756,0.012312888184887533,0.007169483723286729,0.1043409693094154,0.10285560222677405,0.03051808981248176,0.008809071042561057,0.028746248490326014,0.008607448841426285,0.0353557209739407,0.036583487697192586,0.02729742258705606,0.008613847646482807,0.0,0.031715308446810114,0.06157683138034838,0.11245018967487784,0.0,0.02939812396809418,0.0,0.0,0.0,0.0,0.024218995565462975,0.0,0.0,0.009998049955952009,0.08004162085748276,0.06201030091491576,0.065839432624802
please rate satisfaction following environmental sustainability items 4 citys dropoff recycling center,0.0,0.0,0.034154425233384134,0.009735922151546563,0.009197937924592616,0.013401663676413727,0.013896192175667135,0.0,0.012187735860322476,0.009247973884201715,0.011890529349795542,0.009776018538294583,0.07829669862704082,0.02641169503223339,0.048137423207832736,0.044487776850353766,0.06290265270994787,0.05613052282164123,0.03780294980551509,0.061636070945297654,0.0,0.0,0.0,0.009907558283677603,0.011925797986608425,0.012727866828336543,0.007411115303549995,0.1078575507361289,0.10632212264361544,0.03154663448217043,0.009105961284427679,0.029715077169969593,0.008897543853265657,0.03654730729451944,0.037816453177691924,0.02821742179639951,0.008904158315883766,0.0,0.03278420272069606,0.06365214219048539,0.11624007442540606,0.0,0.030388922667882498,0.0,0.0,0.0,0.0,0.025035243205702967,0.0,0.0,0.010335012100459152,0.08273924652776748,0.06410022085629234,0.3008564993345534
please rate satisfaction following environmental sustainability items 5 citys recycling waste diversion events recycling extravaganza mattress recycling pickup etc,0.0,0.0,0.020378548970690278,0.005809026648359187,0.005488033458178844,0.007996224724975643,0.08112604262858183,0.06133942582733131,0.00727192363432463,0.005517887869319478,0.007094592662194521,0.005832950522800312,0.04671643853795383,0.01575877845800233,0.028721632100686477,0.026544037352323108,0.037531440797986,0.033490787804363424,0.022555474395606005,0.0367757232492369,0.0,0.0,0.0,0.005911434910242436,0.00711563601565486,0.007594197697115829,0.004421909462941396,0.06435419025545495,0.06343806309593024,0.01882258686136521,0.005433154757894682,0.0177297715051042,0.005308800598857941,0.02180628385220918,0.022563531305634352,0.016836181782455797,0.005312747178238412,0.0,0.01956099322543174,0.03797863052458173,0.06935569938150914,0.0,0.01813182756033171,0.0,0.0,0.0,0.0,0.014937505935889186,0.0,0.0,0.006166479124234269,0.04936712521562349,0.038245980742641995,0.45731097889894173
please rate satisfaction following environmental sustainability items 6 citys promotion sustainable practices residents businesses,0.0,0.0,0.02656707228147476,0.00757310204342503,0.007154630183743183,0.010424504735488425,0.01080917449043639,0.0,0.00948024911372888,0.007193550732003752,0.00924906657167936,0.007604291079624046,0.06090320764034518,0.020544377667106983,0.03744376879621458,0.03460488575489813,0.04892892530974989,0.043661213643903435,0.02940508274033018,0.0479437127329922,0.0,0.0,0.0,0.0077066094732025645,0.009276500335154352,0.009900390819251318,0.005764747455427983,0.08389716199084897,0.08270282688381456,0.024538598228433545,0.007083086012504119,0.023113918551688713,0.006920968192615042,0.028428379278879236,0.029415586359179402,0.021948965012271966,0.006926113262551884,0.0,0.025501242589200904,0.04951191685674809,0.09041752095553515,0.0,0.023638070310275476,0.0,0.0,0.0,0.0,0.019473702493464827,0.0,0.0,0.008039105083063615,0.0643588503685137,0.049860455537195404,0.05293933515154871
please rate satisfaction following leadership items 1 overall quality leadership provided citys elected officials,0.0,0.0,0.030074551927226856,0.008572929987998317,0.008099209980737274,0.011800785034250132,0.012236240262340251,0.0,0.01073186541720278,0.008143268958606462,0.010470161331337635,0.008608236712005748,0.1558411325873901,0.16236291682706147,0.04238722871236608,0.039173546205809665,0.05538869655568205,0.10503022106362166,0.2014379027204197,0.11533208371224636,0.0,0.0,0.0,0.008724063544868068,0.010501216998121184,0.011207475729308528,0.006525829977001654,0.09497356457302064,0.09362154908503392,0.027778271494257975,0.008018220292817464,0.026165500524842414,0.049653274144064424,0.06471041234542556,0.033299136993948764,0.024846745663832534,0.007840523440504161,0.0,0.028868007597228483,0.9220144907537172,0.1735765505529592,0.0,0.02675885266821566,0.0,0.0,0.0192883300417843,0.0,0.022044690158179687,0.0,0.0,0.009100456411134853,0.07285573535832017,0.05644321072646732,0.13546291349974002
please rate satisfaction following leadership items 2 overall responsiveness citys elected leadership,0.0,0.0,0.03097523191428611,0.008829674177881323,0.0083417670887631,0.012154197811193791,0.012602694158238902,0.0,0.011053265929784886,0.008387145555604662,0.010783724266381073,0.00886603827623631,0.11109818939906896,0.06485012243613972,0.04365665173487732,0.04034672508392197,0.05704749069558201,0.05090573036992649,0.11120031393279195,0.05589880604841371,0.0,0.0,0.0,0.008985333919226741,0.010815709995817737,0.011543119935056512,0.006721267118457971,0.09781785595656603,0.09642534998030305,0.028610181917080486,0.008258351901994827,0.026949111290886077,0.00806933457199704,0.06664837549430003,0.03429638763792734,0.025590862038936547,0.008075333341180952,0.0,0.02973255370158987,0.7193051846718543,0.10542010994058455,0.0,0.027560233288390756,0.0,0.0,0.0,0.0,0.02270488989430342,0.0,0.0,0.009372999090488748,0.07503763661950966,0.05813358571292469,0.09657068176211112
please rate satisfaction following leadership items 3 overall effectiveness city manager department directors,0.02139159325784947,0.031240152474403603,0.04815663309663502,0.009172103810052913,0.008665274862472552,0.012625558067753844,0.030616034541480097,0.014758724938079651,0.042222010765301174,0.020375098753542722,0.011201935251246969,0.009209878169372585,0.15522239779240157,0.10798256570799676,0.045349730198957675,0.056894605456976347,0.08044505393398252,0.08271963418277722,0.1409763779339611,0.10721642491124578,0.0,0.0,0.0,0.009333800298270188,0.041314578585071586,0.028041984849493676,0.025674349503099325,0.11989406118027346,0.11818728489613466,0.02971973294612864,0.04302940211127025,0.04322676993911101,0.030823788492195133,0.06923311171962054,0.07439735871564458,0.05551291765923115,0.00838850836553356,0.016404869381185617,0.03088563219830972,0.3692588757980716,0.12921204403069098,0.0,0.05978497163869734,0.025239313096872867,0.008993994034149137,0.0051754427396240865,0.0,0.049252529330456006,0.0,0.0,0.03580361415492299,0.07794772251724429,0.07125357240695286,0.11185226566680369
please rate satisfaction following communication items 1 availability information city programs services,0.08872910906013684,0.08648183386990846,0.06687668512109568,0.012737599349439828,0.012033749479587597,0.017533523776069034,0.209835399666651,0.26159596761155446,0.26731389950847706,0.028295563373742585,0.11735151140036733,0.012790057832756207,0.15772958120845812,0.12831753644417077,0.09828218487182046,0.12035169984394994,0.17016901527358902,0.15604105259944004,0.15507684190885984,0.19409826153417672,0.0,0.0,0.0,0.012962152530016093,0.057374901135637334,0.03894281784997062,0.03565480551686888,0.16650078840339025,0.16413053257804106,0.04127276128571747,0.059756332428180264,0.060030423560113316,0.10472475312295906,0.07841753298641138,0.10331803560027183,0.07709259712986723,0.0116493948294044,0.13414631531918575,0.04289188355729678,0.11324420545989636,0.446142171670735,0.0,0.08302533765663479,0.035050656287892716,0.012490252501577696,0.02146695749789907,0.0,0.06839859192067553,0.0,0.0,0.049721645307535034,0.10824854146741708,0.09895215714210613,0.10506244586968988
please rate satisfaction following communication items 2 city efforts keep informed local issues,0.025912731615700797,0.03784279538905994,0.05833459405792422,0.011110638722248293,0.01049669088136464,0.015293984593134578,0.23411664668073273,0.017877998786746542,0.05114568232709888,0.02468139980411307,0.013569477422421882,0.0111563967367733,0.13758294200828133,0.07934302951811545,0.054934448936328074,0.0689193471387099,0.09744721055954797,0.10020252601524755,0.0739860185159927,0.12987674223380183,0.0,0.0,0.0,0.011306509953150558,0.05004646328986745,0.03396869128061984,0.031100653423156793,0.14523381181721137,0.14316630636094044,0.03600103340786657,0.052123716782258446,0.05236279853230691,0.037338432390223775,0.04170780346224229,0.0901213278542547,0.06724563800222368,0.010161429460256319,0.019872057791174826,0.037413346836256425,0.09877963811982356,0.38915688523448566,0.0,0.07242059560745362,0.030573671561557086,0.010894885236030822,0.006269278640808846,0.0,0.05966210924781033,0.0,0.0,0.043370750055196944,0.09442206521495566,0.4919498434595513,0.09164292637177568
please rate satisfaction following communication items 3 level public engagement local decisionmaking,0.0,0.0,0.033889863176612335,0.009660507162965066,0.009126690191428862,0.013297853652319681,0.013788551506612715,0.0,0.012093328987872853,0.009176338569742235,0.011798424655326477,0.009700292960895541,0.07769020809219308,0.026207108589545218,0.04776454807951377,0.04414317208349533,0.06241540530163605,0.13376688930713793,0.037510126076693774,0.061158634549012415,0.0,0.0,0.0,0.009830813792174518,0.0118334200993384,0.012629276071694827,0.007353708396706087,0.10702208021463329,0.10549854563259187,0.03130227251601814,0.009035426007378491,0.029484902547515818,0.008828622989103776,0.0362642098416641,0.037523524851006886,0.0279988480948589,0.008835186215730567,0.0,0.03253025448288665,0.06315908919542618,0.3176123890189888,0.0,0.18611307286877482,0.0,0.023531458456376237,0.0,0.0,0.024841318834584902,0.0,0.0,0.010254956528176054,0.08209834377248588,0.06360369701923793,0.06753122082623465
please rate satisfaction following communication items 4 quality citys website,0.0,0.0,0.050625578344367574,0.014431122358809707,0.013633692378841267,0.019864687218685294,0.020597704715287893,0.0,0.018065336260852022,0.013707858445929701,0.01762480033087155,0.014490555441192654,0.19681104013610934,0.12153048013506909,0.07135195141630112,0.06594224370383789,0.09323779132794037,0.08319976580486436,0.13350253891350197,0.09136039377498224,0.0,0.0,0.0,0.01468553092796434,0.017677077455252033,0.01886594825916747,0.010985165051241487,0.1598724278775534,0.15759653142611188,0.04676016664210174,0.01349735951507021,0.044045331080752856,0.013188431669922009,0.05417244049845319,0.05605363872972011,0.0418254234427398,0.01319823599229578,0.0,0.048594558741745106,0.15999964916878934,0.9337793279686216,0.0,0.045044142151748276,0.0,0.0,0.0,0.0,0.03710862231233721,0.0,0.0,0.015319126619948676,0.12264068795252869,0.09501289307833435,0.1710754822113561
please rate satisfaction following communication items 5 quality citys newsletter,0.0,0.0,0.04825153416016231,0.013754386937153069,0.012994351769612795,0.018933149314233417,0.01963179256798011,0.0,0.017218177415691694,0.01306503988097223,0.01679830004995298,0.013811032954811129,0.1875817509012437,0.11583140984285913,0.06800596128974265,0.06284993729908628,0.08886548303064923,0.07929818232481602,0.12724204893098115,0.08707612446683062,0.0,0.0,0.0,0.01399686522908884,0.016848125682278243,0.017981245383488085,0.010470024917433292,0.15237534399170172,0.15020617380218343,0.044567387709009296,0.012864412121542901,0.041979862092282716,0.012569971189494721,0.051632069177957124,0.05342505019045179,0.039864055167581985,0.01257931574636511,0.0,0.04631575752430289,0.15249659934681517,0.5664765761373153,0.0,0.042931834752898176,0.0,0.0,0.0,0.0,0.03536844448394357,0.0,0.0,0.014600748980649286,0.11688955539261739,0.09055734286806734,0.16305304045589974
please rate satisfaction following communication items 6 quality citys social media,0.0,0.0,0.042145845464207805,0.012013924041958831,0.011350062772549444,0.016537372314417816,0.017147610125909617,0.0,0.01503941081185747,0.0114118060988367,0.014672664202068786,0.012063402143493487,0.16384539109466412,0.10117424832408764,0.05940057212789668,0.05489698495492416,0.07762055611496281,0.06926388965707922,0.11114099943420867,0.07605762074257791,0.0,0.0,0.0,0.012225719434545281,0.014716184961287892,0.015705921114777248,0.009145161078440293,0.1330939588182446,0.13119927270754922,0.03892788629046612,0.01123656552479253,0.0366677829243171,0.010979382779488536,0.04509861181508487,0.04666471125602761,0.03481970755774853,0.010987544887836917,0.0,0.04045501957922457,0.13319987067259842,0.4947953397238991,0.0,0.03749929415683611,0.0,0.0,0.0,0.0,0.030892965819113855,0.0,0.0,0.012753188492568015,0.10209849746134245,0.07909833012766548,0.14242051294603764
please rate satisfaction following communication items 7 quality live streaming city meetings,0.024848853308443428,0.03628911399037614,0.055939597262476895,0.010654478110095325,0.010065736634923725,0.014666071693735523,0.03556412755409495,0.017143996082266372,0.04904583493375391,0.023668075302714996,0.013012366235356367,0.010698357474397025,0.19155586917950618,0.13690773352174784,0.05267904918105544,0.06608978059749712,0.09344639833509581,0.0960885910067353,0.12814362928047074,0.12454449665163102,0.0,0.0,0.0,0.010842307612450282,0.04799174565381624,0.032574065877349845,0.10587741883269296,0.13927106330562602,0.13728844176810534,0.03452296775853649,0.04998371501013066,0.0502129809718898,0.035805458219994424,0.03999543951679287,0.24416801035493813,0.06448478759906125,0.00974423977397321,0.019056186600204524,0.035877296963503065,0.14319410915282707,0.46169435599009184,0.0,0.06944728110676451,0.029318432768907228,0.010447582642287723,0.006011885879326794,0.0,0.0572126097224301,0.08452425468896847,0.0,0.1476490865385821,0.09054545396460931,0.08276941072602098,0.13970569534989527
following primary sources information city issues services events city newsletter overview,0.08931386936096422,0.09793313718796412,0.03347055742879826,0.009605536259910556,0.009074756851568099,0.013222185262283482,0.7403689749536194,0.39715388570670274,0.3202121925415854,0.033551746184784806,0.17282371602309335,0.009645095665871739,0.09377733282256985,0.12383639476773971,0.03663286143680555,0.06255749881318114,0.08845199515105051,0.10521522482405457,0.10631495457945997,0.14985014450528683,0.0,0.0,0.0,0.009774873798259053,0.07476775545903748,0.0461768342607027,0.046463344198583084,0.052596402473033974,0.05184765569201523,0.012651460710438586,0.08114154498198459,0.043821628188444414,0.10247585864273603,0.0230774981125251,0.09637198462363211,0.07190967716362467,0.008784911612467979,0.11834101199354641,0.00875288102648427,0.05363853058658723,0.05668411433643046,0.0,0.07744356072519076,0.052864019454626966,0.018838019631166898,0.021608433329869982,0.0,0.0638001681948363,0.0,0.0,0.19453814329162597,0.010972182881533309,0.13687078032658428,0.03318847160276291
citys website opkansas none,0.0,0.0,0.0,0.0,0.0,0.0,0.0,0.0,0.0,0.0,0.0,0.0,0.0,0.0,0.0,0.0,0.0,0.0,0.0,0.0,0.0,0.0,0.0,0.0,0.0,0.0,0.0,0.0,0.0,0.0,0.0,0.0,0.0,0.0,0.0,0.0,0.0,0.0,0.0,0.0,0.34130867482393207,0.0,0.0,0.0,0.0,0.0,0.0,0.0,0.0,0.0,0.0,0.0,0.0,0.0
following primary sources information city issues services events city social media accounts,0.08423403872746649,0.09236307562998408,0.03156688038330048,0.009059210166400232,0.008558619456827848,0.012470158032719897,0.6982596247936711,0.374565294603658,0.30199975010089136,0.03164345143396637,0.16299416532586727,0.009096519584944203,0.08844363749161815,0.11679305518135709,0.034549324657458545,0.058999468004529515,0.08342118461986237,0.09923098602670175,0.10026816736784575,0.14132724251997975,0.0,0.0,0.0,0.009218916434478405,0.07051525204275746,0.043550472880171276,0.04382068723070716,0.04960492065273038,0.04889875971937635,0.011931894106335461,0.07652652484235807,0.04132922190402134,0.09664742449637184,0.02176493845415105,0.09089071544108715,0.0678197302884715,0.008285259504224539,0.11161022872074507,0.008255050695228583,0.05058777651267808,0.05346013912967787,0.0,0.07303886775920772,0.04985731660593364,0.01776658526289332,0.02037942844679476,0.0,0.06017145911373487,0.0,0.0,0.18347355918226826,0.010348127165251544,0.12908609483811073,0.031300838518081325
following primary sources information city issues services events city enewsletters,0.09922257799983655,0.10879808940008237,0.03718386650291567,0.010671198970535162,0.010081533539826765,0.014689088244659705,0.822507398812818,0.4412151515148066,0.3557373505177306,0.03727406254672413,0.19199722020797075,0.010715147197968317,0.104181229490779,0.13757512049333467,0.04069700458929264,0.06949778740835125,0.09826508526515734,0.11688807042591204,0.11810980700742157,0.1664749020263708,0.0,0.0,0.0,0.010859323247618914,0.08306268109294868,0.05129981011908355,0.05161810620078359,0.05843158161471763,0.05759976695465063,0.014055046054269483,0.09014359509454906,0.04868331147354985,0.11384479196825752,0.02563777465800729,0.10706373858545089,0.07988752029625182,0.009759532130076371,0.13147006592731147,0.009723947989126165,0.059589326081200836,0.06297279466604674,0.0,0.08603534702527146,0.05872888870733584,0.020927957612738347,0.024005728078604262,0.0,0.0708783217030974,0.0,0.0,0.21612070146334045,0.012189464856700468,0.15205557405610076,0.03687048535532121
following primary sources information city issues services events livestreaming city meetings,0.08870703262058634,0.09726773744466177,0.033243144104148366,0.00954027212618472,0.00901309906082486,0.013132348063843354,0.7353385905502522,0.3944554518446937,0.3180365335477301,0.03332378122890013,0.17164947756223806,0.00957956274857246,0.0931401693967934,0.12299499718101899,0.03638396206222822,0.062132456331676286,0.087851014353763,0.10450034745363956,0.10559260517334836,0.14883199834403132,0.0,0.0,0.0,0.009708459112658909,0.07425975125618783,0.04586308904079196,0.04614765230725352,0.052239039952960586,0.05149538047875335,0.012565501259420814,0.08059023451902511,0.043523885248874156,0.10177959370123117,0.022920699691060645,0.09571719202052142,0.07142109197071092,0.00872522315461075,0.11753695239468445,0.008693410198168007,0.053274087401080694,0.05629897814849858,0.0,0.07691737595355358,0.05250483862998407,0.018710026045064936,0.021461616364706643,0.0,0.06336668248449895,0.0,0.0,0.1932163676973211,0.010897633164425543,0.1359408215331669,0.032962974890218204
following primary sources information city issues services events social media generally city accounts,0.07697930788419602,0.08440822431720148,0.028848154981999198,0.008278977704527039,0.007821500811120343,0.01139615467888414,0.6381213990463483,0.3423055284018769,0.27598975539073023,0.02891813128342405,0.14895614914705713,0.008313073816508195,0.08082635124374585,0.10673415034307232,0.03157373361382383,0.053918086810712425,0.07623646155319388,0.09068462987648529,0.09163248306027943,0.12915530916864987,0.0,0.0,0.0,0.008424929129475359,0.06444206379672393,0.03979965001074889,0.04004659191213308,0.04533265313150083,0.04468731093105941,0.01090424920767476,0.06993561042712503,0.03776970623309929,0.08832357986053513,0.01989041394255683,0.08306267244755602,0.06197869622980627,0.007571684225419843,0.10199769938038426,0.007544077176729724,0.04623085966405819,0.048855837518491554,0.0,0.06674833088486101,0.045563311260730766,0.016236422444708534,0.01862423220600266,0.0,0.05498913915244991,0.0,0.0,0.1676717371536376,0.009456885590586836,0.11796844112226183,0.028605026206955514
following primary sources information city issues services events [city name] star,0.09922257799983655,0.10879808940008237,0.03718386650291567,0.010671198970535162,0.010081533539826765,0.014689088244659705,0.822507398812818,0.4412151515148066,0.3557373505177306,0.03727406254672413,0.19199722020797075,0.010715147197968317,0.104181229490779,0.13757512049333467,0.04069700458929264,0.06949778740835125,0.09826508526515734,0.11688807042591204,0.11810980700742157,0.1664749020263708,0.0,0.0,0.0,0.010859323247618914,0.08306268109294868,0.05129981011908355,0.05161810620078359,0.05843158161471763,0.05759976695465063,0.014055046054269483,0.09014359509454906,0.04868331147354985,0.11384479196825752,0.02563777465800729,0.10706373858545089,0.07988752029625182,0.009759532130076371,0.13147006592731147,0.009723947989126165,0.059589326081200836,0.06297279466604674,0.0,0.08603534702527146,0.05872888870733584,0.020927957612738347,0.024005728078604262,0.0,0.0708783217030974,0.0,0.0,0.21612070146334045,0.012189464856700468,0.15205557405610076,0.03687048535532121
following primary sources information city issues services events [city name] county post,0.08931386936096422,0.09793313718796412,0.03347055742879826,0.009605536259910556,0.009074756851568099,0.013222185262283482,0.7403689749536194,0.39715388570670274,0.3202121925415854,0.033551746184784806,0.17282371602309335,0.009645095665871739,0.09377733282256985,0.12383639476773971,0.03663286143680555,0.06255749881318114,0.08845199515105051,0.10521522482405457,0.10631495457945997,0.14985014450528683,0.0,0.0,0.0,0.009774873798259053,0.07476775545903748,0.0461768342607027,0.046463344198583084,0.052596402473033974,0.05184765569201523,0.012651460710438586,0.08114154498198459,0.043821628188444414,0.10247585864273603,0.0230774981125251,0.09637198462363211,0.07190967716362467,0.008784911612467979,0.11834101199354641,0.00875288102648427,0.05363853058658723,0.05668411433643046,0.0,0.07744356072519076,0.052864019454626966,0.018838019631166898,0.021608433329869982,0.0,0.0638001681948363,0.0,0.0,0.19453814329162597,0.010972182881533309,0.13687078032658428,0.03318847160276291
following primary sources information city issues services events television news,0.07127706759051221,0.0694718067541859,0.017827178853151354,0.010232253421541193,0.009666843092524718,0.01408487217469642,0.7691245023172325,0.5442235948614328,0.30681142271978556,0.022730136755176402,0.18409967041415626,0.010274393897205195,0.05547818466732202,0.08660397284507916,0.039022987539176546,0.04992410588751543,0.07058924758277901,0.07879134657741232,0.08484480918429882,0.10479647659241946,0.0,0.0,0.0,0.010412639457185383,0.04608988808252405,0.031283193187210845,0.028641896776287902,0.03563222654517194,0.03512497673963806,0.01347691046487025,0.048002917988929396,0.029687623293047496,0.08412654410499887,0.024583198962875412,0.05940761439638801,0.04432805227565893,0.009358086781658712,0.10776120807821192,0.009323966346926334,0.033064973750633365,0.038401508631387006,0.0,0.047739363374251914,0.028156577066841652,0.010033556982682325,0.017244642674179977,0.0,0.03932902082846705,0.0,0.0,0.17815080537995892,0.011688067463751403,0.13367962662197058,0.022484030907702457
following primary sources information city issues services events radio,0.07761544837969955,0.07564965301254518,0.01941247762859175,0.011142166254793416,0.010526476276394688,0.01533738278193889,0.8375196276328221,0.44275920137520286,0.33409491926937124,0.0247514357088919,0.20047090808841964,0.011188054112194984,0.06041163481898271,0.0943053132102883,0.04249314369060522,0.05436365431973662,0.07686646332588898,0.08579794174725835,0.09238971425370449,0.11411560259552582,0.0,0.0,0.0,0.011338593289620306,0.05018847506251019,0.034065080790407466,0.031188904592822645,0.0388008560615741,0.038248498586331,0.014675357500863379,0.0522716229664398,0.03232762333118501,0.09160757677148339,0.02676928322967262,0.06469049281087033,0.048269966336718435,0.0101902635179574,0.11734397563855242,0.010153108891228394,0.03600530787913637,0.04181639918192635,0.0,0.051984631507865066,0.030660427368246278,0.010925800546792075,0.018778138867799648,0.0,0.04282639128019263,0.0,0.0,0.19399303459294764,0.012727439940472497,0.1455672141158088,0.024483444665681548
following primary sources information city issues services events ,0.09267299036211608,0.09032582702134696,0.0231785345538223,0.013303767323382978,0.012568632338977988,0.01831286369405897,1.0000000000000002,0.528655313579485,0.3989099577447064,0.02955326047563772,0.2393626387658921,0.01335855751084553,0.07213160483143669,0.11260072014889283,0.05073689294985061,0.06491030481684457,0.09177870080865508,0.10244290272904882,0.11031349141611901,0.13625424268331943,0.0,0.0,0.0,0.013538301569920072,0.0599251329838844,0.040673770102187964,0.03723961034916332,0.04632829462306624,0.04566877876574324,0.01752240427169693,0.06241241547279448,0.0385992426500574,0.10937961780120238,0.03196257418507758,0.07724056926726902,0.05763442998124044,0.012167193677310366,0.1401089261277556,0.012122830983585775,0.04299040487075188,0.04992885874223254,0.0,0.062069747135115164,0.03660860755574812,0.013045426263827301,0.022421132888401033,0.0,0.051134791194372115,0.0,0.0,0.23162804571070472,0.015196587065601704,0.1738075255946445,0.029233278669398982
please define none,0.0,0.0,0.0,0.0,0.0,0.0,0.0,0.0,0.0,0.0,0.0,0.0,0.0,0.0,0.0,0.0,0.0,0.0,0.0,0.0,1.0,0.0,0.0,0.0,0.0,0.0,0.0,0.0,0.0,0.0,0.0,0.0,0.0,0.0,0.0,0.0,0.0,0.0,0.0,0.0,0.0,0.0,0.0,0.0,0.0,0.0,0.0,0.0,0.0,0.0,0.0,0.0,0.0,0.0
called emailed used online customer service system opcares visited city question problem complaint past year none,0.01579294224048713,0.09283867213059312,0.08318088841712916,0.0,0.0,0.0,0.012938016441293028,0.010896041621621652,0.2160605987681795,0.19693711175467402,0.0,0.0,0.029395005466743316,0.20414556980668044,0.0,0.01106174183847101,0.015640541166464444,0.02202998889014845,0.018799162425575798,0.03628619216157889,0.0,0.0,0.0,0.0,0.02220697130203175,0.011850249925008728,0.013800202304851173,0.013497688276829803,0.013305539191088584,0.0,0.025434250330388885,0.01124583905475315,0.2508233614648841,0.0,0.02862370126958462,0.021358085812618277,0.0,0.012111353814411772,0.0,0.015931323631509602,0.014546707941737735,0.0,0.023001719390836506,0.01863362906744777,0.006640067739717431,0.003820915406842803,0.0,0.018949458833811675,0.0,0.0,0.019244776523865754,0.0,0.06271977180891473,0.06659271329648905
easy contact person needed reach none,0.0,0.0,0.0,0.0,0.0,0.0,0.0,0.0,0.0,0.0,0.0,0.0,0.0,0.0,0.0,0.0,0.0,0.0,0.0,0.0,0.0,0.0,0.0,0.0,0.0,0.0,0.0,0.0,0.0,0.0,0.0,0.0,0.0,0.0,0.0,0.0,0.0,0.0,0.0,0.0,0.0,0.0,0.0,0.0,0.0,0.0,0.0,0.0,0.0,0.0,0.0,0.0,0.0,0.0
item please rate often employees contacted past year displayed behavior described 1 courteous polite,0.0,0.0,0.0,0.0,0.0,0.0,0.0,0.0,0.13663925616650854,0.10368096971139845,0.0,0.0,0.011781796263506296,0.09509392436024096,0.011358663969283884,0.013300952313938246,0.01880663057022553,0.013244741921447522,0.011302323206230496,0.014543849080410677,0.0,0.0,0.0,0.0,0.0,0.0,0.0,0.01623000344250775,0.015998957928706096,0.014355795166027162,0.0,0.013522316031393799,0.11210927816728466,0.009846088220709556,0.017208975367290952,0.012840784257079697,0.0,0.0,0.0,0.00957813782923705,0.017491374458309047,0.0,0.013828960087102962,0.0,0.0,0.0,0.0,0.20850309423729457,0.0,0.0,0.0,0.012450294363362993,0.009645563041833918,0.010241175879673077
item please rate often employees contacted past year displayed behavior described 2 gave prompt accurate complete answers questions,0.0,0.0,0.0,0.0,0.0,0.0,0.0,0.0,0.1103553406522916,0.17769223329554923,0.0,0.0,0.009515450951889916,0.07680166528387353,0.009173712349236827,0.010742382275675177,0.015188988738126205,0.010696984509428895,0.009128209290498056,0.011746195527501968,0.0,0.0,0.0,0.0,0.0,0.0,0.0,0.013108001382144631,0.012921399763421718,0.011594315647846444,0.0,0.010921164487560876,0.09054394710226524,0.007952095541012219,0.013898658352033494,0.010370732106487741,0.0,0.0,0.0,0.007735688063699625,0.01412673517829507,0.0,0.011168822519199659,0.0,0.0,0.0,0.0,0.1683954570388924,0.0,0.0,0.0,0.010055356814998511,0.007790143368225092,0.00827118417202251
item please rate often employees contacted past year displayed behavior described 3 said would timely manner,0.0,0.0,0.0,0.0,0.0,0.0,0.0,0.0,0.12738945196639723,0.09666227906557529,0.0,0.0,0.010984226724411073,0.088656534362446,0.010589738401051117,0.012400543397564898,0.017533514371272946,0.012348138171606382,0.010537211629974483,0.013559302178707464,0.0,0.0,0.0,0.0,0.0,0.0,0.0,0.015131312200897156,0.014915907329645366,0.013383978587482267,0.0,0.012606921882365367,0.10452003257889005,0.009179556575750931,0.016044012551348776,0.011971526450164237,0.0,0.0,0.0,0.00892974510515665,0.016307294615741496,0.0,0.012892807646833678,0.0,0.0,0.0,0.0,0.19438846238902013,0.0,0.0,0.0,0.011607470797677594,0.008992605963173661,0.009547898747437798
item please rate often employees contacted past year displayed behavior described 4 helped resolve issue satisfaction,0.0,0.0,0.0,0.0,0.0,0.0,0.0,0.0,0.13398026527846943,0.10166334489800136,0.0,0.0,0.029626228904470895,0.0932434028814528,0.028562230348975898,0.03344626312379585,0.04729071270067154,0.033304917787524965,0.02842055718594197,0.03657162221884275,0.0,0.0,0.0,0.0,0.11139576714938443,0.0,0.0,0.040811586480870604,0.04023060484393286,0.01407643234155082,0.0,0.013259172655753302,0.10992763902876221,0.009654483995128934,0.016874089844799853,0.012590903444692634,0.0,0.0,0.0,0.0240849610247037,0.043983400490534424,0.0,0.013559849438418996,0.0,0.0,0.0,0.0,0.3358048149025302,0.0,0.0,0.0,0.03130721856730388,0.024254506884914744,0.025752220975161028
please rate safe feel following situations 1 neighborhood day,0.0,0.0,0.0,0.012276511560907378,0.011598140320979498,0.01689882853395151,0.01752240427169693,0.0,0.015368126188926702,0.011661233166941155,0.014993363623484324,0.012327071101934983,0.03264639069712787,0.03330382827217519,0.031473925829733705,0.021874546939088985,0.03092910292922461,0.03670009307405239,0.018587631446235976,0.0402998124139899,0.0,0.0,0.0,0.01249293615095419,0.015037835612971425,0.01604920436210986,0.009345046240822335,0.04497200779485837,0.044331799634431165,1.0000000000000002,0.011482162371614025,0.037469228156517057,0.011219358400574803,0.016192729202150744,0.047684658669410185,0.03558075953262121,0.011227698907569047,0.0,0.011186761697142517,0.026540233995792674,0.04846716337851359,0.0,0.20633514587908347,0.0,0.04850242472145241,0.0,0.0,0.03156819126744129,0.0,0.0,0.013031934064227263,0.17829313631638688,0.026727063727358516,0.028377458028315088
please rate safe feel following situations 2 neighborhood night,0.0,0.0,0.0,0.01166384256618117,0.011019325978167703,0.016055479164011975,0.016647934862609085,0.0,0.014601167727129,0.011079270125875954,0.014245107983175563,0.011711878893425974,0.031017146813748182,0.031641774447942105,0.029903194730551252,0.02078288041665936,0.029385561646717902,0.0348685459754745,0.017660001034615617,0.03828861848183439,0.0,0.0,0.0,0.011869466316318357,0.014287360562942131,0.015248256156758065,0.008878674335608948,0.0427276442661966,0.042119386199093424,0.7081691423421155,0.010909135999863522,0.03559929676485684,0.010659447468332325,0.015384618276426001,0.04530491815876869,0.03380507365750159,0.010667371735744967,0.0,0.010628477529101269,0.025215722679908834,0.04604837135302471,0.0,0.19603782764049094,0.0,0.046081872950825525,0.0,0.0,0.029992755777221426,0.0,0.0,0.012381565113499193,0.1693952766881368,0.025393228526325744,0.026961258597651423
please rate safe feel following situations 3 city parks recreation facilities,0.028740569149064976,0.041972552095364275,0.021470023868360444,0.012323134636009314,0.01164218711428434,0.016963005995762566,0.0411340215384233,0.01982901177682315,0.05672717339871008,0.027374862993449267,0.015050304613176729,0.012373886189341614,0.08626447060120832,0.08800167655732613,0.0315934558118815,0.04208817995846928,0.1986455708389785,0.0769304435924535,0.052869620239863045,0.10648778958363346,0.0,0.0,0.0,0.012540381151720072,0.055507997388320796,0.03767566982642452,0.034494645085883145,0.4244541326051441,0.06871406341174731,0.5817663963274293,0.18928894769806012,0.3536415098277418,0.041413148329707335,0.016254225077909232,0.0999562027428776,0.07458410551378811,0.011270338858404626,0.022040680988468977,0.011229246178842852,0.055633427692514476,0.07512385613130168,0.0,0.24897811768716038,0.03391015407743877,0.0903049574625296,0.04094370017662572,0.0,0.06617299178820628,0.0,0.0,0.048103768429142914,0.03462976155272467,0.04142681251191866,0.04398491526401713
please rate safe feel following situations 4 commercial retail areas day,0.0,0.0,0.0,0.010665156296078351,0.010075824769390118,0.014680770399722608,0.015222498615633295,0.0,0.013350980607934508,0.010130636354913174,0.013025407556132908,0.010709079637382771,0.028361384059330655,0.028932529572289083,0.027342811234275198,0.019003400180404598,0.02686949914078805,0.24128838063869987,0.01614790924640773,0.03501025482405634,0.0,0.0,0.0,0.010853174045885556,0.013064042368337038,0.16434019004263362,0.09569114085179775,0.03906920053803688,0.03851302299044075,0.7247052836426535,0.11712838135568264,0.10361849341043478,0.009746759923631425,0.014067350235790064,0.041425802037595966,0.030910601897444667,0.009754005696198073,0.0,0.009718441705127949,0.023056691821231004,0.042105598980204655,0.0,0.1792525970636485,0.0,0.042136232090578596,0.0,0.0,0.08729959435408796,0.0,0.0,0.011321425711661899,0.2029113119516233,0.02321899918990152,0.024652770752982087
please rate safe feel following situations 5 commercial retail areas night,0.0,0.0,0.0,0.010256054404448397,0.009689328888930761,0.014117634635521946,0.014638582842989637,0.0,0.012838853896408563,0.00974203797143387,0.012525769414643647,0.010298292901994742,0.027273477277112924,0.027822714371360864,0.026293975615941503,0.01827445381099572,0.025838819175067546,0.23203286386920652,0.015528495893693586,0.03366730577789611,0.0,0.0,0.0,0.010436860031435196,0.012562922244369818,0.15803630843501107,0.09202054984985493,0.037570555473598576,0.03703571219251361,0.48418101300126815,0.1126354849511748,0.09964381920170871,0.009372886554003748,0.013527744492384414,0.03983676072348974,0.029724910346696838,0.00937985438790911,0.0,0.00934565458650642,0.02217226631663123,0.040490481516117616,0.0,0.1723766944043236,0.0,0.04051993957916429,0.0,0.0,0.08395089245068335,0.0,0.0,0.010887150156197983,0.19512789094512115,0.022328347780148063,0.02370712168146561
please rate safe feel following situations 6 biking city streets,0.028894085833967936,0.04219674692676018,0.021584705205113488,0.012388958202937336,0.011704373425262912,0.017053613263591956,0.04135373738992762,0.0199349277083098,0.05703017949294982,0.027521084809538937,0.01513069525746116,0.012439980843810766,0.08672524907371942,0.08847173425106608,0.031762211085157845,0.27166164447641034,0.059827657285545115,0.0773413647056428,0.05315202135687664,0.24551623496163608,0.0,0.0,0.0,0.012607365132859994,0.05580449129908714,0.03787691302043549,0.03467889695414029,0.07007871685655791,0.22139359833187863,0.5848738799715042,0.05812074037688364,0.058387329353672565,0.04163435512662207,0.016341046418735336,0.10049011509516913,0.07498249374909213,0.011330538955706163,0.022158410469078915,0.011289226781119521,0.05593059158460188,0.07552512742452447,0.0,0.2503080250749532,0.0340912839086372,0.12993099445471784,0.006990581998496635,0.0,0.06652645237128477,0.0,0.0,0.04836071292534548,0.03481473514058165,0.041648092295556244,0.04421985905869453
please rate safe feel following situations 7 targeted extremist violence,0.0,0.0,0.0,0.00914868477854731,0.008643149911729351,0.012593321369577744,0.013058021608882638,0.0,0.011452613508477498,0.008690167874170953,0.011173333473508133,0.009186362689011919,0.024328697624200906,0.02481863233454919,0.023454954995238836,0.016301319281653546,0.02304894283517509,0.027349592041033877,0.013851848714331157,0.030032169853871,0.0,0.0,0.0,0.009309968408904457,0.011206474827326259,0.011960165632310713,0.006964102291930966,0.03351397676223277,0.033036881732154924,0.43190288282646433,0.008556720986481093,0.02792276581166738,0.008360874578675436,0.012067123012907882,0.03553549465372824,0.026515443864509693,0.008367090079634732,0.0,0.008336582908925262,0.01977827606578216,0.03611863171883004,0.0,0.15376478888305525,0.0,0.03614490912750718,0.0,0.0,0.02352520335291111,0.0,0.0,0.00971163968012555,0.02570910582088163,0.01991750505708611,0.021147409590214467
please rate safe feel following situations 8 racismand hatebased crimes,0.0,0.0,0.0,0.00914868477854731,0.008643149911729351,0.012593321369577744,0.013058021608882638,0.0,0.011452613508477498,0.008690167874170953,0.011173333473508133,0.009186362689011919,0.024328697624200906,0.02481863233454919,0.023454954995238836,0.016301319281653546,0.02304894283517509,0.027349592041033877,0.013851848714331157,0.030032169853871,0.0,0.0,0.0,0.009309968408904457,0.011206474827326259,0.011960165632310713,0.006964102291930966,0.03351397676223277,0.033036881732154924,0.43190288282646433,0.008556720986481093,0.02792276581166738,0.008360874578675436,0.012067123012907882,0.03553549465372824,0.026515443864509693,0.008367090079634732,0.0,0.008336582908925262,0.01977827606578216,0.03611863171883004,0.0,0.15376478888305525,0.0,0.03614490912750718,0.0,0.0,0.02352520335291111,0.0,0.0,0.00971163968012555,0.02570910582088163,0.01991750505708611,0.021147409590214467
please rate city [city name] regard following 1 place live,0.06864468296161337,0.10024827680804005,0.051279533609021176,0.014716439082934038,0.013903243169870017,0.020257430578631223,0.07724056926726902,0.04736009992712361,0.11706607281728962,0.051403921186077305,0.017973259041754824,0.014777047212686724,0.1669014021257445,0.1702624858701476,0.03772929385323085,0.07430238404119607,0.10505845402403743,0.13974841611123096,0.10399322359552139,0.20602875398079276,0.0,0.0,0.0,0.014975877546350224,0.11455009786105161,0.07074655178561583,0.17623417818703616,0.11257835331635016,0.1109757212788981,0.047684658669410185,0.12431524607389774,0.09379665735932698,0.08546300383916142,0.019410995681275228,1.0000000000000002,0.1354861629011491,0.013459177405161206,0.052642505124528276,0.013410104021368233,0.10106120593889636,0.12132777055356184,0.0,0.14591264066146922,0.08099184688209192,0.02886133171993925,0.016607768377286107,0.0,0.12020690847349359,0.2560537094024734,0.0,0.24576359825423758,0.041355287546565325,0.0669058147710981,0.07103724411647908
please rate city [city name] regard following 2 place raise children,0.05256858178553658,0.07677083658743879,0.03927022808099286,0.011269952720966028,0.010647201562111155,0.015513283042375006,0.059151372072888106,0.036268698156598896,0.08965002324577173,0.03936548496376172,0.013764048388386888,0.01131636685368996,0.12781426949956617,0.1303882111084814,0.02889335902014767,0.05690128912845606,0.0804545041851679,0.10702032152804308,0.07963874321890047,0.15777827118624868,0.0,0.0,0.0,0.011468632523887318,0.08772327190027684,0.05417820773775827,0.05451436319713382,0.08621329603781586,0.0849859891336521,0.03651724752782469,0.09520149119312363,0.07183014096461118,0.06544817039171,0.014865077235194377,0.5989478067754118,0.10375625799394311,0.01030713287123664,0.04031400126914144,0.010269552128226195,0.07739338344259962,0.09291366139411518,0.0,0.11174092811303991,0.06202412689652601,0.022102211147330336,0.012718346018217135,0.0,0.092055297317187,0.10668078797733681,0.0,0.07602183749878051,0.031670170534136094,0.05123694427562941,0.05440082197254115
please rate city [city name] regard following 3 place work,0.06808156947009257,0.09942590929555715,0.05085887178980523,0.014595715597338245,0.013789190580986675,0.02009125263199037,0.07660694107101865,0.04697159043042085,0.11610574374067874,0.0509822389772289,0.017825818858242432,0.014655826539922355,0.16553225848291783,0.16886577022143573,0.0374197888270923,0.07369285868394218,0.10419662714529236,0.13860201678158582,0.10314013513029935,0.2043386366111389,0.0,0.0,0.0,0.01485302580707671,0.11361040810246306,0.07016619601630836,0.18273122763955676,0.1116548383859792,0.11006535323308245,0.04729348671731122,0.12329544979477315,0.09302721446965515,0.08476192447785622,0.019251761300979664,0.7756972954358647,0.13437472814826829,0.013348767624612633,0.05221066242988502,0.01330009680491197,0.10023216971819769,0.1203324814569095,0.0,0.1447156742979441,0.08032744579937445,0.08257658303926889,0.016471529734556387,0.0,0.11922081415394838,0.13816228688523555,0.0,0.09845588058723932,0.0410160373765818,0.06635696575128595,0.07045450370838635
please rate city [city name] regard following 4 place retire,0.060137246482121764,0.0878240684013989,0.04492423621299909,0.012892566274425598,0.012180153295702508,0.01774683840382594,0.0676678069158349,0.0414905551290554,0.10255756122647108,0.045033207892348555,0.015745754258716,0.012945662972968092,0.14621657970888113,0.1491611096107419,0.03305333707079616,0.06509376386505286,0.09203809926847835,0.12242878228262544,0.09110488751665559,0.18049470732461453,0.0,0.0,0.0,0.013119851391761297,0.10035340207592564,0.0619786214887309,0.0623631755898716,0.09862602447625346,0.09722201365271604,0.04177488988363107,0.10890831266293749,0.08217202643315104,0.0748711991262633,0.01700530589384506,0.6851824923283217,0.11869476879745508,0.011791122547880435,0.04611828869368426,0.011748131043665606,0.08853624766140279,0.10629108808013607,0.0,0.12782904746202942,0.07095417225124803,0.025284420359474157,0.014549494838243306,0.0,0.10530913935121236,0.12204036372282723,0.0,0.08696723069949386,0.036229945470322364,0.05861388384919336,0.062233287044712274
please rate city [city name] regard following 5 place visit,0.05871104890458061,0.0857412581476717,0.04385882599540767,0.012586809894403425,0.011891292296228992,0.017325959507282586,0.06606301674092097,0.04050657710083808,0.10012533571007323,0.04396521333386692,0.01537233249609813,0.012638647366970894,0.14274894951335573,0.1456236477940717,0.03226945367044734,0.06355001895207328,0.08985535027518649,0.11952529662395461,0.08894427030387646,0.17621414694974108,0.0,0.0,0.0,0.012808704783507579,0.09797344976165984,0.06050875439308914,0.06088418852017777,0.09628703815049336,0.09491632444234624,0.04078416865445414,0.10632547455876601,0.0802232583751481,0.0730955753811152,0.016602012968247634,0.6689329021342848,0.11587983792468783,0.011511487689319403,0.04502456067215221,0.011469515759208024,0.08643654756993259,0.10377031931864694,0.0,0.12479749067327721,0.06927144358472599,0.02468478234517074,0.014204443218712986,0.0,0.10281165820231583,0.11914608968659442,0.0,0.08490474096135868,0.03537072654217301,0.057223813900100326,0.06075738037426007
different housing types already offered [city name] help meet needs future generations community accessory dwelling units smaller independent residential dwelling units located lot singlefamily home also known granny flats carriage houses,0.009003378267434217,0.01314847877243403,0.006725780039188231,0.0,0.0,0.0,0.007375817265551605,0.006211710449093692,0.012938006534474725,0.004908637170829183,0.0,0.030099174253749906,0.04915984695264273,0.017095231249993407,0.0,0.006306174274046212,0.008916496133826973,0.01255904822452272,0.010717190492502832,0.020686348936170378,0.0,0.0,0.0,0.0,0.012659943901629878,0.049025194743594805,0.032479802202260474,0.007694879867328802,0.0075853378404964105,0.0,0.014499779280269279,0.0064111260209044115,0.009445272020465386,0.0,0.016318049291881555,0.012176003857365537,0.0,0.00690454622460001,0.0,0.009082267937869091,0.008292914148042532,0.0,0.05114518007639716,0.32049463252199006,0.10827645442156818,0.0021782607833188633,0.0,0.010802872779880245,0.05071862550890759,0.0,0.010971230064554248,0.0,0.00457310123947764,0.004855489918620333
different housing types already offered [city name] help meet needs future generations community cottage court neighborhoods,0.015975099398799684,0.023329937840376982,0.011933854323229997,0.0,0.0,0.0,0.013087244639133529,0.011021717505723958,0.02295648747294663,0.008709615922755853,0.0,0.05340631996599163,0.08722652966152133,0.030332838447088676,0.0,0.011189328923169976,0.01582094051764106,0.022284084682609395,0.019015993586859986,0.036704720232503596,0.0,0.0,0.0,0.0,0.02246310842490023,0.08698761018486344,0.0576303753127026,0.013653371777906174,0.01345900642803266,0.0,0.025727611167998758,0.011375549532627408,0.01675917137919347,0.0,0.028953849509491945,0.021604431817015626,0.0,0.01225104721419483,0.0,0.01611507689272484,0.014714490926131644,0.0,0.09074919560419586,0.5686680553942389,0.15650572559786477,0.003864986174788679,0.0,0.019168023526835037,0.08999234063129027,0.0,0.019466747436604263,0.0,0.008114259413677702,0.008615314360432245
different housing types already offered [city name] help meet needs future generations community duplexes,0.01801727027404823,0.026312311745515665,0.013459414141041862,0.0,0.0,0.0,0.014760247677931479,0.012430674653564787,0.025891121489607725,0.00982300642681678,0.0,0.060233496966026305,0.09837710055794698,0.03421042554021926,0.0,0.012619712614065248,0.017843404549795615,0.025132762339276523,0.02144689603682637,0.04139685445788419,0.0,0.0,0.0,0.0,0.0253346715149132,0.09810763889907285,0.06499753285302358,0.015398745468405745,0.015179533496501259,0.0,0.029016490748989286,0.01282973866569937,0.018901573803710436,0.0,0.03265515406594789,0.024366226303021602,0.0,0.013817155266956201,0.0,0.01817514173871799,0.01659551238730095,0.0,0.1023500851879594,0.6413635242247866,0.17651257667571255,0.004359065241363049,0.0,0.021618360667492995,0.10149647794178963,0.0,0.02195527183688684,0.0,0.009151542740382325,0.009716649859434351
different housing types already offered [city name] help meet needs future generations community triplexes,0.01786029253299198,0.026083062408798534,0.01334214729674944,0.0,0.0,0.0,0.014631647157282697,0.012322370831884737,0.025665541826149732,0.009737422243652044,0.0,0.05970870502219536,0.0975199776540688,0.033912362890317634,0.0,0.0125097617752976,0.017687941635803908,0.024913789975621308,0.021260037248490463,0.041036179139104456,0.0,0.0,0.0,0.0,0.025113939992084153,0.09725286371390389,0.06443123364530211,0.015264581955178535,0.01504727989524399,0.0,0.028763680911434886,0.012717957948451408,0.018736891456552208,0.0,0.032370641915042325,0.024153932481319706,0.0,0.013696771557957042,0.0,0.018016788522602304,0.016450921891259945,0.0,0.10145834715409849,0.6357755635793997,0.17497468857540008,0.00432108633533023,0.0,0.021430007971923435,0.10061217706878686,0.0,0.02176398376023548,0.0,0.009071808769324891,0.009631992321285216
different housing types already offered [city name] help meet needs future generations community fourplexes,0.01801727027404823,0.026312311745515665,0.013459414141041862,0.0,0.0,0.0,0.014760247677931479,0.012430674653564787,0.025891121489607725,0.00982300642681678,0.0,0.060233496966026305,0.09837710055794698,0.03421042554021926,0.0,0.012619712614065248,0.017843404549795615,0.025132762339276523,0.02144689603682637,0.04139685445788419,0.0,0.0,0.0,0.0,0.0253346715149132,0.09810763889907285,0.06499753285302358,0.015398745468405745,0.015179533496501259,0.0,0.029016490748989286,0.01282973866569937,0.018901573803710436,0.0,0.03265515406594789,0.024366226303021602,0.0,0.013817155266956201,0.0,0.01817514173871799,0.01659551238730095,0.0,0.1023500851879594,0.7303559085557845,0.17651257667571255,0.004359065241363049,0.0,0.021618360667492995,0.10149647794178963,0.0,0.02195527183688684,0.0,0.009151542740382325,0.009716649859434351
different housing types already offered [city name] help meet needs future generations community small format apartment buildings,0.015122472760702211,0.022084767092371605,0.011296917936347477,0.0,0.0,0.0,0.012388749242011806,0.010433463892499394,0.02173124860288014,0.00824476432102513,0.0,0.05055590571134337,0.0825710554837644,0.028713907295333952,0.0,0.010592129515256054,0.0149765416824069,0.021094733447183576,0.01800106765261098,0.03474570755703322,0.0,0.0,0.0,0.0,0.021264202293588098,0.08234488767174866,0.05455451381547416,0.012924660914387808,0.01274066927616943,0.0,0.02435447125388355,0.010768411115996076,0.015864697073048325,0.0,0.027408518068918048,0.020451355168895857,0.0,0.011597181536201165,0.0,0.015254979343988546,0.01392914577011928,0.0,0.08590570889863777,0.5383169746178248,0.14815266641943242,0.003658703253710211,0.0,0.01814498341605572,0.08518924896146662,0.0,0.018427763765378306,0.0,0.007681183314942779,0.008155495843131492
different housing types already offered [city name] help meet needs future generations community housing incentives programs incentivize building housing,0.012809522368573741,0.01870694843039275,0.009569078105905307,0.0,0.0,0.0,0.010493916110504684,0.008837687541417104,0.018407499850090922,0.0069837449645295995,0.0,0.04282348629886947,0.06994198627122603,0.024322175586557557,0.0,0.008972085590994463,0.012685911141674954,0.01786833834827495,0.015247842228126609,0.029431424688714177,0.0,0.0,0.0,0.0,0.018011887291172455,0.0697504103502169,0.04621051570626416,0.01094786122011131,0.010792010715852946,0.0,0.02062950611569964,0.00912140529178541,0.013438225033934359,0.0,0.023216442895874687,0.017323363424028612,0.0,0.009823417019894906,0.0,0.01292176234873098,0.011798712230524264,0.0,0.07276661146217117,0.6572368593515544,0.12549302779338853,0.0030991122887100006,0.0,0.01536974637834114,0.07215973256500895,0.0,0.015609276068184835,0.0,0.006506362487592676,0.006908129912515184
support citys transportation network better accommodate multimodal transportation none,0.0,0.0,0.0,0.0,0.0,0.0,0.0,0.0,0.0,0.0,0.0,0.0,0.0,0.0,0.0,0.0,0.0,0.0,0.0,0.0,0.0,0.0,0.0,0.0,0.0,0.0,0.0,0.0,0.0,0.0,0.0,0.0,0.0,0.0,0.0,0.0,0.0,0.0,0.0,0.0,0.0,0.0,0.0,0.06904488782659166,0.6301398813575454,0.0,0.0,0.0,0.0,0.0,0.0,0.0,0.0,0.0
support citys transportation network better accommodate multimodal transportation none,0.0,0.0,0.0,0.0,0.0,0.0,0.0,0.0,0.0,0.0,0.0,0.0,0.0,0.0,0.0,0.0,0.0,0.0,0.0,0.0,0.0,0.0,0.0,0.0,0.0,0.0,0.0,0.0,0.0,0.0,0.0,0.0,0.0,0.0,0.0,0.0,0.0,0.0,0.0,0.0,0.0,0.0,0.0,0.06904488782659166,0.6301398813575454,0.0,0.0,0.0,0.0,0.0,0.0,0.0,0.0,0.0
support citys transportation network better accommodate multimodal transportation providing electric vehicle charging infrastructure public property,0.0,0.0,0.0,0.0,0.0,0.0,0.0,0.0,0.0,0.0,0.0,0.0,0.0,0.0,0.0,0.0,0.0,0.048585458687200905,0.0,0.0,0.0,0.0,0.0,0.0,0.0,0.0,0.0,0.0,0.0,0.0,0.0,0.0,0.0,0.0,0.0,0.0,0.0,0.0,0.0,0.0,0.0,0.0,0.0,0.050689672305103566,0.6494235756577197,0.0,0.0,0.0,0.0,0.0,0.0,0.0799233355401376,0.0,0.0
support citys transportation network better accommodate multimodal transportation facilitating electric vehicle charging infrastructure private property,0.0,0.0,0.0,0.0,0.0,0.0,0.0,0.0,0.0,0.0,0.0,0.0,0.0,0.0,0.0,0.0,0.0,0.0,0.0,0.0,0.0,0.0,0.0,0.0,0.0,0.0,0.0,0.0,0.0,0.0,0.0,0.0,0.0,0.0,0.0,0.0,0.0,0.0,0.0,0.0,0.0,0.0,0.0,0.11773867225414252,0.5746524081549638,0.0,0.0,0.0,0.0,0.0,0.0,0.07845313893363011,0.0,0.0
support citys transportation network better accommodate multimodal transportation none,0.0,0.0,0.0,0.0,0.0,0.0,0.0,0.0,0.0,0.0,0.0,0.0,0.0,0.0,0.0,0.0,0.0,0.0,0.0,0.0,0.0,0.0,0.0,0.0,0.0,0.0,0.0,0.0,0.0,0.0,0.0,0.0,0.0,0.0,0.0,0.0,0.0,0.0,0.0,0.0,0.0,0.0,0.0,0.06904488782659166,0.6301398813575454,0.0,0.0,0.0,0.0,0.0,0.0,0.0,0.0,0.0
increases tax [city name] would require community approval future election none,0.019047717976262944,0.027817171292257192,0.014229187928293629,0.0,0.0,0.0,0.015604419024228718,0.013141612544761023,0.027371892230176394,0.010384805980655599,0.0,0.06367838443238127,0.10400350542830614,0.03616699575610168,0.0,0.013341462006064115,0.018863908485095313,0.026570160835769026,0.02267349165340087,0.043764432504181605,0.0,0.0,0.0,0.0,0.026783617645588138,0.01429247413703167,0.016644293223861687,0.01627943392140427,0.01604768472997035,0.0,0.03067600829875363,0.01356349991404605,0.019982596788769926,0.0,0.034522774852055065,0.025759784901171603,0.0,0.014607389063719904,0.0,0.019214618460619913,0.017544646598336336,0.0,0.1082037138730619,0.11464679003613938,0.05047252223460229,0.004608369863730649,0.0,0.022854762727107646,0.10730128693267482,0.0,0.023210942594537976,0.0,0.009674939794714678,0.010272366644973217
approximately many years lived city [city name] none,0.06160784703866163,0.19904966245546635,0.15761507473733438,0.0,0.0,0.0,0.050470857536314535,0.04250516815231838,0.0885315160470622,0.03358856631433237,0.0,0.0,0.11466913339638007,0.11697835641868273,0.0,0.043151560284859565,0.06101333450806759,0.08593839989665011,0.07333503191069132,0.1415514691477198,0.0,0.0,0.0,0.08725139481760398,0.08662880357151999,0.046227509328706964,0.05383422162592753,0.05265412246000953,0.05190455399438089,0.0,0.0992183331032872,0.04386971862218809,0.06463161455518991,0.0,0.1116602962667785,0.08331732388719286,0.0,0.04724606864682463,0.0,0.06214766915928294,0.0567463202324116,0.0,0.08972909469801002,0.07268929068957779,0.025902727395920942,0.014905289232867868,0.0,0.07392133419610832,0.0,0.0,0.07507336063928877,0.0,0.03129257855055582,0.0332248930699846
approximately many years lived current residence none,0.0,0.08823657256467185,0.09027048508851847,0.0,0.0,0.0,0.0,0.0,0.0,0.0,0.0,0.0,0.0,0.0,0.0,0.0,0.0,0.0,0.0,0.0,0.0,0.0,0.0,0.07058039576246095,0.0,0.0,0.0,0.0,0.0,0.0,0.0,0.0,0.0,0.0,0.0,0.0,0.0,0.0,0.0,0.0,0.0,0.0,0.0,0.0,0.0,0.0,0.0,0.0,0.0,0.5255763517573571,0.0,0.0,0.0,0.0
rent current residence none,0.0,0.0,0.0,0.0,0.0,0.0,0.0,0.0,0.0,0.0,0.0,0.0,0.0,0.0,0.0,0.0,0.0,0.0,0.0,0.0,0.0,0.0,0.0,0.0,0.0,0.0,0.0,0.0,0.0,0.0,0.0,0.0,0.0,0.0,0.0,0.0,0.0,0.0,0.0,0.0,0.0,0.0,0.0,0.0,0.0,0.0,0.0,0.0,0.0,1.0000000000000004,0.0,0.0,0.0,0.0
live east west antioch none,0.0,0.0,0.0,0.0,0.0,0.0,0.0,0.0,0.0,0.0,0.0,0.0,0.0,0.0,0.0,0.0,0.0,0.0,0.0,0.0,0.0,0.0,0.0,0.0,0.0,0.0,0.07479473502258321,0.0,0.0,0.0,0.0,0.0,0.0,0.0,0.15513556283675425,0.0,0.0,0.0,0.0,0.0,0.0,0.0,0.0,0.0,0.0,0.0,0.0,0.0,0.08312513676125309,0.0,0.10430339562235078,0.0,0.0,0.0
following best describes location home none,0.0,0.0,0.0,0.20212486895304285,0.19095592268588346,0.2782283457266122,0.018601474736822696,0.0,0.016314531192353248,0.012379359064636393,0.015916689875300462,0.013086200850418707,0.014087436407775055,0.014371131169517149,0.013581499184484433,0.0,0.0,0.015836673405542005,0.0,0.017390009508073824,0.0,0.0,0.0,0.013262280255459955,0.015963900553476445,0.017037551745687447,0.009920535953155597,0.019406136066238047,0.019129876070717304,0.01716515435858217,0.012189260672673098,0.016168567416850365,0.011910272621020906,0.0,0.020576688028513805,0.015353663193776429,0.011919126755861086,0.0,0.011875668536672802,0.011452532751073526,0.020914351246189154,0.0,0.016535220220719127,0.0,0.06776115064657028,0.0,0.0,0.013622176218937538,0.0,0.0,0.013834470915570678,0.014886756329782178,0.011533152749373887,0.01224532411858211
counting many people regularly live household none,0.0,0.0,0.0,0.0,0.0,0.0,0.0,0.0,0.0,0.06768959256659705,0.0,0.0,0.0,0.0,0.0,0.0,0.0,0.0,0.0,0.0,0.0,0.41269468885926763,0.0,0.07251735266008917,0.0,0.0,0.08511150766992566,0.0,0.0,0.0,0.0,0.0,0.06512465603950722,0.0,0.17653410553927273,0.0,0.0,0.0,0.0,0.0,0.0,0.0,0.0,0.0,0.0,0.0,0.0868183538123429,0.0,0.09459095901446597,0.0,0.11869042993240884,0.0,0.0,0.0
ever made code compliance complaint code complaint filed none,0.0,0.0,0.0,0.0,0.0,0.0,0.0,0.0,0.0,0.0,0.0,0.0,0.0,0.0,0.0,0.0,0.0,0.0,0.0,0.0,0.0,0.0,0.0,0.0,0.0,0.0,0.0,0.0,0.0,0.0,0.0,0.0,0.0,0.0,0.0,0.0,0.0,0.0,0.0,0.0,0.0,0.0,0.0,0.0,0.0,0.0,0.0,0.0,0.0,0.0,0.0,0.1705515286162965,0.0,0.0
including many persons household following age groups 5 years,0.0,0.10239780295334962,0.10475814139111644,0.012398969303522711,0.011713831335906384,0.01706739371509799,0.017697189597451687,0.0,0.015521422671562396,0.08216691486700747,0.015142921863578306,0.012450033174076761,0.013402595040323291,0.013672498370967026,0.012921253260079488,0.0,0.0,0.01506679528456944,0.0,0.01654461808647099,0.0,0.08270577373866018,0.4337580815271447,0.7649972610266618,0.015187837459493437,0.01620929457399175,0.009438262726760498,0.018462733421792218,0.01819990342642397,0.016330693961162806,0.011596696510843609,0.015382554724478562,0.07905339455657989,0.0,0.019576380608542186,0.014607265950682832,0.011339694783283755,0.0,0.011298349225717817,0.010895783605025735,0.019897628792776578,0.0,0.015731383205999865,0.0,0.0,0.05847905231504345,0.09028106456857499,0.012959952836385319,0.0,0.0,0.013161927117994987,0.014163057122438646,0.01097248437286558,0.01165003450935048
including many persons household following age groups 59 years,0.0,0.08749351008588356,0.08951029451830868,0.010594263885784263,0.010008849707443243,0.014583185782140103,0.015121313073893274,0.0,0.013262235242296113,0.07020728557933661,0.012938826308649771,0.01063789526404128,0.011451809028283255,0.011682427157782085,0.01104052791980376,0.0,0.0,0.012873780170781456,0.0,0.014136501640325374,0.0,0.07066771200218959,0.3706233531027854,0.6536497233617653,0.012977204311213013,0.013849985423424678,0.008064496612815514,0.015775429806716524,0.015550855468328609,0.01395371478283984,0.009908764190933604,0.013143579921787716,0.0675469470483712,0.0,0.016726982462689177,0.012481136644753029,0.009689169799317686,0.0,0.009653842205818927,0.009309871161730227,0.017001472055597617,0.0,0.013441635420889898,0.0,0.0,0.049967259120492644,0.07714039760202228,0.011073594662176897,0.0,0.0,0.011246171009866267,0.01210158368098556,0.009375407913604169,0.00995433869132057
including many persons household following age groups 1014 years,0.0,0.08749351008588356,0.08951029451830868,0.010594263885784263,0.010008849707443243,0.014583185782140103,0.015121313073893274,0.0,0.013262235242296113,0.07020728557933661,0.012938826308649771,0.01063789526404128,0.011451809028283255,0.011682427157782085,0.01104052791980376,0.0,0.0,0.012873780170781456,0.0,0.014136501640325374,0.0,0.07066771200218959,0.3706233531027854,0.6536497233617653,0.012977204311213013,0.013849985423424678,0.008064496612815514,0.015775429806716524,0.015550855468328609,0.01395371478283984,0.009908764190933604,0.013143579921787716,0.0675469470483712,0.0,0.016726982462689177,0.012481136644753029,0.009689169799317686,0.0,0.009653842205818927,0.009309871161730227,0.017001472055597617,0.0,0.013441635420889898,0.0,0.0,0.049967259120492644,0.07714039760202228,0.011073594662176897,0.0,0.0,0.011246171009866267,0.01210158368098556,0.009375407913604169,0.00995433869132057
including many persons household following age groups 1519 years,0.0,0.08749351008588356,0.08951029451830868,0.010594263885784263,0.010008849707443243,0.014583185782140103,0.015121313073893274,0.0,0.013262235242296113,0.07020728557933661,0.012938826308649771,0.01063789526404128,0.011451809028283255,0.011682427157782085,0.01104052791980376,0.0,0.0,0.012873780170781456,0.0,0.014136501640325374,0.0,0.07066771200218959,0.3706233531027854,0.6536497233617653,0.012977204311213013,0.013849985423424678,0.008064496612815514,0.015775429806716524,0.015550855468328609,0.01395371478283984,0.009908764190933604,0.013143579921787716,0.0675469470483712,0.0,0.016726982462689177,0.012481136644753029,0.009689169799317686,0.0,0.009653842205818927,0.009309871161730227,0.017001472055597617,0.0,0.013441635420889898,0.0,0.0,0.049967259120492644,0.07714039760202228,0.011073594662176897,0.0,0.0,0.011246171009866267,0.01210158368098556,0.009375407913604169,0.00995433869132057
including many persons household following age groups 2024 years,0.0,0.08749351008588356,0.08951029451830868,0.010594263885784263,0.010008849707443243,0.014583185782140103,0.015121313073893274,0.0,0.013262235242296113,0.07020728557933661,0.012938826308649771,0.01063789526404128,0.011451809028283255,0.011682427157782085,0.01104052791980376,0.0,0.0,0.012873780170781456,0.0,0.014136501640325374,0.0,0.07066771200218959,0.3706233531027854,0.6536497233617653,0.012977204311213013,0.013849985423424678,0.008064496612815514,0.015775429806716524,0.015550855468328609,0.01395371478283984,0.009908764190933604,0.013143579921787716,0.0675469470483712,0.0,0.016726982462689177,0.012481136644753029,0.009689169799317686,0.0,0.009653842205818927,0.009309871161730227,0.017001472055597617,0.0,0.013441635420889898,0.0,0.0,0.049967259120492644,0.07714039760202228,0.011073594662176897,0.0,0.0,0.011246171009866267,0.01210158368098556,0.009375407913604169,0.00995433869132057
including many persons household following age groups 2534 years,0.0,0.08749351008588356,0.08951029451830868,0.010594263885784263,0.010008849707443243,0.014583185782140103,0.015121313073893274,0.0,0.013262235242296113,0.07020728557933661,0.012938826308649771,0.01063789526404128,0.011451809028283255,0.011682427157782085,0.01104052791980376,0.0,0.0,0.012873780170781456,0.0,0.014136501640325374,0.0,0.07066771200218959,0.3706233531027854,0.6536497233617653,0.012977204311213013,0.013849985423424678,0.008064496612815514,0.015775429806716524,0.015550855468328609,0.01395371478283984,0.009908764190933604,0.013143579921787716,0.0675469470483712,0.0,0.016726982462689177,0.012481136644753029,0.009689169799317686,0.0,0.009653842205818927,0.009309871161730227,0.017001472055597617,0.0,0.013441635420889898,0.0,0.0,0.049967259120492644,0.07714039760202228,0.011073594662176897,0.0,0.0,0.011246171009866267,0.01210158368098556,0.009375407913604169,0.00995433869132057
including many persons household following age groups 3544 years,0.0,0.08749351008588356,0.08951029451830868,0.010594263885784263,0.010008849707443243,0.014583185782140103,0.015121313073893274,0.0,0.013262235242296113,0.07020728557933661,0.012938826308649771,0.01063789526404128,0.011451809028283255,0.011682427157782085,0.01104052791980376,0.0,0.0,0.012873780170781456,0.0,0.014136501640325374,0.0,0.07066771200218959,0.3706233531027854,0.6536497233617653,0.012977204311213013,0.013849985423424678,0.008064496612815514,0.015775429806716524,0.015550855468328609,0.01395371478283984,0.009908764190933604,0.013143579921787716,0.0675469470483712,0.0,0.016726982462689177,0.012481136644753029,0.009689169799317686,0.0,0.009653842205818927,0.009309871161730227,0.017001472055597617,0.0,0.013441635420889898,0.0,0.0,0.049967259120492644,0.07714039760202228,0.011073594662176897,0.0,0.0,0.011246171009866267,0.01210158368098556,0.009375407913604169,0.00995433869132057
including many persons household following age groups 4554 years,0.0,0.08749351008588356,0.08951029451830868,0.010594263885784263,0.010008849707443243,0.014583185782140103,0.015121313073893274,0.0,0.013262235242296113,0.07020728557933661,0.012938826308649771,0.01063789526404128,0.011451809028283255,0.011682427157782085,0.01104052791980376,0.0,0.0,0.012873780170781456,0.0,0.014136501640325374,0.0,0.07066771200218959,0.3706233531027854,0.6536497233617653,0.012977204311213013,0.013849985423424678,0.008064496612815514,0.015775429806716524,0.015550855468328609,0.01395371478283984,0.009908764190933604,0.013143579921787716,0.0675469470483712,0.0,0.016726982462689177,0.012481136644753029,0.009689169799317686,0.0,0.009653842205818927,0.009309871161730227,0.017001472055597617,0.0,0.013441635420889898,0.0,0.0,0.049967259120492644,0.07714039760202228,0.011073594662176897,0.0,0.0,0.011246171009866267,0.01210158368098556,0.009375407913604169,0.00995433869132057
including many persons household following age groups 5564 years,0.0,0.08749351008588356,0.08951029451830868,0.010594263885784263,0.010008849707443243,0.014583185782140103,0.015121313073893274,0.0,0.013262235242296113,0.07020728557933661,0.012938826308649771,0.01063789526404128,0.011451809028283255,0.011682427157782085,0.01104052791980376,0.0,0.0,0.012873780170781456,0.0,0.014136501640325374,0.0,0.07066771200218959,0.3706233531027854,0.6536497233617653,0.012977204311213013,0.013849985423424678,0.008064496612815514,0.015775429806716524,0.015550855468328609,0.01395371478283984,0.009908764190933604,0.013143579921787716,0.0675469470483712,0.0,0.016726982462689177,0.012481136644753029,0.009689169799317686,0.0,0.009653842205818927,0.009309871161730227,0.017001472055597617,0.0,0.013441635420889898,0.0,0.0,0.049967259120492644,0.07714039760202228,0.011073594662176897,0.0,0.0,0.011246171009866267,0.01210158368098556,0.009375407913604169,0.00995433869132057
including many persons household following age groups 6574 years,0.0,0.08749351008588356,0.08951029451830868,0.010594263885784263,0.010008849707443243,0.014583185782140103,0.015121313073893274,0.0,0.013262235242296113,0.07020728557933661,0.012938826308649771,0.01063789526404128,0.011451809028283255,0.011682427157782085,0.01104052791980376,0.0,0.0,0.012873780170781456,0.0,0.014136501640325374,0.0,0.07066771200218959,0.3706233531027854,0.6536497233617653,0.012977204311213013,0.013849985423424678,0.008064496612815514,0.015775429806716524,0.015550855468328609,0.01395371478283984,0.009908764190933604,0.013143579921787716,0.0675469470483712,0.0,0.016726982462689177,0.012481136644753029,0.009689169799317686,0.0,0.009653842205818927,0.009309871161730227,0.017001472055597617,0.0,0.013441635420889898,0.0,0.0,0.049967259120492644,0.07714039760202228,0.011073594662176897,0.0,0.0,0.011246171009866267,0.01210158368098556,0.009375407913604169,0.00995433869132057
including many persons household following age groups 75 years,0.0,0.08749351008588356,0.08951029451830868,0.010594263885784263,0.010008849707443243,0.014583185782140103,0.015121313073893274,0.0,0.013262235242296113,0.07020728557933661,0.012938826308649771,0.01063789526404128,0.011451809028283255,0.011682427157782085,0.01104052791980376,0.0,0.0,0.012873780170781456,0.0,0.014136501640325374,0.0,0.07066771200218959,0.3706233531027854,0.6536497233617653,0.012977204311213013,0.013849985423424678,0.008064496612815514,0.015775429806716524,0.015550855468328609,0.01395371478283984,0.009908764190933604,0.013143579921787716,0.0675469470483712,0.0,0.016726982462689177,0.012481136644753029,0.009689169799317686,0.0,0.009653842205818927,0.009309871161730227,0.017001472055597617,0.0,0.013441635420889898,0.0,0.0,0.049967259120492644,0.07714039760202228,0.011073594662176897,0.0,0.0,0.011246171009866267,0.01210158368098556,0.009375407913604169,0.00995433869132057
age none,0.0,0.0,0.0,0.0,0.0,0.0,0.0,0.0,0.0,0.0,0.0,0.0,0.0,0.0,0.0,0.0,0.0,0.0,0.0,0.0,0.0,0.0,1.0,0.3318237443164451,0.0,0.0,0.0,0.0,0.0,0.0,0.0,0.0,0.0,0.0,0.0,0.0,0.0,0.0,0.0,0.0,0.0,0.0,0.0,0.0,0.0,0.0,0.0,0.0,0.0,0.0,0.0,0.0,0.0,0.0
many persons household employed following areas within city limits [city name],0.05379655003344224,0.07856415393579583,0.04018755534251583,0.011533211565444724,0.010895913340196848,0.015875663353004783,0.06053311006654166,0.03711591161027117,0.09174419010800389,0.10575946321227138,0.01408556770295638,0.011580709902446253,0.11259692225615447,0.11486441480112337,0.01201902705709978,0.03768034728479902,0.05327741611406441,0.16433101503395114,0.06403683788709287,0.1389934614032184,0.0,0.07693084504538333,0.0,0.20848102985579858,0.08977243109074927,0.05544377581227514,0.0557877836468994,0.06315164722603728,0.06225263911230232,0.015190403641947058,0.21330003949883913,0.1294675005261941,0.12997042535081302,0.0,0.11571227858302674,0.08634078284543742,0.010547900863503564,0.0412557104007763,0.01050944225851583,0.06440291354648937,0.06805969654920635,0.0,0.09298522706667789,0.06347297059453044,0.022618504579178165,0.01301543839822395,0.08397719137244122,0.14135203699067142,0.0,0.0,0.0777976587103322,0.013174121994168906,0.03753130408580366,0.03984885946721555
many persons household employed following areas outside [city name] within [city name] county,0.048561430658009816,0.0709188174926956,0.03627677203960733,0.01041087678208617,0.009835596145045155,0.014330750291377366,0.05464243385835473,0.03350404007042375,0.08281626095791532,0.0954676616998377,0.012714854741811617,0.01045375289955535,0.10163974509607972,0.1036865804771889,0.010849415969002955,0.034013548651409924,0.048092815369252154,0.14833942300334846,0.05780520239084366,0.12546755012455701,0.0,0.06944445126706271,0.0,0.1881930545464205,0.08103638030141984,0.05004835947383821,0.05035889077364339,0.05700615254695503,0.056194629872192634,0.013712175458594017,0.1925431104975051,0.11686859185877674,0.11732257541314482,0.0,0.10445193584341116,0.07793867704342655,0.009521449908073503,0.03724098141291237,0.009486733836538159,0.058135654022747896,0.06143658343378705,0.0,0.08393652852479852,0.057296206880702805,0.020417423441221296,0.011748863242457785,0.07580509443732232,0.12759660495745198,0.0,0.0,0.0702269124408306,0.011892104815314303,0.033879009336740824,0.035971035774878014
many persons household employed following areas outside [city name] county within [city name] metro area,0.041643041704833905,0.060815244412876626,0.031108538411912433,0.008927673055464075,0.008434350778182054,0.012289094945495696,0.046857704173544,0.028730828540838176,0.07101769783506238,0.08186669469495084,0.01090341077496307,0.008964440752043787,0.08715946146052439,0.0889146908675559,0.009303734991912966,0.029167749092796385,0.04124118851087247,0.1272059882688102,0.04956988336836039,0.10759259666865825,0.0,0.05955092634418928,0.0,0.16138180265379046,0.06949139098199517,0.042918132612384176,0.04318442352871883,0.04888467155473753,0.048188763873855095,0.011758646455611496,0.28016056087615604,0.1002187039964713,0.10060800999161378,0.0,0.08957100854606635,0.06683500742381149,0.008164959933012021,0.03193538001440774,0.008135189747183778,0.04985325663192276,0.05268391337465082,0.0,0.07197836452828293,0.04913340279171426,0.017508619584455983,0.010075040940116133,0.06500538938655846,0.10941833198981275,0.0,0.0,0.0602219128215256,0.010197875352354481,0.02905237715634828,0.030846359397614737
many persons household employed following areas outside [city name] metro area,0.023253855360655343,0.03395978870428617,0.017371292371950616,0.009970588575660319,0.009419637232412325,0.013724686030451311,0.03328133769013046,0.016043557433098994,0.045897681371258964,0.07875223225686788,0.012177128601505145,0.010011651411764813,0.05405946583358355,0.05514812290614355,0.010390581425309213,0.016287537865444658,0.023029456861745696,0.10962856251389234,0.027680276245493463,0.06673283893786086,0.0,0.0665075638622273,0.0,0.18023414924167036,0.04491125196348589,0.0304832020624054,0.02790945034470075,0.03472101953306781,0.03422674140021639,0.013132271453846864,0.27543852201087554,0.09536747542895124,0.08796569079760097,0.0,0.0578884100115107,0.043194470796676904,0.009118776608759012,0.017833008285184845,0.009085528720662046,0.03221941794742189,0.037419484005563046,0.0,0.04651854596041844,0.02743654149938614,0.009776973312072348,0.005625995008595784,0.07259920796240212,0.09429881888392336,0.0,0.0,0.03892052615771319,0.011389173735698378,0.02063485593020955,0.021909056829181383
approximate annual income total household none,0.0,0.0,0.0,0.0,0.0,0.0,0.0,0.0,0.0,0.06088057482074495,0.0,0.0,0.0,0.0,0.0,0.0,0.0,0.0,0.0,0.0,0.0,0.07153318272263853,0.0,0.06522270185156259,0.0,0.0,0.0,0.0,0.0,0.0,0.0,0.0,0.05857364986777941,0.0,0.0,0.0,0.0,0.0,0.0,0.0,0.0,0.0,0.0,0.0,0.0,0.06625395114503453,0.7300159889114809,0.0,0.0,0.0,0.0,0.0,0.0,0.0
members household spanish hispanic latino heritage none,0.0,0.0,0.0,0.508711088719804,0.0,0.0,0.0,0.0,0.0,0.1847774986371592,0.0,0.0,0.0,0.0,0.0,0.0,0.0,0.0,0.0,0.0,0.0,0.06697533861861435,0.0,0.061066939507877706,0.0,0.0,0.0,0.0,0.0,0.0,0.0,0.0,0.05484154185105411,0.0,0.0,0.0,0.0,0.0,0.0,0.0,0.0,0.0,0.0,0.0,0.0,0.0,0.07310982773023568,0.0,0.0,0.0,0.0,0.0,0.0,0.0
many people spanish hispanic latino heritage none,0.0,0.0,0.0,0.5314288223622647,0.0,0.0,0.0,0.0,0.0,0.0,0.0,0.0,0.0,0.0,0.0,0.0,0.0,0.0,0.0,0.0,0.0,0.13624589892455163,0.0,0.0,0.0,0.0,0.0,0.0,0.0,0.0,0.0,0.0,0.0,0.0,0.0,0.0,0.0,0.0,0.0,0.0,0.0,0.0,0.0,0.0,0.0,0.0,0.0,0.0,0.0,0.0,0.0,0.0,0.0,0.0
following best describes raceethnicity asian asian indian,0.0,0.0,0.0,0.13964766390522287,0.2609765507723325,0.19222740236859492,0.012851721342576552,0.0,0.01127167666463797,0.008552874186016345,0.0109968089018576,0.00904122974882454,0.009732981374084175,0.009928985512242137,0.009383430367910638,0.0,0.0,0.01094152568444061,0.0,0.012014722461768422,0.0,0.0,0.0,0.0091628826542943,0.011029426664099359,0.011771210105285687,0.006854078262224132,0.013407660230600419,0.013216792757415309,0.0118593704929275,0.008421535590784006,0.011170830586818128,0.008228783309125139,0.0,0.014216392218198938,0.010607814904244138,0.008234900613011284,0.0,0.008204875417108574,0.007912531757074499,0.014449683053608399,0.0,0.01142415026880376,0.0,0.0,0.0,0.0,0.009411534048894535,0.0,0.0,0.00955820802621285,0.010285229894513057,0.007968231951142673,0.00846026971238034
following best describes raceethnicity black african american,0.0,0.0,0.0,0.17422041491735116,0.32558684970278573,0.23981738657562093,0.016033438455694236,0.0,0.014062220093135456,0.010670320202670718,0.013719302966276098,0.011279578577643492,0.012142588038756131,0.012387117172437694,0.011706498242283328,0.0,0.0,0.013650333211917082,0.0,0.014989222689945956,0.0,0.0,0.0,0.011431349248732034,0.013759995949692504,0.01468542366748098,0.0085509511962271,0.01672701184626627,0.01648889106828387,0.014795410035206081,0.010506465943199754,0.013936407422667267,0.01026599373229571,0.0,0.017735962647849126,0.013234005226454461,0.01027362550493992,0.0,0.010236166932831652,0.009871447378452563,0.018027009594177107,0.0,0.014252441782770998,0.0,0.0,0.0,0.0,0.011741559587563278,0.0,0.0,0.011924545829304621,0.01283155743270111,0.009940937340906357,0.010554789520889906
following best describes raceethnicity american indian alaska native,0.0,0.0,0.0,0.16080718149543152,0.774741671635878,0.22135384092111465,0.014799023690557599,0.0,0.012979569471340562,0.009848812025038699,0.012663053541316378,0.010411163584862134,0.011207729929347366,0.01143343275986528,0.010805214695509957,0.0,0.0,0.01259939376980127,0.0,0.013835202118655514,0.0,0.0,0.0,0.010551249428780003,0.01270061357108061,0.013554792589342685,0.007892613283136674,0.01543919885114959,0.015219410996890292,0.013656311104295046,0.009697572908463029,0.012863443121027364,0.009475614658152358,0.0,0.016370470509221715,0.01221511888472724,0.009482658860459599,0.0,0.009448084224608619,0.009111444436419652,0.01663910974500851,0.0,0.013155145989075879,0.0,0.0,0.0,0.0,0.01083757666707673,0.0,0.0,0.011006474794203948,0.0118436555551098,0.009175584365197342,0.009742176052886806
following best describes raceethnicity white caucasian,0.0,0.0,0.0,0.18887932907785218,0.1784423002828564,0.25999563311277574,0.017382492744947284,0.0,0.015245415973762505,0.011568121462013442,0.01487364578321838,0.012228642866204285,0.013164265985229242,0.013429369812077964,0.0126914835721317,0.0,0.0,0.014798872910382694,0.0,0.016250416614026486,0.0,0.0,0.0,0.012393183528918803,0.014917762676232973,0.015921055927077637,0.009270428644582338,0.01813442343423902,0.01787626716244878,0.016040296553117256,0.011390480497203974,0.01510901741909945,0.011129774942812025,0.0,0.019228267405199232,0.014347515068032144,0.011138048853176643,0.0,0.011097438514994517,0.010702031439621775,0.01954380305570647,0.0,0.015451642925589369,0.0,0.0,0.0,0.0,0.012729494980703911,0.0,0.0,0.012927877693699854,0.01391120529739444,0.010777368290886562,0.011442870023064577
following best describes raceethnicity native hawaiian pacific islander,0.0,0.0,0.0,0.15298285351796057,0.28589763925820416,0.21058351938240316,0.014078953765666993,0.0,0.01234802797172773,0.009369602485043423,0.012046912625331547,0.009904591939506994,0.010662400087516748,0.01087712098952256,0.010279469869573434,0.0,0.0,0.011986350320774525,0.0,0.013162028458099582,0.0,0.0,0.0,0.010037861684929627,0.012082645112389127,0.012895262698330804,0.0075085856896404245,0.01468798019040701,0.014478886462126398,0.012991841669231795,0.009225722147100065,0.012237551932819953,0.00901456362682375,0.0,0.015573939351729191,0.011620772938550575,0.009021265082316583,0.0,0.008988372730105451,0.008668112683720065,0.015829507520236114,0.0,0.012515061536050592,0.0,0.0,0.0,0.0,0.010310257218183811,0.0,0.0,0.010470937339565672,0.01126738374527146,0.008729131782727956,0.009268155054924005
following best describes raceethnicity hispanic spanish latinoax,0.0,0.0,0.0,0.5283100531798128,0.16468361610984564,0.23994882920646937,0.01604222629781968,0.0,0.01406992752098714,0.010676168548278435,0.013726822443079024,0.011285760854517898,0.012149243326514507,0.012393906485310384,0.011712914511549538,0.0,0.0,0.013657814886765396,0.0,0.014997438202978068,0.0,0.0,0.0,0.011437614710302003,0.01376753773010266,0.01469347266988877,0.008555637926983104,0.01673617983226887,0.016497928541557745,0.01480351932055556,0.010512224481161545,0.013944045893265115,0.010271620468720929,0.0,0.01774568363440623,0.013241258714153853,0.010279256424299032,0.0,0.010241777321347125,0.009876857866125008,0.018036890102013602,0.0,0.014260253470116488,0.0,0.0,0.0,0.0,0.011747995073765885,0.0,0.0,0.011931081609290623,0.012838590340910642,0.009946385915656695,0.010560574544746962
following best describes raceethnicity korean,0.0,0.0,0.0,0.22656859038443994,0.21404894139252023,0.311875547144661,0.020851021113947113,0.0,0.018287508875976962,0.013876441566372046,0.01784155511052379,0.014668764390668963,0.01579108313377082,0.01610908617120155,0.015223961017141996,0.0,0.0,0.017751861947804044,0.0,0.019493048833746588,0.0,0.0,0.0,0.014866137741125876,0.017894475153766517,0.019097967027101176,0.01112026371820083,0.021752993167593115,0.02144332401065584,0.019241001104415262,0.013663353860121123,0.018123893151528122,0.0133506267329529,0.0,0.023065104385961654,0.017210439492527447,0.01336055163165638,0.0,0.013311837846395278,0.01283753065707701,0.023443602487900568,0.0,0.018534886659468737,0.0,0.0,0.0,0.0,0.015269557278526339,0.0,0.0,0.015507525572143079,0.016687067823499564,0.012927900335317606,0.013726197269630766
following best describes raceethnicity chinese,0.0,0.0,0.0,0.22656859038443994,0.21404894139252023,0.311875547144661,0.020851021113947113,0.0,0.018287508875976962,0.013876441566372046,0.01784155511052379,0.014668764390668963,0.01579108313377082,0.01610908617120155,0.015223961017141996,0.0,0.0,0.017751861947804044,0.0,0.019493048833746588,0.0,0.0,0.0,0.014866137741125876,0.017894475153766517,0.019097967027101176,0.01112026371820083,0.021752993167593115,0.02144332401065584,0.019241001104415262,0.013663353860121123,0.018123893151528122,0.0133506267329529,0.0,0.023065104385961654,0.017210439492527447,0.01336055163165638,0.0,0.013311837846395278,0.01283753065707701,0.023443602487900568,0.0,0.018534886659468737,0.0,0.0,0.0,0.0,0.015269557278526339,0.0,0.0,0.015507525572143079,0.016687067823499564,0.012927900335317606,0.013726197269630766
following best describes raceethnicity middle eastern north african,0.0,0.0,0.0,0.14884737420638716,0.14062241736099707,0.20489096124442857,0.013698367179081468,0.0,0.012014232300895806,0.009116320523414862,0.011721256796689665,0.00963684797922978,0.010374170825480745,0.010583087326355397,0.010001592094371833,0.0,0.0,0.011662331630882492,0.0,0.012806228477022482,0.0,0.0,0.0,0.009766515136111407,0.011756023352222375,0.012546674010906495,0.0073056113035270265,0.014290930215135781,0.014087488772504179,0.012640642229511334,0.008976329602796545,0.011906742684079272,0.00877087918425833,0.0,0.015152939857290989,0.011306636648327529,0.008777399483955523,0.0,0.008745396287874966,0.008433793609068325,0.01540159942885876,0.0,0.012176750562792868,0.0,0.0,0.0,0.0,0.01003154718995314,0.0,0.0,0.01018788375712304,0.010962800379864055,0.008493163221118984,0.009017615451271018
following best describes raceethnicity slaviceastern european,0.0,0.0,0.0,0.1868290725013591,0.1765053360768438,0.25717341980202624,0.01719380841278576,0.0,0.015079929287028797,0.011442551251546482,0.014712194605726623,0.012095902795703047,0.013021369867148497,0.01328359603201534,0.012553719435705253,0.0,0.0,0.014638233381127,0.0,0.016074020797203523,0.0,0.0,0.0,0.012258657394386746,0.014755832616533834,0.0157482352707434,0.009169799542455283,0.017937577008065864,0.017682222983597156,0.015866181557805233,0.01126683855256755,0.01494501131806608,0.011008962917574562,0.0,0.0190195474680068,0.014191774959952651,0.011017147015892405,0.0,0.010976977496794812,0.01058586250547718,0.019331658026706857,0.0,0.015283917676455544,0.0,0.0,0.0,0.0,0.012591318236181134,0.0,0.0,0.012787547534804163,0.01376020126594655,0.010660381586605278,0.011318659398041267
following best describes raceethnicity unknowndont know,0.0,0.0,0.0,0.1868290725013591,0.1765053360768438,0.25717341980202624,0.01719380841278576,0.0,0.015079929287028797,0.011442551251546482,0.014712194605726623,0.012095902795703047,0.013021369867148497,0.01328359603201534,0.012553719435705253,0.0,0.0,0.014638233381127,0.0,0.016074020797203523,0.0,0.0,0.0,0.012258657394386746,0.014755832616533834,0.0157482352707434,0.009169799542455283,0.017937577008065864,0.017682222983597156,0.015866181557805233,0.01126683855256755,0.01494501131806608,0.011008962917574562,0.0,0.0190195474680068,0.014191774959952651,0.011017147015892405,0.0,0.010976977496794812,0.01058586250547718,0.019331658026706857,0.0,0.015283917676455544,0.0,0.0,0.0,0.0,0.012591318236181134,0.0,0.0,0.012787547534804163,0.01376020126594655,0.010660381586605278,0.011318659398041267
following best describes raceethnicity prefer say,0.0,0.0,0.0,0.1988587505265627,0.18787028230446765,0.27373247774434084,0.018300895101509455,0.0,0.01605090608168411,0.012179322062962857,0.0156594934483612,0.012874742052935935,0.013859798730770593,0.014138909293182733,0.0133620369036902,0.0,0.0,0.015580769957876661,0.0,0.017109005835516437,0.0,0.0,0.0,0.013047976205968821,0.015705941253236554,0.016762243407891432,0.009760230863311911,0.019092553977497415,0.01882075804355674,0.01688778410110551,0.011992295454615557,0.015907300922314106,0.011717815546968548,0.0,0.020244191090982203,0.015105564666707929,0.011726526608603032,0.0,0.011683770627052345,0.011267472256331342,0.020576398037675626,0.0,0.016268029014963315,0.0,0.0,0.0,0.256287927909562,0.013402056641431376,0.0,0.0,0.013610920886264552,0.014646202510694643,0.011346789522991825,0.012047452976109213
following best describes raceethnicity ,0.0,0.0,0.0,0.3114080670315822,0.29420038751222655,0.4286585405591414,0.02865876584972084,0.0,0.025135336633501846,0.019072528271144636,0.02452239377213881,0.020161539412365256,0.021704114708392112,0.02214119520144918,0.020924631542563264,0.0,0.0,0.024399114661026754,0.0,0.026792295646846872,0.0,0.0,0.0,0.020432819970032334,0.024595129928308927,0.02624927394415616,0.01528428906888843,0.029898484794283326,0.029472858835197343,0.0264458676796799,0.018779649056955238,0.02491045437422605,0.018349820058970335,0.0,0.031701921085029935,0.02365495449319814,0.018363461374015334,0.0,0.018296506525242114,0.017644593191826555,0.032222149251255106,0.0,0.025475345975719217,0.0,0.0,0.0,0.0,0.020987301498700928,0.0,0.0,0.021314377931512078,0.0229356042976811,0.017768802142287956,0.018866024421907043
please describe raceethnicity none,0.0,0.0,0.0,0.0,0.0,0.0,0.0,0.0,0.0,0.0,0.0,0.0,0.0,0.0,0.0,0.0,0.0,0.0,0.0,0.0,0.0,0.0,0.0,0.0,0.0,0.0,0.0,0.0,0.0,0.0,0.0,0.0,0.0,0.0,0.0,0.0,0.0,0.0,0.0,0.0,0.0,0.0,0.0,0.0,0.0,0.0,0.0,0.0,0.0,0.0,0.0,0.0,0.0,0.0
primary language spoken home none,0.0,0.0,0.0,0.0,0.0,0.0,0.20699657826928214,0.0,0.0,0.0,0.0,0.0,0.0,0.0,0.0,0.0,0.0,0.0,0.0,0.0,0.0,0.0,0.0,0.0,0.0,0.0,0.0,0.0,0.0,0.0,0.0,0.0,0.0,0.0,0.0,0.0,0.0,0.0,0.0,0.0,0.0,0.0,0.0,0.0,0.059260574332408805,0.0,0.0,0.0,0.0,0.0,0.15394952186345723,0.0,0.0,0.0
please define none,0.0,0.0,0.0,0.0,0.0,0.0,0.0,0.0,0.0,0.0,0.0,0.0,0.0,0.0,0.0,0.0,0.0,0.0,0.0,0.0,1.0,0.0,0.0,0.0,0.0,0.0,0.0,0.0,0.0,0.0,0.0,0.0,0.0,0.0,0.0,0.0,0.0,0.0,0.0,0.0,0.0,0.0,0.0,0.0,0.0,0.0,0.0,0.0,0.0,0.0,0.0,0.0,0.0,0.0
gender listed birth certificate none,0.09206740138280695,0.06722733604860423,0.06877697149748666,0.0,0.0,0.0,0.0,0.0,0.0,0.0,0.0,0.0,0.0,0.0,0.0,0.06448613629603737,0.0911789557316067,0.0,0.0,0.0,0.0,0.0,0.0,0.0,0.0,0.0,0.0,0.0,0.0,0.0,0.0,0.0,0.0,0.0,0.0,0.0,0.0,0.0,0.0,0.0,0.0,0.47943440512411867,0.0,0.0,0.0,0.0,0.0,0.0,0.0,0.0,0.0,0.0,0.0,0.0
gender identity none,0.0,0.0,0.0,0.0,0.0,0.0,0.0,0.0,0.0,0.0,0.0,0.0,0.0,0.0,0.0,0.0,0.0,0.0,0.0,0.0,0.0,0.0,0.0,0.0,0.0,0.0,0.0,0.0,0.0,0.0,0.0,0.0,0.0,0.0,0.0,0.0,0.0,0.0,0.0,0.0,0.0,0.6281567773743447,0.0,0.0,0.0,0.0,0.0,0.0,0.0,0.0,0.0,0.0,0.0,0.0
major categories city services provided city [city name] listed 01 overall quality police service,0.21594729915554683,0.21372450149592523,0.12334980504420913,0.0,0.0,0.0,0.10451191704776656,0.08801706221932466,0.11028676549662218,0.041842436477732066,0.0,0.0,0.25403146345934147,0.6550994880562849,0.030401621131172136,0.15125448048875068,0.2138634189119255,0.33221538332406286,0.6457360872617255,0.40821390809364716,0.0,0.0,0.0,0.0,0.10791649088745281,0.0575872040654747,0.06706314814484501,0.06559305787885236,0.19097536695147765,0.0,0.12359970239424238,0.05465002279545406,0.4353254007566007,0.06797348083201325,0.1390990853823315,0.10379126633806103,0.0,0.0588560585669827,0.0,0.2192579201218068,0.1618183985883594,0.0,0.11177863056047846,0.09055155852222967,0.03226792163502842,0.09144651896951529,0.0,0.0920863576463533,0.0,0.0,0.0935214767526093,0.0,0.1275853540334001,0.23210915630475776
major categories city services provided city [city name] listed 02 overall quality fire services,0.28595496538523985,0.2688731803162361,0.13221862619408845,0.0,0.0,0.0,0.15665873351097676,0.13193367688714602,0.11821635726239484,0.044850897540667595,0.0,0.0,0.2722962642432222,0.6183391735713241,0.06517498067542278,0.2002894683177711,0.2831955147912202,0.2670118859895632,0.6485660289524584,0.4792900309167396,0.0,0.0,0.0,0.0,0.11567566048208956,0.061727710110014045,0.07188497227688415,0.0703091828763157,0.20470644964689164,0.0,0.13248649110315008,0.058579346217051666,0.4257011081752476,0.10110873697083829,0.1491002759794755,0.11125383328530378,0.0,0.06308779494330134,0.0,0.23502251154988316,0.17345310231023137,0.0,0.11981548706352696,0.09706219367960714,0.03458797739642034,0.11120256057547773,0.0,0.09870734448955601,0.0,0.0,0.10024564831246072,0.0,0.04178505927344069,0.1479594814034742
major categories city services provided city [city name] listed 03 overall efforts city ensure community prepared emergencies,0.17670827853374702,0.18369903620698708,0.10422719629278465,0.0,0.0,0.0,0.09179631626141277,0.07730833294535033,0.10758422582349585,0.04081710180505275,0.0,0.06257139288397436,0.24314237870211525,0.3882355201634453,0.0222424798101221,0.12377056333745226,0.17500305280524386,0.18242052146418938,0.37761112503267213,0.3416617009840299,0.0,0.0,0.0,0.0,0.10527203398734679,0.05617604921882962,0.0654197885118912,0.06398572230779784,0.15549039554733723,0.0,0.12057093373099531,0.05331084257671334,0.27118503951999695,0.049730860354665736,0.13569050961126267,0.10124789666229315,0.0,0.05741381087239428,0.0,0.14278595746232353,0.0689585946691666,0.0,0.18810233937439996,0.12035690333949822,0.031477207191683294,0.07143249733724548,0.0,0.08982981277651039,0.10543595038517198,0.0,0.09122976477724061,0.0,0.12626309687104828,0.07204732160144908
major categories city services provided city [city name] listed 04 overall maintenance city streets sidewalks infrastructure,0.20452201839163847,0.21261311565816998,0.12063247253597592,0.0,0.0,0.0,0.10624498206016916,0.08947660190949278,0.12451789579468456,0.0472416805558553,0.0,0.0,0.20345179522737195,0.4493434764573947,0.025743428109581606,0.14325194971785965,0.20254839151518056,0.21113336373081187,0.4370468101417809,0.5760707416386655,0.0,0.0,0.0,0.0,0.12184176683705022,0.06501811384750089,0.07571681021526615,0.07405702315264476,0.4631801080371848,0.0,0.13954870100394473,0.13313121198952016,0.3138693450044213,0.05755845747853021,0.15704808587666455,0.11718423355771425,0.0,0.06645069818240215,0.0,0.16526035147017748,0.0798126215942701,0.0,0.12620226742100338,0.10223610672907629,0.08629319094616492,0.08267591453774883,0.0,0.1039689525201631,0.0,0.0,0.10558925583145407,0.06576651770677189,0.044012417375003145,0.08338751164295782
major categories city services provided city [city name] listed 05 overall effectiveness communication city,0.2194328828167283,0.22811386891449775,0.12942729305159842,0.0,0.0,0.0,0.1139908694506979,0.0959999752400619,0.13359598663934205,0.05068587839587896,0.0,0.0,0.2182846340558416,0.48210327273969406,0.027620276232818746,0.15369586386299855,0.21731536687144543,0.22652623432225533,0.4689101067427522,0.42426881534401284,0.0,0.0,0.0,0.0,0.13072475205745687,0.06975831878181116,0.08123701337333475,0.0794562180199685,0.1930849308723787,0.0,0.14972262642151377,0.06620036123413948,0.33675227608126435,0.061754809356576956,0.16849781992066684,0.12572765706330083,0.0,0.07129534698521715,0.0,0.17730880823289075,0.2942892992808994,0.0,0.13540315891646126,0.10968972340455398,0.039087780008967836,0.0887034775482608,0.0,0.11154890389966764,0.0,0.0,0.11328733690277457,0.0,0.04722118283536773,0.08946695428992407
major categories city services provided city [city name] listed 06 overall flow traffic congestion management streets city,0.17995273740957135,0.18707184914731745,0.1061408635805899,0.0,0.0,0.0,0.0934817459171911,0.07872775544825147,0.10955952997601222,0.04156652571057474,0.0,0.0,0.17901108042044406,0.39536373277326947,0.02265086368233843,0.1260430573378354,0.178216202821087,0.18576986018735486,0.3845442680432204,0.4392709123835956,0.0,0.0,0.0,0.0,0.10720488505624053,0.05720747164571931,0.06662093095554542,0.06516053452593576,0.25881956010975443,0.0,0.12278468081379112,0.054289658271206444,0.2761641424559887,0.05064394565332231,0.13818186022554252,0.10310686240917402,0.0,0.05846795926784856,0.0,0.14540758430898676,0.070224711493999,0.0,0.11104155761956236,0.08995445777757165,0.032055145617130146,0.07274403634340394,0.0,0.0914791363724093,0.0,0.0,0.09290479224356475,0.0,0.03872519471951484,0.07337014911122278
major categories city services provided city [city name] listed 07 overall quality stormwater management city,0.21043068542971588,0.21875553552196553,0.12411755995981602,0.0,0.0,0.0,0.10931441306029716,0.09206159228138228,0.1281152335890141,0.04860649869582323,0.0,0.0,0.26280763431738996,0.5168801066528771,0.026487159011097196,0.14739051670489875,0.20840004022260533,0.2172330333738416,0.5009748895498014,0.4068632580189028,0.0,0.0,0.0,0.0,0.12536179092654756,0.06689649539873829,0.07790427846081517,0.07619653993954761,0.185163653815546,0.0,0.14358028066618725,0.06348450246552007,0.32293707017002826,0.05922132861162615,0.16158522498623307,0.12056970092034777,0.0,0.06837046727667997,0.0,0.21351033244622264,0.16151253559095646,0.0,0.12984826692514084,0.10518972081269395,0.03748421035913219,0.08506443218936259,0.0,0.10697262873835377,0.0,0.0,0.10863974281770972,0.0,0.04528394169231067,0.13228173474255
major categories city services provided city [city name] listed 08 overall quality parks recreation programs facilities,0.19704885067055938,0.1950205793015058,0.11255494932998172,0.0,0.0,0.0,0.09536564345176377,0.08031432214034963,0.10063511083613709,0.038180630410450826,0.0,0.0,0.2318001109741487,0.4970252770219077,0.027741048514361037,0.13801757028511238,0.30815551856207746,0.19495424961337526,0.49690378979130767,0.37248940705505645,0.0,0.0,0.0,0.0,0.09847226884025728,0.0525475077428922,0.061194172448401904,0.34798420296514454,0.1742623163676201,0.0,0.2195705835831845,0.28992922787084113,0.3137355133981372,0.06202483812672158,0.12692594448320238,0.09470805989022955,0.0,0.05370531949681566,0.0,0.2000697453932922,0.14765699586832576,0.0,0.1019964165683134,0.08262701410486678,0.05343238447966417,0.11105105387894057,0.0,0.0840274965586941,0.0,0.0,0.0853370224086072,0.0,0.03557074645722403,0.12595480993587121
major categories city services provided city [city name] listed 09 overall quality customer service provided city employees,0.1953751939239718,0.20310443359184577,0.11523743458326857,0.0,0.0,0.0,0.10149339487597728,0.08547494586255207,0.11894909031900108,0.04512889405491953,0.0,0.0,0.24400477722442238,0.8590719776065137,0.02459210650633282,0.13684530240905407,0.19348983342951803,0.2592411225010303,0.5142422781331634,0.4409488500365514,0.0,0.0,0.0,0.0,0.11639264569668094,0.06211031311651527,0.07233053240646574,0.07074497588897045,0.17191591947727813,0.0,0.13330767383820571,0.058942434916463574,0.6140767102319455,0.054984274457425736,0.15002443489867467,0.11194341096482371,0.0,0.06347882807859537,0.0,0.2398528570126725,0.14995694614498184,0.0,0.12055813190640567,0.09766380820658757,0.03480236189435622,0.09894161839309401,0.0,0.19291824681578362,0.0,0.0,0.10086699464726975,0.0,0.11371579306929283,0.1989149596030129
major categories city services provided city [city name] listed 10 overall enforcement local codes ordinances,0.17785786775674453,0.17602713380572527,0.10159299699122748,0.0,0.0,0.0,0.08607779210008268,0.07249234916925656,0.09083405548354821,0.034462142211447507,0.0,0.0,0.1586698136260929,0.3970460886059147,0.025039292141569604,0.12457576220486069,0.1761415485518263,0.17596726409900162,0.4000118968276153,0.33621191636153347,0.0,0.0,0.0,0.0,0.08888185700904376,0.047429800535640436,0.05523434921733049,0.05402355787545285,0.15729055974710582,0.0,0.10179881669820588,0.04501068809504153,0.2831801822881539,0.055984114698640765,0.11456437209337224,0.08548425192094254,0.0,0.04847485067988515,0.0,0.1394854679470181,0.05822218607143252,0.0,0.09206278091922561,0.07457980342330277,0.026576408972885573,0.07531690806644159,0.0,0.07584389008110774,0.0,0.0,0.0770258785811436,0.0895476830167732,0.03210644009274028,0.069743687343801
major categories city services provided city [city name] listed 11 overall quality public transportationbus services,0.23494244800101632,0.22090794297001498,0.10863167795502758,0.0,0.0,0.0,0.12871182810979626,0.10839756176250387,0.09712732328872992,0.03684978733994424,0.0,0.0,0.22372037085157173,0.5080314620103142,0.05354818542029464,0.16455912186034052,0.23267526555561469,0.297447007639123,0.5328660417807655,0.3937877875782253,0.0,0.0,0.0,0.0,0.09503987039072183,0.05071588564026508,0.05906115789408881,0.05776647913652696,0.16818814227213968,0.0,0.10885175749581727,0.04812916951447903,0.34975878224984513,0.08307159187187788,0.12250175054331561,0.09140686858272473,0.0,0.05183334013101358,0.0,0.19309601469758847,0.1425101900756851,0.0,0.0984411786702695,0.07974692574655586,0.051948308113988886,0.0913647425928999,0.0,0.08109859228642351,0.0,0.0,0.08236247265106644,0.0,0.03433087480171607,0.12156446634546665
major categories city services provided city [city name] listed 12 wastewatersanitary sewer services,0.2366916237873144,0.22255263011842844,0.1094404543269459,0.0,0.0,0.0,0.1296701037005011,0.10920459511021083,0.09785044830734665,0.03712413859615056,0.0,0.0,0.12673934222346417,0.4111806047576789,0.053946858329912806,0.16578428501762296,0.23440756188624032,0.22101199320053894,0.3998126286834381,0.3967195867010843,0.0,0.0,0.0,0.0,0.09574745406253088,0.05109347172527187,0.05950087557038809,0.058196557768230295,0.16944032393836467,0.0,0.10966217238732659,0.04848749717576653,0.42861776967844906,0.3352368672805901,0.1234137913331033,0.09208740410360067,0.0,0.05221924580387748,0.0,0.11433778104125636,0.06271950512608428,0.0,0.09917408550583603,0.08034065154082777,0.028629279167957513,0.09204496448053498,0.0,0.08170238140642819,0.0,0.0,0.08297567151779599,0.0,0.03458647244035707,0.03672218467526774
three city services listed question 1 think important city emphasize next two years 1st,0.31210719721543256,1.0000000000000002,0.41729586803436264,0.0,0.0,0.0,0.09032582702134696,0.07606992734920606,0.0794833277686895,0.03015571340971105,0.0,0.0,0.10294960169721956,0.13979915607889196,0.0328655302318547,0.14414227794009016,0.20380725430684613,0.11547800585151105,0.13124499424651076,0.16916613067935063,0.0,0.0,0.0,0.07833403879446027,0.15252090505360957,0.04150291828223689,0.09478191856204347,0.04727271214509526,0.046599751840123584,0.0,0.08907791985081775,0.03938610090573802,0.11566881010931894,0.028488994036473807,0.10024827680804005,0.0748020417928398,0.11303977455861187,0.04241737776230231,0.0,0.055795989704067406,0.050946674947960055,0.0,0.08055851026518566,0.06526022568146209,0.023255390437666824,0.026675444854141063,0.0,0.06636635062122698,0.0,0.0,0.06740063648314346,0.0,0.02809438252858007,0.029829208669118663
three city services listed question 1 think important city emphasize next two years 2nd,0.5180160105948992,0.8487437499996748,0.5713311293995537,0.0,0.0,0.0,0.09043154011563531,0.07615895600986225,0.07957635131245154,0.0301910062365817,0.0,0.0,0.10307008906290506,0.13996277042769284,0.03290399450072229,0.14431097527418948,0.20404578071951984,0.11561315587142644,0.13139859720713876,0.1693641147522634,0.0,0.0,0.0,0.07842571726452963,0.15269940833831314,0.04155149134332356,0.09489284685602313,0.04732803790120573,0.046654289995184416,0.0,0.08918217245332061,0.03943219654345318,0.11580418343755225,0.02852233621347979,0.10036560267028705,0.07488958657994856,0.11317207098744417,0.04246702106370038,0.0,0.05586129070285155,0.05100630053711938,0.0,0.08065279215190871,0.06533660317634084,0.02328260745148357,0.02670666453858838,0.0,0.0664440226726452,0.0,0.0,0.06747951901402749,0.0,0.028127262870860408,0.02986411937021681
three city services listed question 1 think important city emphasize next two years 3rd,0.30537475087383537,0.829464781025286,0.4082944029442373,0.0,0.0,0.0,0.0883774138187451,0.07442902733582307,0.07776879749182143,0.029505226255826775,0.0,0.0,0.10072888177951474,0.1367835565499517,0.032156589775664664,0.1410329931800934,0.1994109397844931,0.11298703645072111,0.12841391604885558,0.16551705783586787,0.0,0.0,0.0,0.07664429976373784,0.14923088541161939,0.04060766122681568,0.09273738326594733,0.04625299519919302,0.04559455128212803,0.0,0.08715642518178332,0.03853650559579845,0.11317372488089383,0.02787445959001485,0.09808582701364503,0.0731884912656323,0.11060140010434769,0.04150239495420371,0.0,0.054592417629759686,0.049847707162436077,0.0,0.07882078728872699,0.06385250111900125,0.02275374975244284,0.026100030372446882,0.0,0.06493476590151726,0.0,0.0,0.06594674124278779,0.0,0.027488360224187595,0.02918576453015339
please rate satisfaction following items may influence perception city [city name] 1 overall quality services provided city,0.14824520574779132,0.17336919489672514,0.11133731215543458,0.012746342968120845,0.012042009946404449,0.01754555951701415,0.13963958542059132,0.10227897420487092,0.1441134419153531,0.060729925073780826,0.01556717101943192,0.01279883746112493,0.6802627324011553,0.4481214901122594,0.09834964985671137,0.16207810332602188,0.22916727620932417,0.3217575500721477,0.4759644703222579,0.4216197969718045,0.0,0.0,0.0,0.012971050291352308,0.14101616700050917,0.08358181029840361,0.08763246488654025,0.21742940092746826,0.21433414048400462,0.04130109262796611,0.1555488681244279,0.10240848496385312,0.22934634024507822,0.12683562710163473,0.21114769877269268,0.15755162573318351,0.011657391459182005,0.06839284502557649,0.04292132633250481,0.33811941119422145,0.34022115176273704,0.0,0.16967617400168708,0.10522414955440954,0.03749647899324298,0.06454431058269472,0.0,0.13978397091499803,0.0,0.0,0.12220597681992948,0.10832284777454779,0.12921925748341231,0.24950396701032398
please rate satisfaction following items may influence perception city [city name] 2 overall value receive city tax dollars fees,0.06171130854413547,0.09012281904744714,0.16109938254756392,0.008820015124606931,0.008332641772121771,0.012140901958844005,0.0631445237539088,0.042576549460038776,0.09972136639753142,0.042022944071617135,0.010771927617366972,0.008856339443151676,0.4213615099728234,0.25317198277742364,0.04360889437527451,0.08352661567036883,0.11810088229906049,0.13693276408054883,0.18453685600917022,0.19762684107004908,0.0,0.0,0.0,0.008975504584953975,0.09757816252624747,0.05783563433195689,0.06063854296396828,0.1504533974576725,0.1483115875287991,0.02857888435549895,0.1076342738387185,0.0708630223216431,0.07280066132038177,0.06657546677801196,0.14610668341177194,0.10902011073674685,0.008066499484644508,0.1336175382868914,0.029700028342850494,0.1524717015166576,0.16214640513041872,0.0,0.11740986608655084,0.07281136188355816,0.025946227295707714,0.014930320519265326,0.0,0.09672552674374335,0.0,0.0,0.08456218121267511,0.07495555063138701,0.08941512151717967,0.12974572960327105
please rate satisfaction following items may influence perception city [city name] 3 overall image city,0.0848590627736898,0.12392765830625027,0.10593950466365627,0.012128380272290308,0.011458194419997403,0.016694923276791618,0.0868298733483413,0.05854690442567012,0.13712659625349044,0.05778564306991185,0.014812450156068756,0.012178329749952017,0.5794131362427338,0.2502044609090662,0.059966479282091034,0.11485723588856346,0.16240022162998724,0.18829589417271264,0.25375615940702156,0.27175616443354506,0.0,0.0,0.0,0.01234219343210688,0.13417948208364544,0.07952963306266017,0.08338390556415252,0.20688808259906577,0.20394288523586945,0.03929875088924484,0.14800761506698476,0.09744356101645416,0.10010800345505709,0.09154775433845343,0.2009109272156801,0.14991327584615585,0.01109222284019183,0.0650770526455009,0.040840433122947065,0.20966344735600195,0.22296710758692762,0.0,0.16145000700096093,0.10012271777215263,0.03567859088990462,0.02053064561529295,0.0,0.13300702479668214,0.0,0.0,0.11628123942104392,0.10307118624321922,0.12295450523977783,0.17841302141807314
please rate satisfaction following items may influence perception city [city name] 4 overall quality life city,0.08803023453028928,0.12855881822054688,0.10989844969694607,0.012581616210982647,0.011886385603574643,0.0173188103130549,0.09007469403090888,0.060734794365559695,0.14225099870273025,0.05994508477537761,0.16148528281774835,0.13276811082554513,0.800797666952773,0.3313780691587317,0.06220741854333674,0.11914943533769319,0.16846909605854365,0.1953324863994805,0.3307794198343259,0.2819116557289386,0.0,0.0,0.0,0.012803419539809307,0.13919375127294326,0.08250164474812532,0.08649995089433948,0.21461946240542615,0.21156420341309445,0.04076733992164988,0.15353863972505574,0.10108501377892404,0.10384902607291077,0.0949688815987491,0.20841894152969292,0.15551551479110481,0.011506737715079537,0.06750897334562127,0.04236663461296557,0.2747355814993924,0.33582431988869554,0.0,0.16748337203669844,0.10386429026205612,0.0370118950302894,0.021297873079183297,0.0,0.13797747941494054,0.0,0.0,0.12062665369055815,0.10692294260311912,0.1275492985549349,0.24627951435896198
please rate satisfaction following items may influence perception city [city name] 5 overall feeling safety city,0.08013753845450176,0.11703237295442569,0.10004507298738195,0.011453562043850792,0.01082066506438477,0.01576602442165614,0.08199869391686965,0.055289378075229614,0.12949692727228795,0.05457047299689166,0.013988291352604773,0.011500732352549257,0.5471748210385823,0.23628318475613458,0.0566299683543005,0.10846662521296797,0.153364338239283,0.2848013599485844,0.23963726816992106,0.25663576011463163,0.0,0.0,0.0,0.011655478724955022,0.12671378935635771,0.07510463608145529,0.07874445840221557,0.19537691241389923,0.1925955846542623,0.037112184104597164,0.13977253055011385,0.09202184024734239,0.09453803417412178,0.08645407389528365,0.1897323235658933,0.14157216112556967,0.010475055996934442,0.06145619145939222,0.03856808775530587,0.1979978569855756,0.21056130688113553,0.0,0.15246699317224277,0.09455192979249812,0.033693448359986465,0.019388328703076337,0.0,0.12560656712399748,0.0,0.0,0.10981139775833339,0.09733634665687156,0.11611336573542617,0.16848619225037664
please rate satisfaction following items may influence perception city [city name] 6 overall leadership elected officials,0.04733992319801277,0.06913493543964065,0.07096781853542608,0.010149003038209335,0.009588192930150185,0.01397027659546114,0.05326796569121134,0.03266128411510034,0.08073311226978107,0.03545005346424878,0.012395027057382803,0.010190800655794254,0.440795387543643,0.16442705020182163,0.05017982341921836,0.07953330451192048,0.11245461532987529,0.12454775764385426,0.1841670299346118,0.1730203899082002,0.0,0.0,0.0,0.010327921439501987,0.07899800248330226,0.048789450013603367,0.04909217025236411,0.15289360362017979,0.1507170556403506,0.032885111879614626,0.08573241142028953,0.06468565902043605,0.05893846199682823,0.07660696779478139,0.12522154343161515,0.09343629061147458,0.009281948683848726,0.036304226955782705,0.03417518832201847,0.764604127023762,0.1647762603793769,0.0,0.10062677696968766,0.055854986076744294,0.01990384641703911,0.01145333397359799,0.0,0.0828991492055977,0.0,0.0,0.068460434471037,0.08624975131462742,0.09086534686426061,0.13653051391277096
please rate satisfaction following items may influence perception city [city name] 7 overall leadership city manager senior staff,0.061642346281925026,0.09002210697983881,0.07695535889700424,0.008810158775583181,0.008323330061831526,0.012127334525514368,0.06307395987660655,0.04252897025231902,0.09960992797271546,0.04197598351679679,0.010759890010089052,0.008846442501775582,0.42089063933952037,0.18175065239373497,0.04356016152420451,0.083433274846664,0.1179689048024795,0.13677974199424886,0.18433063644663258,0.19740599347573906,0.0,0.0,0.0,0.00896547447677346,0.09746911912741343,0.057771003127822636,0.060570779515119196,0.15028526609097964,0.14814584963036034,0.028546947510160518,0.1075139927558763,0.07078383303783663,0.07271930672892175,0.06650106882883469,0.14594340948921472,0.10889828098398018,0.008057485187821055,0.047272525562523426,0.029666838621378734,0.39614234471836496,0.1619652068513531,0.0,0.11727866079918663,0.0727299953342405,0.02591723243929726,0.014913635916348516,0.0,0.09661743616366798,0.0,0.0,0.08446768314657584,0.07487178795548986,0.08931520030012692,0.12960073901343144
please rate satisfaction following services provided city [city name] 1 overall quality local police protection,0.11052924219418467,0.12119590738295538,0.0414210623153106,0.01188720913418071,0.011230349833423437,0.016362947072473946,0.10751537021825397,0.07625755891556966,0.09456016379058092,0.04152153642686895,0.01451790666533632,0.011936165373495235,0.2846586270869996,0.36527610531912935,0.0917206495262328,0.13173520433600305,0.18626450667326894,0.3898862956214685,0.520527266418878,0.3295026478414419,0.0,0.0,0.0,0.01209677064934745,0.0925278840853739,0.05714555347652034,0.057500120203296395,0.1313695338052171,0.12949939609739536,0.03851730074788519,0.10041568618058223,0.07576428481332828,0.1848032546192376,0.08934290156944819,0.14666806870314378,0.10943899839610771,0.010871655547076342,0.04252200306310011,0.010832016503094196,0.25920651976617715,0.24033537174396555,0.0,0.11786098967887251,0.06542119439528303,0.023312751414418985,0.05348640499015399,0.0,0.09709717495822712,0.0,0.0,0.08018556097680274,0.06442256576150376,0.0780734966929104,0.18763030602452546
please rate satisfaction following services provided city [city name] 2 visibility police neighborhoods,0.11462703437974567,0.12568915851122542,0.04295671841955779,0.012327918866113875,0.011646706979052542,0.016969591570484083,0.11150142526723394,0.07908475308437779,0.09806591387584476,0.043060917536562854,0.015056147616806891,0.01237869012280222,0.1702534105348966,0.25134328744430345,0.09512112666171206,0.1366191923212184,0.19317012933692684,0.63159525874382,0.36625717637471944,0.34171872160293704,0.0,0.0,0.0,0.012545249723783987,0.09595828886174437,0.05926418378490732,0.05963189581815069,0.1362399648184149,0.13430049309967532,0.039945301979779024,0.1041385255484268,0.07857319119945214,0.19165470241360957,0.0458786137090936,0.15210568189827603,0.11349637057672318,0.011274714359934686,0.044098475754012496,0.011233605726896752,0.16722987289991417,0.14682832627036935,0.0,0.12223060113101708,0.06784663814067735,0.024177054911606616,0.05546937499927918,0.0,0.10069698290846027,0.0,0.0,0.08315838299785931,0.066810986068299,0.0809680154491827,0.08596778469507665
please rate satisfaction following services provided city [city name] 3 visibility police commercial retail areas,0.10541719830830901,0.11559052382082338,0.03950531328680058,0.01133741856683245,0.0107109394035452,0.0156061509353052,0.10254271972277448,0.07273060098057124,0.09018669937920115,0.03960114041030867,0.013846444755972473,0.011384110550653179,0.15657421164334376,0.2311488325537646,0.08747851435628957,0.1256423719550725,0.1776496612840111,0.8034539571788508,0.3368298377660668,0.3142629523288429,0.0,0.0,0.0,0.011537287735964276,0.08824841383187627,0.21438014802002006,0.14793339874705336,0.12529361390612426,0.123509971191349,0.036735852437195335,0.20967896187439655,0.1478070564330297,0.17625599301577477,0.042192445662158774,0.1398845823697276,0.10437737894119196,0.010368834943537434,0.040555334863276477,0.010331029229164795,0.15379360348939242,0.13503124172647696,0.0,0.11240984806503057,0.06239542483262258,0.022234522649205484,0.0510126266109716,0.0,0.15625538746525797,0.0,0.0,0.07647693058551845,0.24528474903701838,0.07446255054422754,0.07906060779086357
please rate satisfaction following services provided city [city name] 4 quickly police respond emergencies,0.10614266630451571,0.1163860033729504,0.039777183920147084,0.011415441265802136,0.01078465075113628,0.015713550517434328,0.10324840591626731,0.07323112389526654,0.09080735298348093,0.03987367051395403,0.01394173425989501,0.011462454578025487,0.15765173581778,0.2327395699578062,0.08808053056938975,0.12650702707097042,0.17887222407136188,0.37441287166474974,0.3391478586524891,0.31642567072742167,0.0,0.0,0.0,0.01161668590959996,0.08885572839703662,0.05487761693678099,0.05521811196792177,0.1261558689126758,0.12435995139144576,0.03698866398677393,0.09643048715813313,0.07275742637059807,0.17746896475211907,0.04248280880499307,0.1408472505993952,0.10509569103034762,0.010440191970950424,0.040834431614005004,0.01040212608237195,0.15485199186570414,0.1359605098718332,0.0,0.1131834386037502,0.06282482235553342,0.022387537857841137,0.05136368913779448,0.0,0.09324367774634505,0.0,0.0,0.07700323527278259,0.06186582631310018,0.07497499251956606,0.07960469302205306
please rate satisfaction following services provided city [city name] 5 efforts local government area prevent crime,0.08421562612634964,0.09234288611402126,0.03155998022291661,0.009057229926277029,0.00855674864013011,0.012467432198256903,0.08191926445337495,0.058102977487704,0.07204829457025747,0.03163653453602326,0.01106163921505227,0.009094531189407205,0.1250839092708505,0.18466003625857788,0.06988478139564747,0.10037310032894453,0.1419206514330946,0.199166828713712,0.18554442758455544,0.25105819281295233,0.0,0.0,0.0,0.009216901284384668,0.07049983821210026,0.04354095324300669,0.043811108527764334,0.10009448471469838,0.09866956932687725,0.02934751505381019,0.07650979701595835,0.05772713679118327,0.14080727858971198,0.03370667487148173,0.11175090856840768,0.08338493587404418,0.008283448440897819,0.03239882080991905,0.008253246235203316,0.12286253875014878,0.10787367479977321,0.0,0.08980190983522104,0.049846418364589765,0.017762701689784444,0.04075293556776345,0.0,0.07398132133974804,0.0,0.0,0.06109584296335041,0.04908553252124281,0.15907049406610624,0.0631598894097391
please rate satisfaction following services provided city [city name] 6 enforcement local traffic laws,0.10606075135352272,0.11629618318947002,0.039746486122692944,0.011406631469097303,0.010776327763138019,0.015701423681305407,0.10316872459295787,0.07317460822504743,0.09073727296638295,0.039842898253563554,0.013930974812083701,0.011453608499085614,0.15753006905866146,0.23255995462373755,0.08801255496074685,0.1264093960495953,0.1787341805307297,0.25082973872785097,0.23367375277306193,0.3161814711589258,0.0,0.0,0.0,0.01160772080357694,0.08878715453423003,0.05483526547286457,0.05517549772905573,0.1260585088954532,0.12426397736254305,0.03696011821245655,0.09635606752176251,0.07270127627353506,0.17733200416825035,0.042450022958146885,0.14073855259856255,0.10501458407609392,0.010432134816900756,0.04080291789213474,0.010394098305438065,0.1547324857917899,0.1358555831831519,0.0,0.11309608997996638,0.06277633768463178,0.022370260412961265,0.05132404952608102,0.0,0.09317171751057063,0.0,0.0,0.07694380849876904,0.174881042420634,0.07491713102944368,0.07954325858899475
please rate satisfaction following services provided city [city name] 7 professionalism police officers respond service calls,0.08524558310245689,0.0934722394670952,0.031945958731793705,0.009167999834141639,0.008661397662646142,0.012619908874586225,0.08292113692980518,0.05881357681170926,0.07292944510042076,0.03202344930403019,0.011196923045390732,0.009205757291661688,0.12661368528604028,0.2791968930629057,0.07073947216306142,0.10160066318933587,0.14365634077865497,0.3006994706027003,0.27237733868337055,0.2541286341192799,0.0,0.0,0.0,0.009329623972709769,0.07136205112341966,0.04407345903322325,0.044346918316691894,0.10131864010656226,0.09987629800577165,0.029706435117121656,0.07744551171407041,0.05843313958405657,0.21900639835283786,0.03411890745256088,0.11311762200581263,0.08440473350966202,0.008384755002403724,0.03279505833786618,0.008354183423780708,0.12436514740733683,0.10919296967423817,0.0,0.09090018705237043,0.050456039983403644,0.01797993950373191,0.041251343906162474,0.0,0.07488611278428571,0.0,0.0,0.06184304502745246,0.0496858485073799,0.1342696399649629,0.1425607807670418
please rate satisfaction following services provided city [city name] 8 overall police involvement engagement community,0.09917647531754742,0.10874753756147476,0.03716658942729214,0.010666240715008041,0.01007684926587276,0.014682263120961932,0.0964721665419023,0.0684249322571066,0.08484762551546027,0.03725674356249838,0.013026731962276489,0.093874027961103,0.28525995460597103,0.2668682018809128,0.08229976568432898,0.11820431391656708,0.1671327594571035,0.34983998629447766,0.40980411904652336,0.2956585114670463,0.0,0.0,0.0,0.010854277582210373,0.08302408692946586,0.05127597422512585,0.05159412241404358,0.11787620242633233,0.1161981517807453,0.03456108131285252,0.09010171086206066,0.06798232371429418,0.1658215966788883,0.08016624285484009,0.1316033821172349,0.09819821350208935,0.009754997470544704,0.03815444947890998,0.009719429863375192,0.18405919603948945,0.12703736038418476,0.0,0.21083781363657075,0.10126518465272447,0.020918233666835814,0.04799266708995355,0.0,0.08712405318702937,0.14013529431700453,0.0,0.07194947826628617,0.057805544273196965,0.07005434999830695,0.11647577899385941
three police services listed question 4 think important city emphasize next two years 1st,0.27452749041310737,0.9261325795657166,0.3827983192093041,0.0,0.0,0.0,0.06530865855156494,0.05500115609367786,0.03835514380707522,0.014551815543007983,0.0,0.0,0.04967893127813206,0.08424242518226621,0.0317189069387488,0.12041853530727922,0.17026351601595363,0.19791833072889578,0.20045402839763543,0.10193884932385792,0.0,0.0,0.0,0.07560109540693104,0.10966888814935978,0.02002747549474844,0.06815215017055443,0.02281172320504988,0.02248698228140917,0.0,0.04298507022574763,0.01900599291257461,0.083632501064286,0.027495060759605065,0.04837539118359004,0.036096161931929195,0.10909600618968665,0.0204687532551075,0.0,0.026924680546662,0.024584615402716954,0.0,0.038873979397250465,0.03149170286602774,0.011222024411486203,0.01928725788780737,0.0,0.03202546991283208,0.0,0.0,0.03252457059325249,0.0,0.013557108293082187,0.014394258774429328
three police services listed question 4 think important city emphasize next two years 2nd,0.47318326423812085,0.7800451634774629,0.5313935513238149,0.0,0.0,0.0,0.06537984387346531,0.055061106414022135,0.03839695025845541,0.01456767677330482,0.0,0.0,0.04973308046436757,0.08433424798627515,0.031753480005335066,0.12054978945318778,0.17044910033913974,0.1981340583275847,0.20067251986345608,0.10204996092780463,0.0,0.0,0.0,0.07568349930913819,0.10978842536354408,0.02004930510083076,0.06822643484973312,0.022836587593562337,0.022511492707863665,0.0,0.043031923217813205,0.019026709120096304,0.08372365906142805,0.027525029906028394,0.04842811953339593,0.03613550613166442,0.10921491897232367,0.020491063846408555,0.0,0.02695402798839923,0.024611412213431685,0.0,0.03891635137055867,0.03152602828405694,0.011234256226345404,0.019308280669346135,0.0,0.03206037712782189,0.0,0.0,0.032560021819455894,0.0,0.013571885309473041,0.014409948270540566
three police services listed question 4 think important city emphasize next two years 3rd,0.2689994925540155,0.7635056468317368,0.3750901356468176,0.0,0.0,0.0,0.06399357668449968,0.05389363031301414,0.037582808939876255,0.014258794231930544,0.0,0.0,0.04867857599373329,0.08254608524431864,0.031080202052085965,0.11799373841582066,0.1668350202008303,0.19393296625083212,0.19641760407393294,0.09988616694959881,0.0,0.0,0.0,0.07407876082060008,0.10746055055086878,0.019624194054731686,0.06677981059294635,0.022352377014072968,0.022034175206525675,0.0,0.04211950526602985,0.01862328046373196,0.08194844280790456,0.026941408967626132,0.04740128451582717,0.03536931484794183,0.10689920437670775,0.0200565860655767,0.0,0.026382514163999532,0.024089569529138655,0.0,0.03809119704434654,0.030857573053524833,0.010996053136886267,0.018898881772354926,0.0,0.03138059194870491,0.0,0.0,0.03186964253363695,0.0,0.013284116814134633,0.01410441009090215
please rate satisfaction following services provided city [city name] 1 maintenance city parks park facilities,0.14633674807031768,0.17113729964339075,0.06576441044411598,0.012582250942516941,0.011886985261332824,0.01731968403188862,0.13784191353278297,0.10096226994734842,0.14225817514120584,0.059948108952478145,0.015366764625857721,0.012634069639513369,0.22838474442101575,0.3122474754537531,0.09708353036637715,0.3125740405910863,0.5840195328757801,0.31761535428495297,0.2926879902076146,0.5202624003341894,0.0,0.0,0.0,0.012804065461127558,0.1392007734759598,0.08250580688394911,0.08650431474121154,0.409326873793705,0.3907594552481186,0.04076939659829489,0.28778793635403616,0.4021403040602522,0.2263938145183046,0.04682511597065547,0.20842945608301544,0.1555233604128163,0.011507318219933773,0.06751237911428498,0.011465361492086636,0.20028194017758147,0.17688674119200187,0.0,0.16749182142634117,0.10386953012466289,0.06716927544179706,0.15112296064013844,0.0,0.13798444025810558,0.0,0.0,0.12063273919973996,0.1572790252531322,0.09754363314893873,0.10356694561924266
please rate satisfaction following services provided city [city name] 2 number city parks park facilities,0.14512217216606088,0.16971688239886817,0.0652185744231823,0.012477819902346839,0.01178832483554741,0.017175932915563654,0.13669784364616014,0.10012429628773017,0.14107745085979004,0.05945054747458844,0.015239222485642988,0.012529208510923292,0.22648918085867453,0.3096558621723858,0.09627774973889922,0.4194355334119234,0.7339352336656462,0.31497918831008037,0.2902587181002374,0.4127376697014935,0.0,0.0,0.0,0.012697793389411577,0.24791429635570292,0.08182101945820724,0.154062766932135,0.539488994545378,0.16045136288912662,0.04043101592910315,0.285399334053926,0.3028450134760435,0.2245147754142336,0.04643647362126652,0.20669951880865334,0.15423253682545818,0.011411808981025232,0.06695203518159176,0.011370200488541643,0.19861962622155038,0.17541860433323364,0.0,0.16610166117509134,0.10300742658512496,0.06661177922479221,0.1498686597964074,0.0,0.13683918741826984,0.0,0.0,0.11963150321336904,0.0676233726642972,0.09673403372843337,0.10270735349159638
please rate satisfaction following services provided city [city name] 3 quality facilities picnic shelters playgrounds,0.08736339715855235,0.09579443394795423,0.032739613933334445,0.00939576669558348,0.008876578661447424,0.012933433862374976,0.08498120318715356,0.06027472254064848,0.07474128095532104,0.032819029656612486,0.011475095827457892,0.009434462187325927,0.1823371524919012,0.24519890864341976,0.07249690102934819,0.10412479763454673,0.14722529305366738,0.20661119032256722,0.24291781915829644,0.2604421247871458,0.0,0.0,0.0,0.009561406172659558,0.07313494714266953,0.0451684059811387,0.04544865899975728,0.10383576806032682,0.10235759287278168,0.030444452308838358,0.17961410980777212,0.05988483385194804,0.14607030509744123,0.03496654669851228,0.11592788009963167,0.08650165776687437,0.008593063179258644,0.03360980829898648,0.008561732090094806,0.1701986180166971,0.1899634351607007,0.0,0.09315848228404054,0.05170955373511715,0.018426627381542344,0.04227617912668408,0.0,0.07674655946655305,0.0,0.0,0.06337945389773338,0.050920227867909215,0.06171005757152038,0.11122333209574894
please rate satisfaction following services provided city [city name] 4 quality outdoor athletic fields,0.10371064905816746,0.11371928340734765,0.03886578042263716,0.011153882450674413,0.010537545062766265,0.015353510326337874,0.10088270404925437,0.07155319962142363,0.08872670948506464,0.03896005624608804,0.013622291199488053,0.011199818560014929,0.21645569022497568,0.2910800036497202,0.08606236599080552,0.12360840691818312,0.17477377479568434,0.24527183406278935,0.28837208158216876,0.30917549777445846,0.0,0.0,0.0,0.011350516032196419,0.08681980192729392,0.0536202214381052,0.05395291480176521,0.12326529474862141,0.12151052658359958,0.036141153067111007,0.09422100235802908,0.07109035579574026,0.17340266796501486,0.041509412080714035,0.1376200569129682,0.10268766283582864,0.01020097877033519,0.03989880369558457,0.010163785074822365,0.20204581915787836,0.22550898658485544,0.0,0.11059009810959297,0.061385334760327585,0.021874578460181576,0.293014424215637,0.0,0.09110721141958572,0.0,0.0,0.0752388816652451,0.060448311926176924,0.07325711147134277,0.13203520395535606
please rate satisfaction following services provided city [city name] 5 quality walking biking trails,0.11064535526428865,0.12132322598761522,0.041464575928694014,0.011899696873353958,0.011242147529414237,0.016380136659435884,0.10762831715855306,0.07633766893087915,0.09465950104024712,0.041565155590216576,0.014533158002276038,0.01194870454212855,0.23092919542415247,0.31054333095620884,0.09181700381218467,0.7497756717078194,0.18646018107844797,0.2616721567423628,0.30765434123419694,0.32984879663689864,0.0,0.0,0.0,0.01210947853687618,0.09262508638657581,0.05720558596679375,0.05756052517265666,0.13150753999783582,0.1296354376748004,0.038557763904541034,0.10052117476783357,0.07584387663481613,0.18499739395135525,0.04428497640494386,0.14682214629750043,0.10955396614437612,0.010883076427900498,0.04256667323566814,0.010843395742349105,0.2155557953151883,0.24058784862079735,0.0,0.11798480488908686,0.06548992060366289,0.21721488794998964,0.18119089567056262,0.0,0.09719917738635392,0.0,0.0,0.0802697974329495,0.06449024289151974,0.07815551438537627,0.1408638571034252
please rate satisfaction following services provided city [city name] 6 number walking biking trails,0.10899261773267904,0.11951099041236915,0.040845209117444346,0.011721948104863924,0.011074220741042742,0.01613546243370558,0.1060206458848061,0.07519739394856027,0.0932455482383517,0.04094428639523722,0.014316072561809053,0.011770223733750107,0.16188471587461503,0.2389886731025154,0.09044551010711344,0.8414013698103348,0.32906285164315546,0.2577634938491729,0.24013326027893508,0.32492176210701795,0.0,0.0,0.0,0.01192859620685599,0.19445484112291236,0.05635109172508603,0.12084115884854432,0.2550119954286569,0.1276990405006035,0.037981816876418974,0.09901966466952483,0.07471097755235834,0.1822340412963518,0.043623480561615684,0.14462902692906657,0.10791753096685774,0.01072051317498488,0.04193084411944081,0.010681425209824994,0.15900979824778128,0.13961107625360647,0.0,0.11622243615038966,0.06451168116952426,0.21397029447490146,0.17848440163883936,0.0,0.09574728879939706,0.0,0.0,0.07907078725710208,0.06352693589508195,0.07698808578777785,0.08174209465765762
please rate satisfaction following services provided city [city name] 7 quality city sponsored special events,0.12675197020687046,0.1482333739933861,0.05696292081931114,0.010898322653957912,0.010296106901118015,0.015001727886883677,0.2560394075215658,0.2025291018213285,0.12321924748879473,0.051925036056230285,0.013310174769612673,0.010943206266751425,0.25880527907746637,0.33267250305354495,0.0840904893052823,0.13857931405159166,0.19594160647523456,0.2751077392004504,0.31202069257175835,0.3604915226419937,0.0,0.0,0.0,0.011090450930861225,0.12057102897981514,0.07146375544045136,0.07492712848569716,0.14216453680708996,0.14014072463925392,0.03531308035146459,0.1329967158045086,0.08756085682226149,0.1960947090272566,0.04055834083174931,0.18053458585107968,0.13470910489308696,0.009967252077196283,0.058476952501205166,0.009930910570444318,0.2230567813782748,0.2437539210953119,0.0,0.1450757833509097,0.0899682940981888,0.03206007617069187,0.05518639534231685,0.0,0.11951748204902639,0.0,0.0,0.10448802209046806,0.05906330913669752,0.08448901486332817,0.14271758821738534
please rate satisfaction following services provided city [city name] 8 safety community parks facilities,0.12509152724255423,0.13716353110831964,0.0468783087821064,0.013453355109717211,0.012709954255028943,0.018518773845285084,0.12168057606892409,0.08630453189734758,0.10701851446776853,0.04699202041003099,0.01643064840652031,0.11840353761782597,0.2987164863090647,0.2742888347299663,0.10380489272475242,0.149091385907173,0.3627016205484647,0.4214980892595403,0.27560248478204363,0.372914792779789,0.0,0.0,0.0,0.013690526463316257,0.10471848085619483,0.06467450981831746,0.06507579089544532,0.4108492697039253,0.14656100877224645,0.04359197512047393,0.2571809709893653,0.3041793097954555,0.20915117936935723,0.050066948758606095,0.16599166290816586,0.12385764325800137,0.012304001810213423,0.04812429904505054,0.01225914030160514,0.18249656649343482,0.16023252869633647,0.0,0.26593024226596274,0.1277260213588908,0.05862748161633024,0.09764095454305598,0.0,0.10988977817402575,0.17675298431983466,0.0,0.09075005026965573,0.07291027225023701,0.08835972041972899,0.09381592692645284
three parks recreation services listed question 6 think important city emphasize next two years 1st,0.2673120195485273,0.9017908182559875,0.37273714058158786,0.0,0.0,0.0,0.06359213565517116,0.053555547718666094,0.037347046504213936,0.014169346738447402,0.0,0.0,0.048373208194875686,0.08202826162600627,0.030885231416751098,0.11725354650503722,0.29160501669201466,0.07226678709648211,0.09240047673423238,0.09925956647259127,0.0,0.0,0.0,0.07361405396194429,0.10678643486207029,0.019501088626511696,0.06636089111240279,0.34300057428159764,0.0218959516154468,0.0,0.0418552834733933,0.28577702899542134,0.08143436828766225,0.026772401584262546,0.04710392935249033,0.035147437983187035,0.10622861009423847,0.019930768179280446,0.0,0.026217012809160656,0.023938452150037686,0.0,0.03785224541604129,0.030663999002331233,0.0376342883559814,0.049516762618956246,0.0,0.0311837369237868,0.0,0.0,0.031669719623153125,0.0,0.013200783614087414,0.014015931071626849
three parks recreation services listed question 6 think important city emphasize next two years 2nd,0.46072041250936174,0.7595000851771807,0.5173975384884271,0.0,0.0,0.0,0.06365784869352932,0.05361088943231151,0.037385639136372155,0.014183988656290556,0.0,0.0,0.04842319472941912,0.08211302566557102,0.030917146721621415,0.11737471065088219,0.29190634721739944,0.0723414641002274,0.09249595891940185,0.09936213650946496,0.0,0.0,0.0,0.07369012316612909,0.10689678280081974,0.019521240108636605,0.06642946524878338,0.3433550144912622,0.021918577833194806,0.0,0.04189853469966589,0.28607233716009894,0.08151851862656544,0.026800066889635942,0.04715260427564664,0.035183757646248905,0.10633838160384321,0.01995136367148053,0.0,0.026244104202626458,0.0239631889890849,0.0,0.03789136009632904,0.030695685696320904,0.03767317780998133,0.04956793084735159,0.0,0.031215960689815598,0.0,0.0,0.03170244558020658,0.0,0.01321442466562709,0.014030414457137434
three parks recreation services listed question 6 think important city emphasize next two years 3rd,0.26220059010024277,0.7442082111138192,0.3656098157420393,0.0,0.0,0.0,0.06237615324100165,0.0525314807717681,0.03663291178767369,0.0138984063733109,0.0,0.0,0.04744823579261378,0.08045975126581036,0.030294656845329684,0.11501147287312993,0.2860290666389476,0.07088493159921815,0.0906336331833417,0.09736156625565806,0.0,0.0,0.0,0.07220643658707208,0.1047445089929935,0.019128196906762214,0.06509196570598365,0.33644185971604035,0.0214772663199841,0.0,0.041054944121374906,0.28031251930327383,0.07987721410929416,0.026260470837226848,0.046203227573240475,0.034475363267495465,0.10419735071876005,0.019549660305528398,0.0,0.025715701975681775,0.02348071100741077,0.0,0.037128450495670644,0.03007765474528136,0.03691466112001616,0.048569923643807585,0.0,0.030587454454001097,0.0,0.0,0.031064144393973012,0.0,0.012948363710861818,0.013747924257172202
please rate satisfaction following services provided city [city name] 01 condition major city streets,0.14052537053108605,0.16434103368568026,0.0631527505379378,0.012082580070473348,0.011414925029929478,0.01663187851415809,0.13236788591612306,0.09695281999291916,0.13660876735615357,0.05756742810177044,0.014756514145544616,0.012132340924748734,0.21931504735904683,0.4043749934155828,0.09322811431237699,0.153637923128615,0.21723344266325334,0.30500209917066184,0.37935893283556915,0.8715396582726946,0.0,0.0,0.0,0.012295585811191006,0.1336727823248024,0.0792293066247581,0.08306902430075334,0.15761273121507396,0.443054887406237,0.03915034766626922,0.14744869635827623,0.09707558650871934,0.3040318697900067,0.04496558013422274,0.20015223060433343,0.14934716082216684,0.0110503354625475,0.06483130324798024,0.01101004493535772,0.19232827177911158,0.16986215134491078,0.0,0.1608403260099313,0.09974462600907494,0.0355438584172565,0.06118318035685823,0.0,0.13250475256889926,0.0,0.0,0.11584212849992796,0.06548137585301703,0.09366994532785632,0.09945405784829614
please rate satisfaction following services provided city [city name] 02 condition streets neighborhood,0.1163162695694312,0.12754141396446986,0.043589762803724036,0.012509592888101027,0.011818342120617787,0.017219668974916332,0.1131445989939267,0.08025020893517774,0.09951109121576397,0.043695497481830645,0.015278026988571431,0.012561112350427653,0.17276240026664477,0.255047282127055,0.09652290727401666,0.13863252144993743,0.19601683807224157,0.27508365850294975,0.2562687787139586,0.7043514438982227,0.0,0.0,0.0,0.012730126506224355,0.09737240656237564,0.06013754795487964,0.06051067888524084,0.13824770534889358,0.2900752619436896,0.20948380666751895,0.10567319372605392,0.0797311082672556,0.19447907861192623,0.04655471746725805,0.15434723226031768,0.11516894340491515,0.011440867522262506,0.044748345982778825,0.011399153079697149,0.16969430537518276,0.14899210532057885,0.0,0.12403188853066226,0.06884648018727,0.024533347230959,0.056286815847379865,0.0,0.10218093377523929,0.0,0.0,0.08438387110053461,0.21432003238471337,0.08216122455274064,0.0872346743766603
please rate satisfaction following services provided city [city name] 03 condition sidewalks neighborhood,0.11020052051532447,0.12083546229751893,0.04129787318568154,0.01185185574474296,0.011196949989380856,0.01631428252609703,0.10719561200495392,0.0760307636142098,0.09427893526519282,0.04139804848022117,0.01447472939787455,0.011900666384785668,0.16367879149955603,0.2416372477423987,0.09144786591440415,0.13134341464601093,0.18571054303314793,0.2606201390785633,0.2427945197232036,0.5348606566425997,0.0,0.0,0.0,0.01206079400934069,0.0922526997016387,0.056975598612945016,0.05732911083353447,0.1309788316448995,0.12911425585711642,0.1984694369906027,0.10011704292301618,0.07553895654356846,0.1842536368446894,0.044106934621672214,0.14623186763252957,0.10911351917837868,0.01083932248487054,0.04239553965886503,0.010799801330171154,0.16077201280659165,0.1411583058825751,0.0,0.11751046287139386,0.06522662719815275,0.023243417664981576,0.053327332689507324,0.0,0.09680840118459735,0.0,0.0,0.07994708352322233,0.20305138062873063,0.07784130066588715,0.08264799549434013
please rate satisfaction following services provided city [city name] 04 condition sidewalks city,0.14169632398051207,0.16571043552073125,0.06367898242619874,0.012183260387187814,0.011510041988441813,0.016770466695373954,0.13347086562733776,0.09776069716537023,0.13774708499056354,0.05804711926540586,0.01487947550885522,0.012233435882917195,0.2211425302558758,0.30234592491239276,0.09400495469091504,0.15491813932993292,0.21904358020678655,0.30754358515825486,0.2834066824126406,0.6151019645855716,0.0,0.0,0.0,0.012398041037346368,0.1347866353249123,0.0798894993681558,0.08376121219663159,0.15892606823451935,0.1566636438781849,0.03947657512592859,0.1486773396912316,0.09788448665570237,0.21921473390781504,0.045340264086057375,0.20182003581239455,0.15059162345881236,0.011142414411553527,0.06537152198486815,0.011101788156148882,0.19393088241383744,0.17127755890649593,0.0,0.1621805575555687,0.10057576641771168,0.03584003414312224,0.061693000439986004,0.0,0.13360887274662597,0.0,0.0,0.11680740430345869,0.06602701143923519,0.09445046734444791,0.10028277704438693
please rate satisfaction following services provided city [city name] 05 condition street signs traffic signals,0.08895599712870655,0.09754072836424818,0.03333644406893986,0.00956704778406731,0.009038395158642881,0.013169205215746544,0.0865303767090337,0.06137350675052844,0.07610378476916316,0.03341730750925542,0.011684282258694752,0.009606448679228104,0.13212469449851577,0.19505427211999662,0.07381849069013108,0.10602295126637193,0.14990915156820847,0.21037763011592903,0.1959884445043031,0.43174989386679774,0.0,0.0,0.0,0.009735706802906044,0.07446816813023323,0.04599180805062235,0.046277169970263606,0.10572865279801272,0.10422353106493323,0.03099944256122543,0.08081641848103564,0.06097651054616146,0.14873310864108552,0.03560397293237748,0.11804119922859871,0.08807854857078613,0.008749711302018608,0.034222501731645816,0.00871780905956529,0.1297782863703512,0.11394572179935643,0.0,0.0948567243502907,0.05265219832557162,0.018762537467142928,0.043046857051366856,0.0,0.07814561870979705,0.0,0.0,0.06453483612494612,0.05184848336186053,0.0628350073679237,0.06671506464314295
please rate satisfaction following services provided city [city name] 06 adequacy street lighting community,0.09507274665372621,0.10424777705292564,0.035628708615528026,0.010224892526163397,0.009659888942963895,0.014074739776072544,0.09248033688843518,0.0655936423274691,0.08133679664429795,0.03571513234886606,0.012487711260256731,0.08998970420288438,0.22703213758902618,0.20846650024236602,0.07889436227204624,0.11331325048994707,0.16021713260656653,0.22484351561687527,0.20946490773922738,0.28342474025945674,0.0,0.0,0.0,0.01040514879540313,0.0795887125200695,0.049154274653536265,0.04945925849235963,0.11299871561173748,0.11139009942136363,0.03313101133323192,0.0863734782107179,0.06516934806088173,0.15896022318085923,0.038052156208968,0.1261578914429484,0.09413496339974115,0.009351354745723099,0.03657569294942462,0.009317258856605452,0.13870203853025523,0.12178080276287832,0.0,0.20211375708518103,0.09707502927993109,0.020052678051754223,0.04600682434892376,0.0,0.08351903018911448,0.13433676979533338,0.0,0.06897234951309182,0.05541366385798592,0.067155637947965,0.07130249385690544
please rate satisfaction following services provided city [city name] 07 accessibility streets sidewalks buildings people disabilities,0.082700522488651,0.09068156684226239,0.03099219199832159,0.008894283420504013,0.008402806176149809,0.012243133540808223,0.080445474121582,0.057057660405804414,0.07075209054952615,0.031067369040681657,0.010862631850451178,0.00893091360533128,0.12283355390723308,0.18133786072486902,0.06862750063455139,0.09856731135093096,0.13936739017813177,0.19558366486903173,0.18220634117329607,0.34594444023327847,0.0,0.11553028069610942,0.0,0.009051082168543513,0.06923149210763667,0.0427576181342898,0.043022913118489124,0.09829370824505267,0.20624265042695306,0.02881953077273707,0.07513332714794897,0.05668858137137285,0.13827404776523716,0.033100265965420914,0.1097404241028039,0.08188477699043643,0.008134422856896768,0.03181594120046738,0.008104764012022805,0.12065214754415149,0.10593294474029652,0.0,0.0881863046735436,0.04894964310726245,0.017443137077094023,0.04001975903312628,0.0,0.07265034068640189,0.0,0.0,0.05999668193849312,0.04820244618320701,0.058416386838842975,0.06202359460789593
please rate satisfaction following services provided city [city name] 08 mowing tree trimming along streets public areas,0.08951697685391123,0.09815584564425428,0.03354667238222646,0.009627380083295667,0.00909539363649762,0.013252253659488955,0.08707605983906325,0.06176054409554235,0.07658371509027542,0.03362804576849273,0.01175796639087544,0.00966702945078046,0.13295790729141255,0.19628433524677558,0.07428400935058135,0.10669155965688598,0.15085451778709003,0.3523429803165398,0.19722439876584932,0.3744583409778504,0.0,0.0,0.0,0.009797102709907857,0.07493778382611208,0.046281844390775734,0.04656900587712897,0.10639540526560717,0.22324186122394124,0.03119493313331506,0.17805279478180794,0.12551311419663658,0.14967105842645634,0.03582850087424184,0.1187855978261467,0.08863399487647115,0.008804889264160103,0.03443831775571284,0.008772785837843048,0.13059670210144844,0.11466429324778579,0.0,0.09545491560076762,0.05298423682439668,0.042331625084121,0.043318321762224526,0.0,0.13268717180395725,0.0,0.0,0.06494180963773943,0.05217545342444701,0.06323126131711491,0.06713578724576155
please rate satisfaction following services provided city [city name] 09 cleanliness streets public areas,0.10918226896231509,0.11971894400370613,0.04091628130834139,0.01174234473280133,0.011093490299151264,0.016163538741578137,0.10620512577231717,0.07532824022534894,0.09340779897835012,0.04101553098430171,0.014340983063285082,0.011790704363086602,0.1621664013324339,0.23940452232850745,0.09060288867608172,0.13012980299231414,0.18399457973307062,0.4297464838059186,0.24055110112940548,0.45672019695825583,0.0,0.0,0.0,0.011949352410216578,0.09140028580829926,0.0564491447314209,0.05679939050312301,0.12976858873397584,0.27228413863414797,0.03804790665776629,0.21716783578476997,0.15308611923835527,0.1825511353411812,0.04369938704869361,0.14488068684300165,0.10810531150532825,0.010739167268704806,0.04200380535582871,0.010700011289024204,0.15928648124144823,0.13985400474576593,0.0,0.11642466753436542,0.06462393390658298,0.05163113230565317,0.052834588743516736,0.0,0.16183619006025,0.0,0.0,0.0792083733830577,0.06363747513854762,0.0771220479353133,0.08188432895835931
please rate satisfaction following services provided city [city name] 10 onstreet bicycle infrastructure bike lanessignssharrows,0.0798212016860394,0.08752437612610735,0.02991316056715323,0.008584617961250172,0.008110252103996013,0.011816873729716477,0.07764466561222813,0.05507112750841763,0.06828876915786908,0.02998572022796077,0.010484435910245267,0.008619972820964576,0.11855695206263958,0.17502435920185438,0.06623814946406245,0.09513556870300299,0.13451514240907264,0.18877417808512778,0.17586260243113738,0.2379578181059813,0.0,0.0,0.0,0.008735957567273786,0.0668211122282506,0.04126895886516512,0.04152501727692395,0.09487149142707968,0.09352092902211495,0.027816143224770433,0.07251746759450782,0.05471489841627986,0.13345986606225704,0.03194783933620231,0.10591967573872935,0.07903385737456421,0.007851212881381603,0.030708229923724902,0.00782258664581236,0.1164514940555195,0.10224475847140689,0.0,0.08511598959074802,0.04724540084327317,0.06291987251203876,0.038626421709103964,0.0,0.07012092937241794,0.0,0.0,0.05790782337757071,0.04652421850270934,0.056382548203040284,0.05986416657971423
please rate satisfaction following services provided city [city name] 11 condition pavement markings streets,0.08963956912836693,0.09829026873126592,0.03359261409085307,0.009640564648536147,0.009107849653581263,0.01327040243947325,0.08719530931107941,0.0618451243152771,0.07668859543978171,0.033674098916857964,0.011774068764899795,0.009680268315286974,0.13313999132546486,0.19655314395707418,0.07438574028455647,0.1068376722873975,0.15106111098423985,0.21199425251288884,0.1974944948802693,0.5428110803389528,0.0,0.0,0.0,0.009810519707962246,0.0750404100952823,0.04634522674314371,0.04663278149322172,0.10654111231673373,0.2235475878970597,0.031237654167231878,0.08143744283655541,0.06144507743981388,0.14987603089221146,0.03587756751575365,0.11894827307638278,0.08875537791919538,0.008816947439482374,0.03448548056047323,0.008784800047962423,0.13077555249731423,0.11482132442781592,0.0,0.09558563980105617,0.05305679801145735,0.018906716001127106,0.04337764561091864,0.0,0.07874611961552988,0.0,0.0,0.06503074655708774,0.05224690699371243,0.06331785566395283,0.06722772878741197
please rate satisfaction following services provided city [city name] 12 condition landscaping streetscaping medians along streets,0.08165709755698401,0.08953744580362172,0.030601166345218894,0.008782065059712643,0.008296788738819068,0.01208866304420452,0.07943050092900333,0.05633776912073818,0.06985941789129636,0.03067539488570827,0.010725579017467735,0.008818233084846716,0.12128377418716352,0.1790499375142091,0.06776163373304651,0.09732369659474781,0.1376090045573737,0.19311600364985196,0.1799074604242158,0.4944733422220684,0.0,0.0,0.0,0.008936885492282843,0.06835800470093342,0.04221814917523773,0.04248009695687498,0.09705354551424329,0.2036405057614451,0.02845591738769051,0.07418537682809434,0.055973346722742415,0.20534069802178026,0.03268264293579776,0.10835583920448855,0.08085164424514407,0.008031791587369146,0.031414522378989264,0.008002506945429514,0.11912989042873835,0.10459639846101401,0.0,0.08707366612956603,0.048332049935208087,0.01722305861126302,0.03951483339205552,0.0,0.07173371797973524,0.0,0.0,0.059239709287437506,0.047594280326433896,0.05767935262658734,0.06124104858499303
please rate satisfaction following services provided city [city name] 13 appearance us 1 commercial corridor,0.0962871929041206,0.10557942388558728,0.036083824861849564,0.010355503903515436,0.009783283041892549,0.014254528575154832,0.09366166805138594,0.06643152653485868,0.0823757817497092,0.036171352560125936,0.012647227574340543,0.010398151973520805,0.1430135837628778,0.21112942277761457,0.07990214805515308,0.11476069843923932,0.16226372432492372,0.2277156359045214,0.21214058379515985,0.2870451690909783,0.0,0.0,0.0,0.010538062741661542,0.08060536783818875,0.04978216462879137,0.050091044289419906,0.11444214573555496,0.11281298130218317,0.033554222336401575,0.08747680119694212,0.2767818651537778,0.16099075931028198,0.038538229243080674,0.12776941507735626,0.0953374305352307,0.009470807671054208,0.03704290584398619,0.009436276245716664,0.14047379938227564,0.12333641406570586,0.0,0.10267422108207713,0.056991462527986245,0.020308828215996527,0.04659450922487043,0.0,0.08458589084708171,0.0,0.0,0.06985339286352903,0.224041051422106,0.0680134748735752,0.07221330215219618
please rate satisfaction following services provided city [city name] 14 condition appearance downtown [city name],0.12165401704644423,0.14227144065067848,0.0546718771239432,0.010459993069601851,0.009881998381692448,0.014398359702799644,0.11459201273608888,0.08393288679150135,0.11826338012724115,0.2204289415997316,0.012774840704021208,0.01050307146741276,0.18986291520972803,0.2595804553706972,0.08070837717703695,0.13300566615573658,0.18806085219300037,0.2640429299811091,0.24332008343452424,0.5280985616485436,0.0,0.0,0.0,0.01064439396400493,0.11572167273517214,0.06858948944435699,0.07191356592850846,0.13644669156544692,0.13450427694606942,0.033892791346975606,0.1276475995220924,0.2969460337001051,0.18820779697376508,0.038927087909310286,0.17327350059138982,0.1292911164712338,0.009566370070038707,0.056125014583955704,0.009531490215511147,0.166500232414284,0.14705111950363603,0.0,0.13924084802779005,0.08634977717503996,0.03077062270995959,0.052966803346320826,0.0,0.11471049936983335,0.0,0.0,0.10028552297685733,0.0566877880068308,0.0810908740719793,0.08609822982916965
three maintenance services listed question 8 think important city emphasize next two years 1st,0.27988081588888275,0.9441922978280815,0.3902629413905782,0.0,0.0,0.0,0.066582186769401,0.05607368653378175,0.03910307461779465,0.014835578035237615,0.0,0.0,0.050647677570244104,0.08588516456763962,0.03233743017780016,0.12276671403373743,0.17358367902225844,0.07566471335030932,0.09674507289487563,0.20043031525881883,0.0,0.0,0.0,0.07707532762108722,0.1118074472129584,0.02041801414215374,0.06948112688318854,0.02325655508252841,0.2352431050937123,0.0,0.043823285266329615,0.10910201886510859,0.08526334684179465,0.02803121839176386,0.049318718256714925,0.03680004227177106,0.11122339397282546,0.02086789688219213,0.0,0.027449715682781393,0.02506401893257643,0.0,0.039632027576465285,0.03210579559304233,0.011440855498607506,0.01966336218560749,0.0,0.03264997117388998,0.0,0.0,0.033158804389232306,0.08261215892953418,0.013821473851132464,0.014674948887051936
three maintenance services listed question 8 think important city emphasize next two years 2nd,0.48243112548510303,0.7952903126266705,0.5417790704272775,0.0,0.0,0.0,0.06665762305583912,0.05613721689954841,0.03914737761955239,0.014852386448545175,0.0,0.0,0.05070506037633678,0.08598247074200047,0.0323740678396723,0.1229058062662739,0.17378034586014798,0.0757504399577775,0.09685468312825007,0.200657398798822,0.0,0.0,0.0,0.07716265242632189,0.11193412281529455,0.020441147343961297,0.06955984761081735,0.02328290429447072,0.2355096308285895,0.0,0.0438729361723814,0.10922562927121601,0.08535994850910406,0.02806297720177613,0.049374595378475127,0.036841735983925074,0.11134940785451748,0.020891539792149687,0.0,0.027480815661850313,0.025092415964924383,0.0,0.039676929871349895,0.032142170817560996,0.011453817759151445,0.01968564038183597,0.0,0.032686962938462086,0.0,0.0,0.03319637265166434,0.08270575685394396,0.013837133304674327,0.014691575310746045
three maintenance services listed question 8 think important city emphasize next two years 3rd,0.2740299924263139,0.7777837966617591,0.38210461311499644,0.0,0.0,0.0,0.06519030637451813,0.054901483145126356,0.03828563671764501,0.014525444781646552,0.0,0.0,0.04958890325121304,0.08408976128377024,0.031661426020092635,0.12020031315838678,0.16995496492580647,0.07408296549541418,0.09472264652533836,0.19624038038456879,0.0,0.0,0.0,0.0754640913032337,0.1094701464824102,0.019991181757009462,0.06802864502557067,0.02277038386102745,0.23032541941983498,0.0,0.0429071727959955,0.10682127429259368,0.08348094246865183,0.027445234283742542,0.04828772542855776,0.036030748563435265,0.10889830269789824,0.02043165983498675,0.0,0.026875887712301896,0.024540063228176846,0.0,0.038803532075345905,0.031434633685986896,0.011201687888742852,0.019252305570443773,0.0,0.03196743344157096,0.0,0.0,0.0324656296530679,0.08088517683459027,0.0135325401375492,0.01436817353702419
please check sources information use get information city services news events 01 visiting city hall,0.07884138142898575,0.08644999795460781,0.029545970897527876,0.0,0.0,0.0,0.41628722317933126,0.7704440505311251,0.4739556701282418,0.021563365163715206,0.2714209660689448,0.050525464582111254,0.07361589575729595,0.09996580784381612,0.0235010666158004,0.05522232616795553,0.07808056618479353,0.0825745481369341,0.09384900626943352,0.12096517166119854,0.0,0.0,0.0,0.0,0.055614416752028946,0.09545890316195207,0.03456077786591658,0.03380317157197878,0.033321959650389275,0.0,0.06369670939865003,0.028163713610962492,0.08271098602616601,0.02037154860868125,0.07168426660895512,0.05348849553833009,0.0,0.17859861865908572,0.045851632333715586,0.039897888811751644,0.03643030230636784,0.0,0.0576047580202064,0.04666545466580344,0.016629169710529672,0.019074738855594634,0.0,0.04745640846181484,0.0,0.0,0.04819599248097424,0.0,0.020089374815380215,0.021329892293966733
please check sources information use get information city services news events 02 emailing city,0.08436184992254786,0.09250322129147674,0.03161477789323509,0.0,0.0,0.0,0.445435627966022,0.8243904937557459,0.5071420158881114,0.02307323061563764,0.29042584478261135,0.05406325438605283,0.07877047607777847,0.10696540732613041,0.0251466097996738,0.059088989920238935,0.08354776244353607,0.0883564127250206,0.10042030769607299,0.12943514525717703,0.0,0.0,0.0,0.0,0.05950853466197383,0.10214292946621228,0.03698072132535028,0.03617006748708482,0.03565516113747145,0.0,0.06815674892364942,0.030135735039722802,0.08850240398654484,0.021797963141518804,0.07670359437980713,0.05723375658063382,0.0,0.1911040825339071,0.04906216070205302,0.04269153643883322,0.03898114974775106,0.0,0.06163823949866393,0.04993296682187036,0.017793543111873023,0.02041035085232357,0.0,0.05077930315217535,0.0,0.0,0.051570672797133156,0.0,0.02149603155722789,0.022823409990456844
please check sources information use get information city services news events 03 calling city,0.08436184992254786,0.09250322129147674,0.03161477789323509,0.0,0.0,0.0,0.445435627966022,0.8243904937557459,0.5071420158881114,0.02307323061563764,0.29042584478261135,0.05406325438605283,0.07877047607777847,0.10696540732613041,0.0251466097996738,0.059088989920238935,0.08354776244353607,0.0883564127250206,0.10042030769607299,0.12943514525717703,0.0,0.0,0.0,0.0,0.05950853466197383,0.10214292946621228,0.03698072132535028,0.03617006748708482,0.03565516113747145,0.0,0.06815674892364942,0.030135735039722802,0.08850240398654484,0.021797963141518804,0.07670359437980713,0.05723375658063382,0.0,0.1911040825339071,0.04906216070205302,0.04269153643883322,0.03898114974775106,0.0,0.06163823949866393,0.04993296682187036,0.017793543111873023,0.02041035085232357,0.0,0.05077930315217535,0.0,0.0,0.051570672797133156,0.0,0.02149603155722789,0.022823409990456844
please check sources information use get information city services news events 04 instagram,0.06435299598884385,0.06272310369268004,0.01609539236125871,0.0,0.0,0.0,0.4359002723785091,0.8245453345149631,0.4854201068161975,0.011746807175259671,0.2957172711706067,0.05504826221513703,0.04010281910682915,0.06800385296718559,0.02560476955732972,0.045074326070529205,0.06373199291317029,0.05991130211349019,0.0766027258090819,0.08228911390033222,0.0,0.0,0.0,0.0,0.030296376506664793,0.08783694827657292,0.01882724659790334,0.018414534807230445,0.01815239095303927,0.0,0.03469926689659498,0.015342397191506473,0.067511497839107,0.022195112084850338,0.03905054943707221,0.02913826475659638,0.0,0.1780627159184765,0.049956050885914705,0.021734678377576942,0.019845684255693878,0.0,0.031380630050243614,0.025421361347969178,0.009058866674620893,0.01556944552231087,0.0,0.025852239444024424,0.0,0.0,0.026255133463441577,0.0,0.010943839722423484,0.01161962105376298
please check sources information use get information city services news events 05 city website,0.08857535183380583,0.09712334875509918,0.0331937964567142,0.0,0.0,0.0,0.4676831708008502,0.8655651588946898,0.5324715203404865,0.024225636607056057,0.3049313333795747,0.05676347523106271,0.08270471355371262,0.11230785712566566,0.026402571926510292,0.06204022406448553,0.0877206042797495,0.09276942541061924,0.1054358586684021,0.13589985925320458,0.0,0.0,0.0,0.0,0.06248072321360695,0.10724451778987404,0.038827745070409425,0.03797660265229376,0.03743597900404117,0.0,0.07156087759221921,0.0316408819432534,0.09292270829104496,0.02288667515343703,0.08053460024106304,0.060092330011187765,0.0,0.20064888765310596,0.05151259899943908,0.04482379018320595,0.2649896549294966,0.0,0.0647167974033642,0.052426898039973,0.018682252024477007,0.02142975775727725,0.0,0.05331550513305264,0.0,0.0,0.05414640019755261,0.0,0.022569663419663297,0.023963338544708605
please check sources information use get information city services news events 06 mailers,0.06435299598884385,0.06272310369268004,0.01609539236125871,0.0,0.0,0.0,0.4359002723785091,0.8245453345149631,0.4854201068161975,0.011746807175259671,0.2957172711706067,0.05504826221513703,0.04010281910682915,0.06800385296718559,0.02560476955732972,0.045074326070529205,0.06373199291317029,0.05991130211349019,0.0766027258090819,0.08228911390033222,0.0,0.0,0.0,0.0,0.030296376506664793,0.08783694827657292,0.01882724659790334,0.018414534807230445,0.01815239095303927,0.0,0.03469926689659498,0.015342397191506473,0.067511497839107,0.022195112084850338,0.03905054943707221,0.02913826475659638,0.0,0.1780627159184765,0.049956050885914705,0.021734678377576942,0.019845684255693878,0.0,0.031380630050243614,0.025421361347969178,0.009058866674620893,0.01556944552231087,0.0,0.025852239444024424,0.0,0.0,0.026255133463441577,0.0,0.010943839722423484,0.01161962105376298
please check sources information use get information city services news events 07 facebook,0.06435299598884385,0.06272310369268004,0.01609539236125871,0.0,0.0,0.0,0.4359002723785091,0.8245453345149631,0.4854201068161975,0.011746807175259671,0.2957172711706067,0.05504826221513703,0.04010281910682915,0.06800385296718559,0.02560476955732972,0.045074326070529205,0.06373199291317029,0.05991130211349019,0.0766027258090819,0.08228911390033222,0.0,0.0,0.0,0.0,0.030296376506664793,0.08783694827657292,0.01882724659790334,0.018414534807230445,0.01815239095303927,0.0,0.03469926689659498,0.015342397191506473,0.067511497839107,0.022195112084850338,0.03905054943707221,0.02913826475659638,0.0,0.1780627159184765,0.049956050885914705,0.021734678377576942,0.019845684255693878,0.0,0.031380630050243614,0.025421361347969178,0.009058866674620893,0.01556944552231087,0.0,0.025852239444024424,0.0,0.0,0.026255133463441577,0.0,0.010943839722423484,0.01161962105376298
please check sources information use get information city services news events 08 x twitter,0.06571131738941242,0.06404702238126167,0.016435123488907154,0.0,0.0,0.0,0.44510097328430753,0.8419493039246363,0.4956660403461458,0.011994751180497186,0.3019590799904853,0.05621018531571643,0.04094928346453177,0.06943923429461377,0.026145218465914753,0.046025725780473085,0.06507720658262947,0.06117587111367769,0.07821960658066868,0.08402601927244613,0.0,0.0,0.0,0.0,0.030935852819093508,0.08969095374704686,0.019224639937168345,0.018803216893057688,0.018535539876008995,0.0,0.03543167657054173,0.015666234584327456,0.06893648685306364,0.022663592149680525,0.03987480316744292,0.029753296395545702,0.0,0.18182114851293346,0.05101049088460559,0.022193439905631607,0.020264574118072764,0.0,0.03204299208491812,0.02595793899474291,0.00925007537096765,0.015898075304389823,0.0,0.026397911786855657,0.0,0.0,0.026809309832547364,0.0,0.011174835210216116,0.011864880496642059
please check sources information use get information city services news events 09 city enewsletter,0.08607741122611334,0.09438434346990823,0.03225768804307469,0.0,0.0,0.0,0.454493894555357,0.8411550909215628,0.5174551280195857,0.023542442014258844,0.2963318715153324,0.05516267109223792,0.08037233261300777,0.10914062887233056,0.025657984914465477,0.06029060871673286,0.08524676866944511,0.09015320645028944,0.10246242974690153,0.1320673057269683,0.0,0.0,0.0,0.0,0.0607186852145245,0.10422008231890498,0.03773275194750895,0.03690561285723927,0.036380235501962,0.0,0.06954276738030479,0.03074856774711502,0.09030216655328836,0.02224124102241484,0.07826341933010388,0.058397647819832206,0.0,0.1949903269589589,0.0500598764283799,0.04355970075684497,0.03977386057779012,0.0,0.06289169919165184,0.0509483910418284,0.018155388116979945,0.020825410599668946,0.0,0.05181193825429642,0.0,0.0,0.05261940099276691,0.0,0.021933169433574366,0.023287541099850314
please check sources information use get information city services news events 10 tv news outlets,0.05203198499348756,0.050714151531472865,0.013013771945450548,0.0,0.0,0.0,0.3524428984625305,0.7671414726587343,0.3924816758768481,0.009497765959031058,0.23909930500409848,0.0445087335792746,0.03242474184612657,0.05498384966725316,0.020702485795683036,0.03644440513849456,0.05152987903528233,0.048440696887676105,0.061936384134304544,0.06653405756480615,0.0,0.0,0.0,0.0,0.024495838671211377,0.07101970474525679,0.015222585947989462,0.014888891869431715,0.01467693802209608,0.0,0.02805575259870798,0.012404945071570282,0.0545857607478174,0.017945640621423616,0.03157393950468801,0.023559458751762286,0.0,0.14397086600561643,0.040391475953666996,0.017573361454320063,0.016046033747314087,0.0,0.025372501260757466,0.020554192883278703,0.007324457977894171,0.012588522777000791,0.0,0.020902575150234165,0.0,0.0,0.021228331165943415,0.0,0.008848534484812293,0.009394930865444382
please check sources information use get information city services news events 11 newspapers,0.06416689045527388,0.0625417117232694,0.016048845319627122,0.0,0.0,0.0,0.43463967135243775,0.8221607920849707,0.4840162969920164,0.011712836016908718,0.29486207212833365,0.05488906549003934,0.03998684382964344,0.067807189344198,0.02553072188904044,0.04494397345252339,0.06354768328835282,0.059738041728711264,0.07638119469090233,0.08205113804211303,0.0,0.0,0.0,0.0,0.030208760953909685,0.08758292836848652,0.0187727991752167,0.018361280925680987,0.0180998951779479,0.0,0.03459891841272024,0.015298027772931728,0.06731625808166612,0.022130924969491907,0.03893761726930729,0.029053998403080067,0.0,0.17754776776034142,0.04981158057241471,0.02167182281266848,0.019788291564013953,0.0,0.03128987889236007,0.025347844086728393,0.009032668901073381,0.015524419491715173,0.0,0.025777476105631553,0.0,0.0,0.026179204976397835,0.0,0.010912190704385552,0.0115860177110924
please check sources information use get information city services news events 12 radio,0.06555634076659991,0.0638959709090925,0.016396362130361816,0.0,0.0,0.0,0.44405122647674644,0.8399636115829603,0.49449703853599375,0.011966462202231635,0.3012469256721176,0.05607761660405491,0.040852706772569906,0.06927546557943351,0.02608355636840222,0.04591717657118419,0.06492372547619416,0.06103159109800509,0.0780351298276954,0.08382784840610885,0.0,0.0,0.0,0.0,0.030862892267027316,0.08947942243614376,0.019179299653475767,0.018758870513044815,0.01849182479790506,0.0,0.03534811285893712,0.01562928660908478,0.1425131867082184,0.02261014128137205,0.03978076057971663,0.029683124839471185,0.0,0.1813923330718209,0.05089018537378381,0.022141097866211143,0.020216781205309477,0.0,0.03196742040418769,0.025896718585833155,0.009228259563604386,0.015860580545225392,0.0,0.026335653725678986,0.0,0.0,0.02674608151111286,0.0,0.011148479959854863,0.011836897811428994
please check sources information use get information city services news events 13 hoa,0.06341394957115978,0.06180784085334233,0.015860526520036965,0.0,0.0,0.0,0.42953956480064426,0.8125134728945872,0.4783368000427788,0.011575396395891058,0.2914021302844201,0.054244991557127274,0.03951763409651776,0.06701153281897337,0.025231141775763733,0.04441659625118417,0.06280200824474313,0.059037069410505946,0.07548492990617905,0.08108834155966453,0.0,0.0,0.0,0.0,0.029854288249696565,0.08655522129009795,0.01855251722126825,0.018145827769145598,0.01788750914862713,0.0,0.03419293114990869,0.015118519143561854,0.06652636219430672,0.02187123842251163,0.03848071926842187,0.02871307580126079,0.0,0.17546440401493546,0.04922708636910816,0.02141752341755741,0.019556093718059404,0.0,0.030922720239199872,0.025050409880370047,0.008926678636311766,0.015342254358661118,0.0,0.02547500055302966,0.0,0.0,0.025872015495958973,0.0,0.01078414593771093,0.011450066189102536
please check sources information use get information city services news events 14 riveria beach magazine,0.0565566719120518,0.05512424001933777,0.014145445928100414,0.0,0.0,0.0,0.3830912347198128,0.7246521975272152,0.42661177306300035,0.010323689040685376,0.2598913139525415,0.04837920065088855,0.035244388363309294,0.0597652299154382,0.022502768192620478,0.039613600455675725,0.056010902959611204,0.05265308639311657,0.06732235484272038,0.07231984067379492,0.0,0.0,0.0,0.0,0.02662598997735052,0.07719555848332536,0.016546337780909314,0.016183625758249658,0.015953240463401516,0.0,0.03049547302816568,0.013483675638890882,0.059332523294478634,0.019506188530083516,0.034319600487298624,0.02560818272098803,0.0,0.1564905324021898,0.04390390744925444,0.019101536070328176,0.01744139237144498,0.0,0.0275788869014393,0.022341579769868888,0.007961390803007399,0.12598047101111384,0.0,0.022720257261697095,0.0,0.0,0.02307434092977455,0.0,0.009618000578348907,0.010211911436010968
please check sources information use get information city services news events 15,0.0713240333452961,0.06951758298980712,0.017838925505178568,0.0,0.0,0.0,0.48311916305711994,0.9138641959085909,0.5380032328415248,0.01301927989202289,0.327750840278031,0.061011364420604265,0.04444695640451171,0.07537036935282705,0.02837840584799193,0.049957001787896596,0.07063576012046363,0.06640119304536288,0.08490071497051507,0.09120308096921612,0.0,0.0,0.0,0.0,0.03357823105201829,0.09735188442374007,0.02086670781235675,0.020409289022949438,0.02011874843955784,0.0,0.038458064479532754,0.01700436214459212,0.07482467986264553,0.02459939727929504,0.043280699638051326,0.03229466686343291,0.0,0.19735135703588824,0.05536753937305386,0.024089087097364133,0.021995467714645528,0.0,0.0347799363449681,0.028175129947014453,0.010040168275666013,0.017256005482535454,0.0,0.028652682906570984,0.0,0.0,0.02909922041479377,0.0,0.01212933100151274,0.012878316335761086
please define none,0.0,0.0,0.0,0.0,0.0,0.0,0.0,0.0,0.0,0.0,0.0,0.0,0.0,0.0,0.0,0.0,0.0,0.0,0.0,0.0,1.0,0.0,0.0,0.0,0.0,0.0,0.0,0.0,0.0,0.0,0.0,0.0,0.0,0.0,0.0,0.0,0.0,0.0,0.0,0.0,0.0,0.0,0.0,0.0,0.0,0.0,0.0,0.0,0.0,0.0,0.0,0.0,0.0,0.0
three sources listed question 10 prefer use get information city services news events 1st,0.14683238083037162,0.3500678809399615,0.17888967273609913,0.0,0.0,0.0,0.36989592590792764,0.6488898539788633,0.28083813577046424,0.012428140460364117,0.16391928752088733,0.0,0.04242884566675701,0.07194818335846641,0.02708988644880131,0.10284479393014807,0.145415455966144,0.06338625183172857,0.08104580434478649,0.08706201188576357,0.0,0.0,0.0,0.0,0.03205361397758555,0.017104688949608784,0.019919256501755144,0.01948260677833634,0.019205258168445916,0.0,0.03671187893258427,0.016232280350726307,0.07142727085885299,0.02348246348207783,0.041315542701721227,0.030828329925169814,0.0,0.10293610027330706,0.0,0.022995323895864825,0.02099676514493803,0.0,0.033200755931411585,0.026895840274933955,0.009584295184568848,0.016472497841694522,0.0,0.02735170997800929,0.0,0.0,0.02777797248400351,0.0,0.011578599632796364,0.012293577343852002
three sources listed question 10 prefer use get information city services news events 2nd,0.31630772048003053,0.22475340072468536,0.3055475740691029,0.0,0.0,0.0,0.3701898837401097,0.6494055294471248,0.2810613190060798,0.012438017155325857,0.1640495548610701,0.0,0.0424625640470381,0.072005360879299,0.027111414894336362,0.10292652511602343,0.14553101823435946,0.06343662514993387,0.08111021178288998,0.08713120042904512,0.0,0.0,0.0,0.0,0.03207908711805154,0.017118282117123223,0.019935086417820217,0.019498089687048456,0.01922052066706316,0.0,0.03674105401560219,0.016245180211495413,0.0714840344083536,0.023501125093563665,0.04134837633550136,0.030852829327298544,0.0,0.10301790402071342,0.0,0.023013598375493553,0.02101345136160747,0.0,0.0332271407103638,0.026917214511166833,0.009591911863851091,0.016485588604303717,0.0,0.027373446495792972,0.0,0.0,0.027800047754375216,0.0,0.011587801194125828,0.012303347100944868
three sources listed question 10 prefer use get information city services news events 3rd,0.14465805350252162,0.22124937339418188,0.17624063373052995,0.0,0.0,0.0,0.36441842281485226,0.6392809452743129,0.2766794207114637,0.012244101726642665,0.1614919333882174,0.0,0.04180054965942784,0.07088275827729033,0.02668873324212526,0.10132184480472486,0.14326211078430554,0.062447613782081135,0.07984565962059223,0.08577277779046202,0.0,0.0,0.0,0.0,0.03157895676346372,0.016851398821047338,0.019624287616027854,0.019194103901134952,0.018920862332609763,0.0,0.03616824107036058,0.01599190904733731,0.07036955956857863,0.02313472981607328,0.04070373273818815,0.03037181699628317,0.0,0.10141179906276465,0.0,0.02265480390377056,0.02068584026588272,0.0,0.032709111578042814,0.02649756054818324,0.009442368759211325,0.016228569343003735,0.0,0.026946679628897692,0.0,0.0,0.027366629942646714,0.0,0.011407141093082926,0.012111531251398765
please rate satisfaction following items 1 availability housing options price range,0.0,0.0,0.03469933890228993,0.009891253035422626,0.00934468558808304,0.013615479299819919,0.014117897709006382,0.0,0.012382183982869468,0.009395519841855826,0.012080235718119843,0.009931989136323744,0.07954587617930627,0.026833078016830297,0.048905427345294024,0.04519755303716816,0.06390622735767995,0.0570260521394189,0.03840607352764554,0.06261943802954041,0.0,0.0,0.0,0.010065627520602714,0.012116067045188871,0.1816450725201461,0.007529355268156222,0.10957835421296123,0.10801842927268894,0.03204994239087759,0.009251241514983619,0.030189163664233888,0.009039498906884718,0.0371303979824874,0.0384197923381448,0.028667614084311566,0.009046218899344668,0.0,0.03330725529923057,0.06466767449992178,0.11809461611352438,0.0,0.03087375996881487,0.18122069480215502,0.04726791949512386,0.0,0.0,0.025434665714907843,0.0,0.0,0.010499901110400457,0.0840593023061876,0.06512290199602157,0.06914423660323357
please rate satisfaction following items 2 availability range housing types eg apartments townhomes condos duplexes single family,0.0,0.0,0.023685443489115988,0.006751676608789474,0.006378594792348937,0.009293798548762293,0.009636744645579492,0.0,0.008451962725397557,0.006413293777492057,0.008245855670116112,0.006779482689434909,0.05429726947659049,0.018316007541133068,0.0333823863030885,0.030851426055195575,0.04362179178529062,0.03892544867090974,0.02621562580023246,0.042743441451300976,0.0,0.0,0.0,0.006870702997917715,0.008270313798117435,0.08275427263028295,0.04818572228922303,0.07479715748043107,0.07373236733776803,0.02187699026388244,0.006314810743925953,0.020606840146620113,0.006170277224354099,0.02534486163033364,0.02622499013168941,0.019568244665230123,0.00617486422821909,0.0,0.022735220270015653,0.044141548467350286,0.08061027802870145,0.0,0.02107413916723461,0.1527610037710297,0.0,0.0,0.0,0.017361464411509264,0.0,0.0,0.007167134079758619,0.05737809184532712,0.04445228248922676,0.04719720779913405
please rate satisfaction following items 3 efforts city expand preserve housing affordable,0.022609425740467388,0.03301866761288236,0.050898210656178194,0.009694275572538498,0.009158592637877584,0.013344336446753143,0.03235901838116605,0.015598945412308295,0.04462572775690765,0.021535061772637018,0.011839666179126566,0.009734200442165422,0.12004412952768281,0.06922853061259664,0.04793150958530534,0.06013363949133056,0.08502482499478489,0.08742889806246007,0.06455442121187356,0.11332030148337383,0.0,0.0,0.0,0.009865177510452886,0.04366663507754947,0.029638426947805434,0.027136001116332315,0.12671968096550099,0.12491573718316175,0.03141168995560686,0.04547908423485421,0.045687688296895526,0.03257859985246468,0.03639097178802286,0.07863283192106574,0.05867329162088071,0.008866069706810012,0.01733880555717293,0.03264396434701442,0.08618739721701829,0.13656814053408214,0.0,0.06318855544642893,0.20428800790990725,0.009506025931503926,0.005470082891214034,0.0,0.05205649672768161,0.0,0.0,0.0378419291035762,0.08238531944064108,0.181898258903605,0.07996045994573339
think number variety places live work play [city name] would like see fewer following types places [city name] 01 educational facilities daycares trade schools private schools charter schools,0.06066430868113046,0.05945614845876125,0.04531796668973864,0.004450754876342544,0.004204816599080303,0.006126540355442968,0.023360191849428842,0.014323315205996865,0.03540478722533089,0.015546305162053374,0.005435728702646822,0.0044690848492064,0.04345201663465868,0.04432705941388142,0.004638234803873304,0.053583292715194034,0.07576308575852173,0.03436776979182049,0.024712307311302282,0.0536386437211992,0.0,0.0,0.0,0.004529217947446441,0.10188838398879259,0.12188605182608063,0.45146161907622134,0.07201047850703966,0.024023771307934753,0.005862093372636436,0.08508282516876853,0.020304886689460594,0.02584693749217718,0.0,0.11055067908271193,0.0333195708841352,0.004070515912850678,0.015920895337893735,0.0040556744419633015,0.024853578718396812,0.026264759349976727,0.0,0.035883712914346166,0.043652232208067354,0.025180548852346482,0.005022757589238545,0.0,0.02956200487106239,0.03530879080503173,0.0,0.0743273238310758,0.005083994807028223,0.01448361835101256,0.015377980763119683
think number variety places live work play [city name] would like see fewer following types places [city name] 02 historic monuments murals,0.08901027269956871,0.08723758834536119,0.06649320928465972,0.00653041160238938,0.0061695563713269124,0.008989223475854327,0.03427545936048334,0.02101601782275354,0.05194800425999323,0.022810461242023627,0.007975623635417161,0.0065573064260288205,0.06375537666351418,0.06503929134243694,0.006805493274595083,0.0786205859822774,0.11116409418549007,0.05042643075890627,0.03625936338245554,0.07870180026207102,0.0,0.0,0.0,0.006645537275254352,0.14949668167209712,0.17883844631510326,0.6624112711575771,0.10565804619696838,0.035249102509866424,0.008601211173960096,0.055164820833343675,0.02979253436914054,0.03792416009750077,0.0,0.16220651493776042,0.048888451135551916,0.005972502436897812,0.02336008217114996,0.005950726150318964,0.036466645172086275,0.03853721311518308,0.0,0.052650712443913214,0.06404914483091358,0.036946395150618996,0.00736968791768353,0.0,0.043375127357838175,0.051807152616996296,0.0,0.1090574591067758,0.007459538796615868,0.02125122410734908,0.022563485697806484
think number variety places live work play [city name] would like see fewer following types places [city name] 03 small scale multiunit housing motherinlaw suite smaller units attached detached main house duplex triplex smaller size homes sharing lawn etc,0.05194136850042874,0.050906930019517516,0.038801681889998024,0.0038107794214276764,0.0036002046870350934,0.005245603175130109,0.020001222456348694,0.012263761170889089,0.030313921644048898,0.013310897013378519,0.004654123548932113,0.00382647372168137,0.03720403738499355,0.03795325748553325,0.0039713015507326435,0.045878534065483215,0.06486908763434095,0.029426017276120497,0.021158916807230515,0.04592592613278419,0.0,0.0,0.0,0.003877960262658469,0.08723782094827032,0.10436001778637322,0.38654580971977914,0.06165606896942639,0.020569385614108236,0.00501918110783219,0.032191074134061345,0.01738524059410859,0.02213039815462882,0.0,0.09465456188399404,0.028528539221734234,0.0034852151390624944,0.013631624749059722,0.0034725077279799486,0.02127987475390458,0.02248814127501239,0.0,0.030723982456382887,0.10719392795022276,0.021559829748617917,0.004300533682865712,0.0,0.02531127481713038,0.0302317285794631,0.0,0.06363977436969394,0.0043529655816923135,0.01240101427585405,0.013166776033139812
think number variety places live work play [city name] would like see fewer following types places [city name] 04 carwash,0.10145976358692199,0.09943914135942712,0.07579333361810936,0.007443792690536599,0.007032466162459581,0.010246508195391793,0.03906942309103433,0.02395543946968994,0.05921375220162502,0.02600086411077334,0.009091140426442186,0.0074744491795620815,0.07267257191210306,0.07413606231426105,0.007757348874363693,0.08961691527168852,0.12671214651237445,0.05747936264165285,0.041330807389089834,0.08970948864976987,0.0,0.0,0.0,0.007575020505005725,0.17040615110432983,0.20385182443633537,0.755059937809694,0.12043599084774446,0.04017924559531829,0.00980422625168984,0.06288049132213341,0.033959490315805925,0.0432284521890208,0.0,0.1848936550659893,0.055726272304386724,0.006807851126524002,0.026627358197807552,0.00678302908271847,0.04156708080713443,0.043927250342917445,0.0,0.06001474521118202,0.07300742819227993,0.04211393138883134,0.0084004550391765,0.0,0.04944182321666135,0.05905320023424105,0.0,0.1243108652830529,0.008502872981039475,0.02422354306386461,0.025719345140343942
think number variety places live work play [city name] would like see fewer following types places [city name] 05 restaurants coffee shops cafes smoothie shops bars,0.07083322821443075,0.069422548844449,0.0529144392565492,0.005196817415979613,0.00490965347232457,0.007153508225784744,0.02727596895731482,0.016724276214972866,0.04133955249695747,0.01815227116858969,0.006346898531888768,0.0052182199701215305,0.05073570733061661,0.05175743009026876,0.005415723866594815,0.06256524938454563,0.0884629539251984,0.04012870390860072,0.028854734217569605,0.06262987866204833,0.0,0.0,0.0,0.00528843294317734,0.11896753317362968,0.1423173314400295,0.5271383551433966,0.08408131187533137,0.028050781631268163,0.006844733035050901,0.04389945368087104,0.023708515006783358,0.030179557994320098,0.0,0.12908185473416173,0.038904799539518475,0.0047528404901300385,0.01858965242272466,0.004735511201834195,0.029019686395158884,0.030667417687274913,0.0,0.0418987586160956,0.05096948425335193,0.029401465247022137,0.00586470269453449,0.0,0.03451736751035296,0.041227464574179674,0.0,0.08678652087124354,0.005936204866358668,0.0169114503458786,0.0179557312125111
think number variety places live work play [city name] would like see fewer following types places [city name] 06 entertainment venues bowling movies jump gyms racetracks etc,0.07429218254279304,0.0728126163574602,0.055498376672831126,0.005450590320982538,0.005149403481705002,0.007502830978175018,0.028607919134702873,0.01754096224017257,0.04335826077337596,0.019038689570107743,0.006656832622173254,0.0054730380125430555,0.053213252105824324,0.05428486800815785,0.005680186492142025,0.06562045872088436,0.09278280952253148,0.04208828358010784,0.030263779242504278,0.0656882439991058,0.0,0.0,0.0,0.005546679651398529,0.12477699963702142,0.14926702386538718,0.5528797697468548,0.08818720151183258,0.02942056774695523,0.007178977563429607,0.046043167996171065,0.024866257956935225,0.03165329730260772,0.0,0.13538522747885898,0.04080461306141396,0.004984932950120469,0.0194974291869811,0.004966757431626323,0.03043678642567537,0.03216498034004531,0.0,0.043944774251997755,0.05345844490948376,0.030837208443259267,0.0061510900198221054,0.0,0.036202932333011764,0.0432406993318073,0.0,0.09102451227130137,0.006226083812075749,0.01773727652728146,0.018832552102396396
think number variety places live work play [city name] would like see fewer following types places [city name] 07 public parks recreation places play ages trails linear parks,0.07329631094905727,0.07183657804745082,0.05475443222356037,0.005377526266542745,0.005080376775575319,0.007402257055212646,0.028224435798407964,0.017305829209699038,0.04277705210807498,0.018783479809458936,0.006567599135071735,0.0053996730513644255,0.05249993928651166,0.0535571903956731,0.0056040447477345625,0.14824108155898363,0.21297024460769623,0.08498244806175155,0.029858099438315727,0.06480770645124992,0.0,0.07289144214632458,0.0,0.005472327539031952,0.12310438934025818,0.1472661297758456,0.6837675572179067,0.3466029815587892,0.02902619102133009,0.007082744829610434,0.045425968695738894,0.2408215479811801,0.031228991291492984,0.0,0.13357041604590653,0.04025763552420357,0.0049181109380084555,0.019236070115089453,0.00490017905864228,0.030028787495391243,0.03173381532190535,0.0,0.04335570349283022,0.05274184533051758,0.06929896050956967,0.0934185754995682,0.0,0.035717639389846206,0.04266106655371504,0.0,0.08980434720141091,0.006142624425146406,0.017499511943725427,0.018580105572567736
think number variety places live work play [city name] would like see fewer following types places [city name] 08 grocery stores markets,0.09081766472104034,0.0890089852455821,0.06784338261070684,0.0066630144297835,0.006294831877438352,0.009171753540045034,0.03497143736281467,0.0214427571392834,0.053002830917448694,0.023273637507015804,0.008137572117179125,0.006690455364430023,0.06504995711600291,0.06635994223687082,0.006943681754122588,0.08021701092872612,0.11342132911817163,0.05145036120941236,0.03699562541259544,0.08029987429953894,0.0,0.0,0.0,0.006780477779146834,0.1525322763455639,0.1824698381893118,0.6758618180451714,0.10780347844775182,0.035964850756761486,0.008775862480818563,0.05628496634033054,0.030397484643812207,0.038694226543792745,0.0,0.16550018826374546,0.049881152245711866,0.006093776677783508,0.023834418726432334,0.0060715582143027556,0.03720711614846814,0.03931972786771311,0.0,0.05371980789446998,0.06534969037288937,0.13918082162980955,0.007519332613056109,0.0,0.044255878048058826,0.05285911922102149,0.0,0.1112719179045468,0.007611007952882445,0.021682739389048855,0.023021647017730205
think number variety places live work play [city name] would like see fewer following types places [city name] 09 beauty salons barber shops nail salons,0.07136979038506146,0.06994842510955342,0.05331526648270993,0.005236183342161153,0.004946844129740045,0.007207696097748338,0.027482584601959563,0.016850962717541516,0.041652699879616936,0.018289774742344802,0.006394976330104229,0.005257748020791773,0.05112003064807701,0.05214949296436835,0.005456748010582715,0.06303918156104052,0.0891330613842968,0.040432679105221914,0.029073309019467412,0.0631043004057463,0.0,0.0,0.0,0.005328492857581298,0.11986871302160981,0.14339538616379083,0.5311314316583086,0.08471822836701985,0.028263266487025377,0.006896581932909355,0.04423199233187257,0.023888107164237487,0.030408168345059536,0.0,0.1300596506346328,0.039199503652476354,0.0047888432881717366,0.0187304691623629,0.0047713827304028235,0.029239510710889233,0.030899723578404273,0.0,0.042216141988793615,0.05135557843254302,0.029624181540071893,0.005909127856103536,0.0,0.03477883679676958,0.041539762890085256,0.0,0.08744392933890781,0.005981171657350597,0.017039554693722647,0.018091745994803402
think number variety places live work play [city name] would like see fewer following types places [city name] 10 medical health care,0.0951314374061474,0.09323684697777807,0.0710658936901349,0.006979502744429793,0.006593831789995492,0.009607405128500975,0.036632555072877215,0.02246127242840639,0.05552042664012387,0.024379118275203716,0.008524100844051833,0.007008247103412272,0.06813978252647053,0.06951199098295992,0.007273501561502757,0.08402726030794301,0.11880875933850796,0.053894215755835584,0.13318194651765222,0.08411405962829503,0.0,0.0,0.0,0.007102545517020329,0.15977744796848337,0.19113702211498035,0.70796476033669,0.1129240648679805,0.03767315487683568,0.009192709533363841,0.05895846109629994,0.03184134294335357,0.04053217401853426,0.0,0.17336132622303083,0.052250470513475776,0.006383226615331559,0.024966536192602636,0.006359952791077517,0.038974426966532846,0.04118738619808953,0.0,0.0562714594994322,0.06845375289394937,0.03948716896438549,0.007876495415425781,0.0,0.04635799990359819,0.05536988874317187,0.0,0.11655725266348939,0.007972525266877752,0.022712653659604905,0.024115158421886065
think number variety places live work play [city name] would like see fewer following types places [city name] 11 makerspaces community operated spaces people common interests like woodwork crafts commercial kitchens etc,0.06558385659882952,0.06427772110507884,0.04899300912424026,0.004811687067941237,0.004545804524172184,0.006623369702114379,0.02525457729069333,0.015484858740047342,0.03827592432484806,0.016807026578824144,0.005876536953851721,0.042347857921529466,0.08736250090465242,0.04792174461805179,0.005014370605422327,0.057928608467263054,0.0819070629814539,0.037154810376161675,0.026716342016682052,0.05798844814102451,0.0,0.06250031973341252,0.0,0.004896513070502811,0.11015098185213394,0.18772366167068616,0.5206529173208397,0.07785013954156841,0.025971969460730826,0.006337477496706764,0.040646114084443935,0.021951503377327382,0.027942984579549496,0.0,0.11951574231190423,0.03602160819611169,0.004400612777356022,0.01721199399557616,0.004384567743306271,0.026869069772191518,0.028394689534267048,0.0,0.08619791121439609,0.0663932073058633,0.027222555418748066,0.050893837456971625,0.0,0.03195932386584196,0.1013890909997944,0.0,0.08035486851312788,0.08352012940399901,0.01565816160467425,0.016625051979891888
think number variety places live work play [city name] would like see fewer following types places [city name] 12 librariesbookstores,0.10182822059626254,0.09980026036208768,0.07606858150008332,0.007470825254933976,0.007058004970740842,0.010283718983514939,0.03921130596440068,0.02404243503593605,0.05942879037317912,0.026095287755101254,0.009124155429578402,0.0075015930747753794,0.0729364865671464,0.07440529171948428,0.0077855201362079084,0.08994236429127986,0.1271723090132566,0.057688102277041416,0.041480902610543484,0.09003527385494675,0.0,0.0,0.0,0.0076025296308137764,0.1710249909142151,0.20459212414653605,0.7578019817167831,0.12087336112573363,0.04032515885340436,0.009839830867311687,0.06310884546922906,0.03408281617226498,0.10192255459299775,0.0,0.18556510708581678,0.055928645490653614,0.006832574232289627,0.026724056991707247,0.006807662045793998,0.04171803406919375,0.04408677469737782,0.0,0.0602326922352543,0.07327255889730397,0.04226687057045883,0.008430961778315342,0.0,0.049621374061988806,0.05926765535202433,0.0,0.12476230739203718,0.008533751656867577,0.024311512263845023,0.025812746432221482
think number variety places live work play [city name] would like see fewer following types places [city name] 13 mid high rise apartments 4 floors,0.08153921349998869,0.0799153190477867,0.06091211523934102,0.005982282828042734,0.0056517159076659934,0.008234714825228796,0.031398555625570826,0.019252042626057154,0.04758775905058466,0.02089586980060554,0.007306191281975332,0.006006920240110696,0.05840408204438259,0.05958023160493729,0.00623427557584187,0.07202158303166505,0.10183355846934111,0.046193898512938474,0.03321594106553097,0.07209598060734362,0.0,0.0,0.0,0.006087745450887977,0.13694870799401607,0.16382767756832328,0.6068119153619703,0.09678965950284095,0.032290476234535924,0.00787927025725671,0.05053457277679399,0.02729190403483476,0.03474100340569848,0.0,0.14859174398039157,0.04478500889757241,0.005471201655286841,0.021399358408435765,0.00545125315690865,0.03340582470015825,0.03530259994258733,0.0,0.04823148556550319,0.05867319284018847,0.03384530696147239,0.006751114655906409,0.0,0.03973444483377147,0.04745872976169667,0.0,0.09990374337901298,0.006833423919525382,0.019467506918823756,0.020669624098638435
think number variety places live work play [city name] would like see fewer following types places [city name] 14 retail shopping plazas,0.09329875965803233,0.0914406679288789,0.06969683120598699,0.006845044780570646,0.0064668036579097095,0.009422321437176528,0.03592684021804918,0.022028562955110544,0.05445084277548823,0.023909462094241357,0.008359886675050186,0.0068732353883587,0.06682709066978687,0.0681728639543441,0.0071333798012718445,0.08240850110067924,0.11651994529913581,0.14257952820823822,0.03800632811216373,0.08249362825894374,0.0,0.0,0.0,0.006965717172164727,0.15669938480107523,0.2839820383871975,0.9647480164586731,0.11074861764934237,0.036947393188306754,0.009015614824547926,0.057822644560142834,0.03122792930982201,0.03975133420961432,0.0,0.1700215738381674,0.051243881343275746,0.006260255726863327,0.024485563586960753,0.006237430265642442,0.03822359667326026,0.04039392392897656,0.0,0.05518740721881457,0.06713501249514613,0.03872646085495023,0.007724757164910833,0.0,0.0454649273590541,0.054303204944608136,0.0,0.11431181320454561,0.007818937030945687,0.022275101404561272,0.0236505873459401
think number variety places live work play [city name] would like see fewer following types places [city name] 15 fitness centers gyms dance schools yoga studio etc,0.0749999036465346,0.07350624283942725,0.05602706449771952,0.005502513654851305,0.005198457653906548,0.007574304337003879,0.02888044347592948,0.017708060698346864,0.043771299603580914,0.019220055656486865,0.006720246843825358,0.005525175187283148,0.05372017141045398,0.05480199572453728,0.005734297001701507,0.06624557137586957,0.09366667576681235,0.04248922437213187,0.030552077614093495,0.0663140023892179,0.0,0.0,0.0,0.005599518350042595,0.1259656484676545,0.15068896920696306,0.5581466049304387,0.08902728914223546,0.029700833529517003,0.007247365834591243,0.046481783750328486,0.025103138540125355,0.0319548324808367,0.0,0.13667493225454586,0.04119332537010051,0.005032420345547367,0.01968316531199513,0.0050140716836945326,0.030726732895764837,0.03247138990574854,0.0,0.044363400318332295,0.05396769996621674,0.031130969407721455,0.006209686443685877,0.0,0.036547808177985655,0.043652618249925446,0.0,0.09189162865000078,0.006285394640707437,0.017906245111748962,0.019011954485042795
think number variety places live work play [city name] would like see fewer following types places [city name] 16 mixed use buildings businesses bottom another use top apartments,0.07910672717463155,0.07753127691117324,0.059094978661634205,0.00580381874249407,0.005483113328979079,0.00798905595330961,0.030461870637860256,0.17191791320467006,0.046168116057033415,0.020272502032330178,0.007088232221285459,0.005827721168714424,0.05666176537464898,0.057802827918787665,0.006048294016346628,0.06987302765155798,0.09879564912724077,0.044815837312388945,0.032225039645740056,0.06994520579099589,0.0,0.0,0.0,0.005906135193370075,0.13286323984719836,0.15894035319647337,0.5887094389849818,0.09390222028101589,0.03132718337815107,0.007644215044778202,0.0490270201286766,0.026477729105888404,0.03370460616704277,0.0,0.1441589395691334,0.04344897783903935,0.005307984196612697,0.02076097051547499,0.005288630803919654,0.0324092586519657,0.03424944909744324,0.0,0.046792638855389125,0.05692284802911397,0.03283563023260245,0.006549714699045004,0.0,0.03854908272939183,0.04604293598335512,0.0,0.09692340448205425,0.006629568504123121,0.018886750221080516,0.020053005715751807
17 public gathering places plazas courtyards none,0.0,0.0,0.0,0.0,0.0,0.0,0.0,0.0,0.0,0.0,0.0,0.0,0.0,0.0,0.0,0.0,0.0,0.07549271212424381,0.0,0.0,0.0,0.0,0.0,0.0,0.0,0.0,0.30529918627019914,0.0,0.0,0.0,0.0,0.0,0.0,0.0,0.0,0.0,0.0,0.0,0.0,0.0,0.0,0.0,0.0,0.0,0.022754288477382364,0.0,0.0,0.0,0.0,0.0,0.0,0.0,0.0,0.0
think number variety places live work play [city name] would like see fewer following types places [city name] 18 warehousesstorage warehouses,0.09241157031579073,0.0905711474086565,0.06903407549454338,0.006779954410679903,0.0064053100292195166,0.00933272342763302,0.035585207490468465,0.02181909064968756,0.053933063036898446,0.023682104088341916,0.008280391487894032,0.006807876950522867,0.06619162367287759,0.06752459983430577,0.007065547618324864,0.08162486856199805,0.11541194285615726,0.0523533465354005,0.03764492127929222,0.08170918623567963,0.0,0.0,0.0,0.006899479313710174,0.15520931114263764,0.18567229551803188,0.6877236065680243,0.10969549546844068,0.03659605589743148,0.008929884238038399,0.057272801945064,0.030930979102064736,0.03937333389985759,0.0,0.16840481785112915,0.050756596994057344,0.006200726187768301,0.024252727361347964,0.006178117776656132,0.03786012380700828,0.04000981315480914,0.0,0.054662623398644396,0.06649661743185414,0.03835820619155299,0.0076513015021213914,0.0,0.0450325957916615,0.05378682911224977,0.0,0.1132248081603295,0.00774458580026546,0.022063284734801538,0.02342569101175538
think number variety places live work play [city name] would like see fewer following types places [city name] 19 pet friendly amenities,0.08805589053829267,0.08630221318489438,0.06578025862331903,0.006460391500775417,0.006103405416328099,0.0088928396061179,0.033907952487500295,0.020790680770042855,0.05139100957751464,0.022565883884381497,0.007890107742792214,0.006486997953880381,0.06307178147469293,0.06434192981823662,0.006732523703971703,0.07777760367815828,0.10997217526144487,0.04988575062712464,0.03587058477812251,0.07785794716565425,0.0,0.0,0.0,0.00657428277804587,0.14789375470838162,0.17692091233012666,0.6553087931913004,0.10452516398655186,0.03487115608170578,0.00850898763322899,0.05457333493697942,0.029473094123888398,0.03751753128061584,0.0,0.16046731114021823,0.048364261463493846,0.00590846432521612,0.023109611691351107,0.005886921527411312,0.03607564405976196,0.038124011047298595,0.0,0.05208618321362373,0.06336239981353868,0.03655025008347354,0.007290668963247243,0.0,0.04291005241156631,0.05125166816801531,0.0,0.10788812785579871,0.007379556446905898,0.021023365135814535,0.02232155645084331
think number variety places live work play [city name] would like see fewer following types places [city name] 20 cultural facilities community center museums performing arts outdoor amphitheaters,0.07430227773713664,0.07282251050093042,0.05550591807058107,0.005451330974530385,0.005150103208474657,0.007503850500475471,0.0286118065222253,0.017543345794090726,0.043364152511294086,0.01904127664272668,0.006657737185974362,0.04797739053537819,0.09897607647160206,0.054292244508264614,0.005680958344369047,0.06562937555790584,0.09279541731600066,0.042094002747155926,0.03026789163660239,0.06569717004713084,0.0,0.0,0.0,0.005547433362046487,0.12479395496149613,0.14928730701717294,0.5529548978226927,0.08819918483103803,0.029424565561246566,0.007179953078903922,0.10421033130995655,0.024869636908772166,0.03165759851138835,0.0,0.1354036243025337,0.040810157796874295,0.004985610327809464,0.01950007859543979,0.004967432339534714,0.030440922328857173,0.03216935107888319,0.0,0.09765667149753139,0.07521921986496272,0.030841398757792952,0.04560488525841129,0.0,0.036207851769017016,0.11486729798559897,0.0,0.0910368811385221,0.0062269298435683115,0.017739686757369477,0.01883511116402243
please rate level agreement following statements 1 city [city name] safe community,0.05516217907268846,0.08055851026518566,0.04120771913662413,0.011825982916391031,0.011172506832850801,0.016278668134513688,0.062069747135115164,0.03805810152173525,0.09407312254169584,0.0413076757465749,0.01444313078604383,0.10408096728951248,0.23338134916076753,0.13682122678288533,0.03031888230850805,0.05970865094242099,0.08442392045447293,0.11230042622475418,0.08356791196093326,0.1655626412837649,0.0,0.0,0.0,0.01203446506475072,0.09205131028923033,0.056851219788657106,0.05720396028529036,0.09046683613962664,0.08917897710053696,0.20633514587908347,0.09989848549855555,0.07537405355296276,0.06867721312810154,0.015598481536413526,0.14591264066146922,0.1088753222737438,0.010815660036040394,0.04230298938284874,0.010776225156779541,0.08121177196521823,0.09749778011952137,0.0,1.0000000000000004,0.112275765729088,0.06991513894135191,0.013345836176967857,0.0,0.09659706658849543,0.15537222915328475,0.0,0.07977255750689352,0.033232694490290676,0.053764842026749374,0.05708481723158072
please rate level agreement following statements 2 city [city name] affordable community,0.05321708919688736,0.07771791286021454,0.039754681590883176,0.011408983442679925,0.010778549772175941,0.015704661213245315,0.05988108746329625,0.03671612357223128,0.09075598240479642,0.039851113601311175,0.013933847288925525,0.10041093758543486,0.22515202053226588,0.13199673312647284,0.029249799251688018,0.0576032465802618,0.0814470236800535,0.10834056775342583,0.08062119915463066,0.15972468812844107,0.0,0.0,0.0,0.011610114240478836,0.08880546187084441,0.054846572149698805,0.05518687455957913,0.08727685833184153,0.08603441087040348,0.03696773914961769,0.09637593551924718,0.07271626680616351,0.06625556564790179,0.015048458875518131,0.14076757197721657,0.10503623740365221,0.010434285855580858,0.04081133118971837,0.010396241501235684,0.078348139706651,0.09405988212108175,0.0,0.8085954550782318,0.10831677681877516,0.02237487301587302,0.012875244708894893,0.0,0.09319092891569283,0.14989360312749866,0.0,0.07695967381408374,0.032060866642201556,0.05186902406490868,0.05507193264424798
please rate level agreement following statements 3 government city [city name] transparent organization,0.04188251182283276,0.061164965114330345,0.03128742941168798,0.00897901202669487,0.008482852878254647,0.01235976391913975,0.047127161434306286,0.028896046416843634,0.07142608818755182,0.03136332260460404,0.010966111311666837,0.009015991157508924,0.10183235825690767,0.10388307250874874,0.02301995621071964,0.045334472297152165,0.06409982176202716,0.08526537580884208,0.06344988757788483,0.12570531834591556,0.0,0.0,0.0,0.009137304468913626,0.06989100424070752,0.04316493519596647,0.04343275742976849,0.06868797422232657,0.06771015260002011,0.029094071009201687,0.07584906126465724,0.05722860739252039,0.052143955136483185,0.011843324508740039,0.11078583189311435,0.08266482668017924,0.008211912889341996,0.0321190258026908,0.008181971508768574,0.06166096148965419,0.07402629840229744,0.0,0.5479144315506553,0.049415946556111076,0.017609303660984427,0.010132977900145949,0.0,0.07334242141001131,0.0,0.0,0.06056822154392168,0.02523230124865248,0.040821567778727696,0.04334229671122024
please rate level agreement following statements 4 city [city name] communicates engages public well,0.04392861692726314,0.06415308454379852,0.03281592821077051,0.009417667721899529,0.008897269488408063,0.012963581000395115,0.04942948575468002,0.030307717911654233,0.07491549885729039,0.03289552904782391,0.011501843658032963,0.009456453410749932,0.10680722005380809,0.10895811876727292,0.02414456043946696,0.04754921757236968,0.06723131905748929,0.1655395388866636,0.06654963334761846,0.13184645655199145,0.0,0.0,0.0,0.009583693295678939,0.07330542076700373,0.04527369110369416,0.045554597377010814,0.07204361858443635,0.07101802700456175,0.030515416688095143,0.07955454941867146,0.06002442217556408,0.05469136712603302,0.012421911744225462,0.11619810174679321,0.08670328847403368,0.008613093146894272,0.03368815095263917,0.0085816890266484,0.06467331205214566,0.07764273830599142,0.0,0.5746819406229189,0.05183008592092339,0.041409519071756315,0.01062800880689462,0.0,0.07692545156477146,0.0,0.0,0.06352718799253201,0.02646498616019227,0.042815842108696864,0.045459717340472404
please rate level agreement following statements 5 proud say enjoy working living playing city [city name],0.03341748448749212,0.04880269076344726,0.02496381285442854,0.007164231132658615,0.006768352520686508,0.009861686920404516,0.037602118823062254,0.023055761005200688,0.05698990079932408,0.025024366997114796,0.00874971052824865,0.007193736276370313,0.08125064864232368,0.08288688555163481,0.01836730883831793,0.036171756630719136,0.051144372821875145,0.06803207948618797,0.05062579920794433,0.1002985576316318,0.0,0.0,0.0,0.0072905305116144105,0.055765078272020416,0.03444071259184688,0.034654404296426196,0.05480519704170424,0.05402500651652312,0.0232137621244091,0.06051893064399992,0.04566192466846602,0.04160495003883592,0.009449626964240343,0.08839450304181057,0.06595713683390238,0.00655217320186175,0.025627332263525707,0.006528283383001818,0.04919843950097165,0.05906457303682129,0.0,0.43717344590672835,0.03942830922985198,0.014050223024247556,0.008084964751460432,0.14320036522816149,0.05851891691959159,0.0,0.0,0.173099056279543,0.020132508745592748,0.03257097171657827,0.03458222692388463
types businesses industries would like see riveria beach none,0.0,0.0,0.0,0.0,0.0,0.0,0.0,0.0,0.0,0.0,0.0,0.0,0.0,0.0,0.0,0.0,0.0,0.0,0.0,0.0,0.0,0.0,0.0,0.0,0.0,0.22269213519702574,0.12966800434025277,0.0,0.0,0.0,0.0,0.0,0.0,0.0,0.0,0.0,0.0,0.0,0.0,0.0,0.0,0.0,0.0,0.042454330480622963,0.0,0.1364206405960298,0.0,0.0,0.0,0.0,0.0,0.0,0.0,0.0
budget 100 services provided city riveria beach would allocate funds among categories please sure total adds 100,0.04508156359276195,0.043939766042083814,0.01127539507889158,0.0,0.0,0.0,0.036932067633798964,0.031103171644308262,0.021689846286898573,0.008229056418370729,0.0,0.0,0.028093451781591675,0.14114495506565453,0.01793705218132942,0.03157616931310733,0.044646528840811446,0.08394615308311976,0.14159270738167848,0.10373982697020592,0.0,0.0,0.0,0.0,0.021223689792970055,0.011325543900466122,0.013189156180500606,0.012900036885418706,0.012716395787571142,0.0,0.024308071181211994,0.01074789516830291,0.124788454424662,0.015548465794430468,0.027356299434526034,0.02041239130241827,0.0,0.12742062973682786,0.0,0.0455816138753215,0.013902607999323573,0.0,0.021983247981744978,0.017808568204372772,0.006346058451436687,0.6070911899847702,0.11556215151396527,0.0181104136427951,0.0,0.0,0.01839265523976203,0.0,0.007666549145294771,0.008139958014539402
budget 100 services provided city riveria beach would allocate funds among categories please sure total adds 100,0.04508156359276195,0.043939766042083814,0.01127539507889158,0.0,0.0,0.0,0.036932067633798964,0.031103171644308262,0.021689846286898573,0.008229056418370729,0.0,0.0,0.028093451781591675,0.14114495506565453,0.01793705218132942,0.03157616931310733,0.044646528840811446,0.08394615308311976,0.14159270738167848,0.10373982697020592,0.0,0.0,0.0,0.0,0.021223689792970055,0.011325543900466122,0.013189156180500606,0.012900036885418706,0.012716395787571142,0.0,0.024308071181211994,0.01074789516830291,0.124788454424662,0.015548465794430468,0.027356299434526034,0.02041239130241827,0.0,0.12742062973682786,0.0,0.0455816138753215,0.013902607999323573,0.0,0.021983247981744978,0.017808568204372772,0.006346058451436687,0.6070911899847702,0.11556215151396527,0.0181104136427951,0.0,0.0,0.01839265523976203,0.0,0.007666549145294771,0.008139958014539402
budget 100 services provided city riveria beach would allocate funds among categories please sure total adds 100,0.04508156359276195,0.043939766042083814,0.01127539507889158,0.0,0.0,0.0,0.036932067633798964,0.031103171644308262,0.021689846286898573,0.008229056418370729,0.0,0.0,0.028093451781591675,0.14114495506565453,0.01793705218132942,0.03157616931310733,0.044646528840811446,0.08394615308311976,0.14159270738167848,0.10373982697020592,0.0,0.0,0.0,0.0,0.021223689792970055,0.011325543900466122,0.013189156180500606,0.012900036885418706,0.012716395787571142,0.0,0.024308071181211994,0.01074789516830291,0.124788454424662,0.015548465794430468,0.027356299434526034,0.02041239130241827,0.0,0.12742062973682786,0.0,0.0455816138753215,0.013902607999323573,0.0,0.021983247981744978,0.017808568204372772,0.006346058451436687,0.6070911899847702,0.11556215151396527,0.0181104136427951,0.0,0.0,0.01839265523976203,0.0,0.007666549145294771,0.008139958014539402
budget 100 services provided city riveria beach would allocate funds among categories please sure total adds 100,0.04508156359276195,0.043939766042083814,0.01127539507889158,0.0,0.0,0.0,0.036932067633798964,0.031103171644308262,0.021689846286898573,0.008229056418370729,0.0,0.0,0.028093451781591675,0.14114495506565453,0.01793705218132942,0.03157616931310733,0.044646528840811446,0.08394615308311976,0.14159270738167848,0.10373982697020592,0.0,0.0,0.0,0.0,0.021223689792970055,0.011325543900466122,0.013189156180500606,0.012900036885418706,0.012716395787571142,0.0,0.024308071181211994,0.01074789516830291,0.124788454424662,0.015548465794430468,0.027356299434526034,0.02041239130241827,0.0,0.12742062973682786,0.0,0.0455816138753215,0.013902607999323573,0.0,0.021983247981744978,0.017808568204372772,0.006346058451436687,0.6070911899847702,0.11556215151396527,0.0181104136427951,0.0,0.0,0.01839265523976203,0.0,0.007666549145294771,0.008139958014539402
please define none,0.0,0.0,0.0,0.0,0.0,0.0,0.0,0.0,0.0,0.0,0.0,0.0,0.0,0.0,0.0,0.0,0.0,0.0,0.0,0.0,1.0,0.0,0.0,0.0,0.0,0.0,0.0,0.0,0.0,0.0,0.0,0.0,0.0,0.0,0.0,0.0,0.0,0.0,0.0,0.0,0.0,0.0,0.0,0.0,0.0,0.0,0.0,0.0,0.0,0.0,0.0,0.0,0.0,0.0
permanent seasonal resident [city name] none,0.02615726576140777,0.03819991156572811,0.01954022264888734,0.0,0.0,0.0,0.021428757816436255,0.018046710492833847,0.037588432396446395,0.014260927752877158,0.0,0.0,0.04868585969246999,0.049666302334116376,0.0,0.018321153629701666,0.02590484950262378,0.03648745530412953,0.031136356998573415,0.06009947718333795,0.0,0.0,0.0,0.0,0.03678058472309609,0.019627130392012044,0.02285676435412898,0.022355721565077098,0.02203747214549399,0.0,0.04212580754133338,0.0186260670358865,0.02744108745511032,0.0,0.04740837709544967,0.03537460710287363,0.0,0.020059587100993332,0.0,0.026386461738084524,0.024093174013525575,0.0,0.03809689657022887,0.030862190223630556,0.010997698459016315,0.006328440782391027,0.0,0.03138528737730502,0.0,0.0,0.03187441113810663,0.0,0.013286104495632745,0.014106520511592644
business [city name] none,0.055417386784371754,0.08093121405258141,0.041398366567188614,0.0,0.0,0.0,0.04539946074846033,0.03823417725267355,0.07963572017551618,0.0302135305881696,0.0,0.0,0.1031469857024558,0.1052241741053879,0.0,0.03881561881483251,0.05488261187436053,0.07730316470423008,0.06596620436498399,0.12732813907183835,0.0,0.0,0.0,0.0,0.07792419545480321,0.041582491317047006,0.04842486834846593,0.04736334753472037,0.046689096971232205,0.0,0.08924870785104701,0.03946161539262528,0.05813732104703655,0.0,0.10044048159628777,0.07494545882763651,0.0,0.04249870407902732,0.0,0.055902966668935114,0.051044354381283866,0.0,0.08071296410619004,0.0653853483095759,0.023299977711752826,0.013407580661476636,0.0,0.06649359400908443,0.0,0.0,0.06752986289456409,0.0,0.028148247542690946,0.029886399844053505
rent home [city name] none,0.03984086805361589,0.05818336099162915,0.029762263357097113,0.0,0.0,0.0,0.03263874445077241,0.027487452935834024,0.05725199985002118,0.021721220639306964,0.0,0.0,0.07415480386127944,0.07564814365742907,0.0,0.027905465005746283,0.03945640574197636,0.05557507063787982,0.04742466212507068,0.09153920606202536,0.0,0.0,0.0,0.0,0.05602154431025082,0.02989463498791861,0.034813781420112544,0.03405062903905277,0.03356589438637904,0.0,0.06416300370287456,0.028369887200879223,0.04179629302691862,0.0,0.07220903414463847,0.05388006020543032,0.0,0.030553321979081297,0.0,0.04018996289970912,0.03669699178887032,0.0,0.05802645595114573,0.04700707098978851,0.10557007937580278,0.009639026360635681,0.0,0.0478038149946422,0.0,0.4106133653002097,0.048548813168141525,0.0,0.020236439885778373,0.021486038622094167
property [city name] none,0.0625053965332585,0.09128250030911253,0.04669331176115743,0.0,0.0,0.0,0.05120615498381602,0.04312441544023168,0.08982130982015202,0.03407790983417236,0.0,0.0,0.1163397196556466,0.11868258517734188,0.0,0.04378022469996949,0.061902222696564424,0.08719041520153972,0.07440343186283346,0.14361369751147435,0.0,0.0,0.0,0.0,0.08789087719688714,0.04690098648508958,0.054618519093457024,0.05342122735450074,0.052660738611182985,0.0,0.10066382047238345,0.044508845708592225,0.06557321657128677,0.0,0.11328704752166151,0.08453115338360725,0.0,0.04793438494213414,0.0,0.06305308318891593,0.05757304334469421,0.0,0.09103633569843475,0.07374828299749099,0.026280097828429314,0.015122440707247182,0.0,0.074998275841318,0.0,0.0,0.0761670858729785,0.35628810535769867,0.03174847239221301,0.03370893832422446
long lived [city name] none,0.03331463197229796,0.048652485576843756,0.02488697909568541,0.0,0.0,0.0,0.027292270789684242,0.022984799858798782,0.04787368844761924,0.018163120106062,0.0,0.0,0.062007685080853824,0.06325640450261341,0.0,0.023334338384173398,0.03299314750056775,0.04647145294735597,0.03965614310865688,0.07654439047082823,0.0,0.0,0.0,0.0,0.046844790849038816,0.024997667250332454,0.029111020222106123,0.0284728779838503,0.02806754654036084,0.0,0.05365261750125083,0.023722684704584867,0.03494974351774303,0.0,0.06038064718786662,0.04505409806768146,0.0,0.025548456321142714,0.0,0.03360654243733529,0.03068574646243679,0.0,0.0485212827709393,0.03930695656563031,0.014006979171538545,0.008060080803051477,0.0,0.03997318786516211,0.0,0.0,0.04059614969261937,0.0,0.016921557690885988,0.017966462685360146
following best describes primary residence [city name] none,0.03293443303153807,0.04809724535996148,0.024602959656456393,0.2190115980550174,0.20690953073776172,0.3014732177065531,0.3035997845560395,0.022722488794784633,0.06500488155534825,0.03136944113142644,0.01724646602564039,0.014179500897462336,0.07656441607653922,0.07810628097999096,0.014716179437909151,0.023068038256818767,0.03261661745987928,0.06310086798206671,0.03920357248992481,0.09451371314203683,0.0,0.0,0.0,0.014370291036659011,0.06360780168335378,0.04317335604528506,0.03952815174380957,0.04917537650695701,0.04847533043662271,0.018599234752293123,0.0662479388579783,0.040971339559192646,0.04745621261763606,0.0,0.08198734933442826,0.06117632468776957,0.012914922402883038,0.025256887858389594,0.012867833422282328,0.04563235843033115,0.052997211470622765,0.0,0.06588421201114542,0.03885837099328557,0.013847126328238549,0.007968096170403952,0.0,0.05427725389088478,0.0,0.3552202243160438,0.2458626299558073,0.01613048562766753,0.029225144399013324,0.031029795005334586
please define none,0.0,0.0,0.0,0.0,0.0,0.0,0.0,0.0,0.0,0.0,0.0,0.0,0.0,0.0,0.0,0.0,0.0,0.0,0.0,0.0,1.0,0.0,0.0,0.0,0.0,0.0,0.0,0.0,0.0,0.0,0.0,0.0,0.0,0.0,0.0,0.0,0.0,0.0,0.0,0.0,0.0,0.0,0.0,0.0,0.0,0.0,0.0,0.0,0.0,0.0,0.0,0.0,0.0,0.0
age none,0.0,0.0,0.0,0.0,0.0,0.0,0.0,0.0,0.0,0.0,0.0,0.0,0.0,0.0,0.0,0.0,0.0,0.0,0.0,0.0,0.0,0.0,1.0,0.3318237443164451,0.0,0.0,0.0,0.0,0.0,0.0,0.0,0.0,0.0,0.0,0.0,0.0,0.0,0.0,0.0,0.0,0.0,0.0,0.0,0.0,0.0,0.0,0.0,0.0,0.0,0.0,0.0,0.0,0.0,0.0
gender none,0.0,0.0,0.0,0.0,0.0,0.0,0.0,0.0,0.0,0.0,0.0,0.0,0.0,0.0,0.0,0.0,0.0,0.0,0.0,0.0,0.0,0.0,0.0,0.0,0.0,0.0,0.0,0.0,0.0,0.0,0.0,0.0,0.0,0.0,0.0,0.0,0.0,0.0,0.0,0.0,0.0,1.0,0.0,0.0,0.0,0.0,0.0,0.0,0.0,0.0,0.0,0.0,0.0,0.0
please selfdescribe none,0.0,0.0,0.0,0.0,0.0,0.0,0.0,0.0,0.0,0.0,0.0,0.0,0.0,0.0,0.0,0.0,0.0,0.0,0.0,0.0,0.0,0.0,0.0,0.0,0.0,0.0,0.0,0.0,0.0,0.0,0.0,0.0,0.0,0.0,0.0,0.0,0.0,0.0,0.0,0.0,0.0,0.0,0.0,0.0,0.0,0.0,0.0,0.0,0.0,0.0,0.0,0.0,0.0,0.0
following best describes total annual household income none,0.0,0.0,0.0,0.17722233509191682,0.16742944444845037,0.24394958113682946,0.016309704026469272,0.0,0.014304520412628965,0.07572490845902224,0.013955694622070169,0.011473932347888441,0.01235181196938604,0.012600554483801518,0.01190820808933942,0.0,0.0,0.01388553647829569,0.0,0.01524749580917456,0.0,0.07622152000631326,0.0,0.08112576370544923,0.013997088769514561,0.014938462150946701,0.008698289112508943,0.01701522809431806,0.016773004355337965,0.015050343648449547,0.010687498528234293,0.014176539915882358,0.07285549269874883,0.0,0.018041563711382227,0.013462034916881081,0.010450646112334533,0.0,0.010412542107006654,0.010041538220284146,0.01833762556770421,0.0,0.014498019733809741,0.0,0.0,0.07059628371743558,0.7778617724796879,0.01194387356221138,0.0,0.0,0.012130012764476965,0.013052652711039165,0.01011222553564471,0.010736654749577856
highest level education attained none,0.0,0.0,0.0,0.0,0.0,0.0,0.0,0.0,0.0,0.0,0.0,0.0,0.0,0.0,0.0,0.0,0.0,0.0,0.0,0.0,0.0,0.0,0.0,0.0,0.0,0.0,0.0,0.0,0.0,0.0,0.0,0.0,0.0,0.0,0.0,0.0,0.0,0.0,0.0,0.0,0.0,0.0,0.17399833750162763,0.0,0.0,0.0,0.0,0.0,0.0,0.0,0.0,0.0,0.0,0.0
suggestions city would like make please provide none,0.027016752781043624,0.039455101173138135,0.020182283936206285,0.0,0.0,0.0,0.022132873428447993,0.018639697296469936,0.038823529750576985,0.014729519631071348,0.0,0.13537250322283834,0.05028560122612937,0.05129825968619038,0.0,0.018923158207439894,0.02675604251707007,0.0376863762654982,0.03215944920259518,0.062074252413942946,0.0,0.0,0.0,0.0,0.037989137460697535,0.1549781833798248,0.10204378190779906,0.023090295762359065,0.022761589162440924,0.0,0.04350999597691801,0.01923809059332694,0.02834275885637571,0.0,0.04896614254032497,0.036536961605326865,0.0,0.02071871389543053,0.12284993907935174,0.02725347978059958,0.024884838192623576,0.0,0.039348701265306416,0.03187627373437268,0.011359065704263323,0.006536383491564561,0.0,0.032416559045926205,0.0,0.0,0.03292175465182198,0.0,0.013722665199633,0.014570038808288204
