question_number,question_head_prompt,question_body_prompt,question_tail_prompt,option_1,option_2,option_3,option_4,option_5,option_6,option_7,option_8,option_9,option_10
Q1[01][F],Perceptions of the City,Please rate the following items by circling the corresponding number below,01. city_name as a place to live,nan:nan,3.0:Good,2.0:Fair,4.0:Excellent,1.0:Poor,9.0:Don't Know,,,,
Q1[02][F],Perceptions of the City,Please rate the following items by circling the corresponding number below,02. Your neighborhood as a place to live,nan:nan,3.0:Good,4.0:Excellent,2.0:Fair,1.0:Poor,9.0:Don't Know,,,,
Q1[03][F],Perceptions of the City,Please rate the following items by circling the corresponding number below,03. city_name as a place to raise children,nan:nan,3.0:Good,4.0:Excellent,9.0:Don't Know,1.0:Poor,2.0:Fair,,,,
Q1[04][F],Perceptions of the City,Please rate the following items by circling the corresponding number below,04. city_name as a place to work,nan:nan,4.0:Excellent,3.0:Good,1.0:Poor,2.0:Fair,9.0:Don't Know,,,,
Q1[05][F],Perceptions of the City,Please rate the following items by circling the corresponding number below,05. city_name as a place to retire,nan:nan,2.0:Fair,1.0:Poor,4.0:Excellent,9.0:Don't Know,3.0:Good,,,,
Q1[06][F],Perceptions of the City,Please rate the following items by circling the corresponding number below,06. city_name as a place to do business,nan:nan,4.0:Excellent,3.0:Good,2.0:Fair,9.0:Don't Know,1.0:Poor,,,,
Q1[07][F],Perceptions of the City,Please rate the following items by circling the corresponding number below,07. city_name as a place where I feel welcome,nan:nan,4.0:Excellent,3.0:Good,2.0:Fair,1.0:Poor,9.0:Don't Know,,,,
Q1[08][F],Perceptions of the City,Please rate the following items by circling the corresponding number below,08. The quality of economic development in city_name,nan:nan,3.0:Good,2.0:Fair,1.0:Poor,4.0:Excellent,9.0:Don't Know,,,,
Q1[09][F],Perceptions of the City,Please rate the following items by circling the corresponding number below,09. The overall quality of life in city_name,nan:nan,2.0:Fair,3.0:Good,1.0:Poor,4.0:Excellent,9.0:Don't Know,,,,
Q1[10][F],Perceptions of the City,Please rate the following items by circling the corresponding number below,10. The overall value you receive for your City property tax dollars and fees,nan:nan,3.0:Good,1.0:Poor,2.0:Fair,4.0:Excellent,9.0:Don't Know,,,,
Q2[01][F],,Please rate each of the following characteristics as they relate to city_name as a whole,01. Sense of community,nan:nan,2.0:Fair,4.0:Excellent,3.0:Good,1.0:Poor,9.0:Don't Know,,,,
Q2[02][F],,Please rate each of the following characteristics as they relate to city_name as a whole,02. Openness and acceptance of the community towards people of diverse backgrounds,nan:nan,2.0:Fair,4.0:Excellent,3.0:Good,1.0:Poor,9.0:Don't Know,,,,
Q2[03][F],,Please rate each of the following characteristics as they relate to city_name as a whole,03. Opportunities to attend arts and cultural events,nan:nan,3.0:Good,4.0:Excellent,1.0:Poor,2.0:Fair,9.0:Don't Know,,,,
Q2[04][F],,Please rate each of the following characteristics as they relate to city_name as a whole,04. Air quality,nan:nan,2.0:Fair,3.0:Good,4.0:Excellent,1.0:Poor,9.0:Don't Know,,,,
Q2[05][F],,Please rate each of the following characteristics as they relate to city_name as a whole,"05. Access to affordable, quality housing",nan:nan,3.0:Good,1.0:Poor,2.0:Fair,9.0:Don't Know,4.0:Excellent,,,,
Q2[06][F],,Please rate each of the following characteristics as they relate to city_name as a whole,"06. Access to affordable, quality child care",nan:nan,2.0:Fair,1.0:Poor,9.0:Don't Know,3.0:Good,4.0:Excellent,,,,
Q2[07][F],,Please rate each of the following characteristics as they relate to city_name as a whole,"07. Access to affordable, quality health care",nan:nan,4.0:Excellent,3.0:Good,2.0:Fair,1.0:Poor,9.0:Don't Know,,,,
Q2[08][F],,Please rate each of the following characteristics as they relate to city_name as a whole,"08. Access to affordable, quality food",nan:nan,4.0:Excellent,3.0:Good,1.0:Poor,2.0:Fair,9.0:Don't Know,,,,
Q2[09][F],,Please rate each of the following characteristics as they relate to city_name as a whole,09. Access to living-wage jobs,nan:nan,3.0:Good,1.0:Poor,2.0:Fair,9.0:Don't Know,4.0:Excellent,,,,
Q2[10][F],,Please rate each of the following characteristics as they relate to city_name as a whole,10. Access to quality education,nan:nan,2.0:Fair,1.0:Poor,4.0:Excellent,3.0:Good,9.0:Don't Know,,,,
Q2[11][F],,Please rate each of the following characteristics as they relate to city_name as a whole,11. Ease of car travel in city_name,nan:nan,4.0:Excellent,1.0:Poor,2.0:Fair,3.0:Good,9.0:Don't Know,,,,
Q2[12][F],,Please rate each of the following characteristics as they relate to city_name as a whole,12. Ease of bus travel in city_name,nan:nan,9.0:Don't Know,2.0:Fair,1.0:Poor,3.0:Good,4.0:Excellent,,,,
Q2[13][F],,Please rate each of the following characteristics as they relate to city_name as a whole,13. Ease of rail travel in city_name,nan:nan,1.0:Poor,9.0:Don't Know,2.0:Fair,3.0:Good,4.0:Excellent,,,,
Q2[14][F],,Please rate each of the following characteristics as they relate to city_name as a whole,14. Ease of air travel in city_name,nan:nan,4.0:Excellent,2.0:Fair,3.0:Good,9.0:Don't Know,1.0:Poor,,,,
Q2[15][F],,Please rate each of the following characteristics as they relate to city_name as a whole,15. Ease of bicycle travel in city_name,nan:nan,1.0:Poor,4.0:Excellent,3.0:Good,9.0:Don't Know,2.0:Fair,,,,
Q2[16][F],,Please rate each of the following characteristics as they relate to city_name as a whole,16. Ease of walking in city_name,nan:nan,1.0:Poor,2.0:Fair,3.0:Good,9.0:Don't Know,4.0:Excellent,,,,
Q2[17][F],,Please rate each of the following characteristics as they relate to city_name as a whole,17. Overall image/reputation of city_name,nan:nan,3.0:Good,2.0:Fair,1.0:Poor,4.0:Excellent,9.0:Don't Know,,,,
Q3[01][F],,Which THREE of the quality of life characteristics listed above do you think should be the City's top priorities,1st:,nan:nan,17.0:17. Overall image/reputation of Dallas,10.0:10. Access to quality education,9.0:09. Access to living-wage jobs,"5.0:05. Access to affordable, quality housing",11.0:11. Ease of car travel in Dallas,3.0:03. Opportunities to attend arts and cultural events,4.0:04. Air quality,16.0:16. Ease of walking in Dallas,2.0:02. Openness and acceptance of the community towards people of diverse backgrounds
Q3[02][F],,Which THREE of the quality of life characteristics listed above do you think should be the City's top priorities,2nd:,nan:nan,10.0:10. Access to quality education,17.0:17. Overall image/reputation of Dallas,3.0:03. Opportunities to attend arts and cultural events,"7.0:07. Access to affordable, quality health care","5.0:05. Access to affordable, quality housing",11.0:11. Ease of car travel in Dallas,4.0:04. Air quality,9.0:09. Access to living-wage jobs,1.0:01. Sense of community
Q3[03][F],,Which THREE of the quality of life characteristics listed above do you think should be the City's top priorities,3rd:,nan:nan,1.0:01. Sense of community,16.0:16. Ease of walking in Dallas,2.0:02. Openness and acceptance of the community towards people of diverse backgrounds,13.0:13. Ease of rail travel in Dallas,9.0:09. Access to living-wage jobs,3.0:03. Opportunities to attend arts and cultural events,"5.0:05. Access to affordable, quality housing","7.0:07. Access to affordable, quality health care",15.0:15. Ease of bicycle travel in Dallas
Q4[01][F],,Please rate the speed of growth in the following categories in city_name over the past two years,1. Population growth,nan:nan,3.0:About Right,2.0:Too Fast,1.0:Much too Fast,9.0:Don't Know,4.0:Too Slow,5.0:Much too Slow,,,
Q4[02][F],,Please rate the speed of growth in the following categories in city_name over the past two years,"2. Retail growth (stores, restaurants, etc.)",nan:nan,3.0:About Right,5.0:Much too Slow,4.0:Too Slow,2.0:Too Fast,9.0:Don't Know,1.0:Much too Fast,,,
Q4[03][F],,Please rate the speed of growth in the following categories in city_name over the past two years,3. Job growth,nan:nan,3.0:About Right,4.0:Too Slow,9.0:Don't Know,5.0:Much too Slow,2.0:Too Fast,1.0:Much too Fast,,,
Q5[01][F],,Please indicate the extent to which you think each of the following are an issue in the City of city_name by circling the corresponding number below,01. Crime,nan:nan,2.0:Moderate Problem,3.0:Minor Problem,1.0:Major Problem,9.0:Don't Know,4.0:Not a Problem,,,,
Q5[02][F],,Please indicate the extent to which you think each of the following are an issue in the City of city_name by circling the corresponding number below,02. Drugs,nan:nan,4.0:Not a Problem,2.0:Moderate Problem,3.0:Minor Problem,1.0:Major Problem,9.0:Don't Know,,,,
Q5[03][F],,Please indicate the extent to which you think each of the following are an issue in the City of city_name by circling the corresponding number below,03. High weeds,nan:nan,4.0:Not a Problem,1.0:Major Problem,9.0:Don't Know,2.0:Moderate Problem,3.0:Minor Problem,,,,
Q5[04][F],,Please indicate the extent to which you think each of the following are an issue in the City of city_name by circling the corresponding number below,04. Noise,nan:nan,2.0:Moderate Problem,4.0:Not a Problem,1.0:Major Problem,9.0:Don't Know,3.0:Minor Problem,,,,
Q5[05][F],,Please indicate the extent to which you think each of the following are an issue in the City of city_name by circling the corresponding number below,05. Blighted buildings,nan:nan,3.0:Minor Problem,2.0:Moderate Problem,9.0:Don't Know,4.0:Not a Problem,1.0:Major Problem,,,,
Q5[06][F],,Please indicate the extent to which you think each of the following are an issue in the City of city_name by circling the corresponding number below,06. Homelessness,nan:nan,1.0:Major Problem,2.0:Moderate Problem,3.0:Minor Problem,9.0:Don't Know,4.0:Not a Problem,,,,
Q5[07][F],,Please indicate the extent to which you think each of the following are an issue in the City of city_name by circling the corresponding number below,"07. Environmental hazard(s), air quality and toxic waste",nan:nan,2.0:Moderate Problem,4.0:Not a Problem,9.0:Don't Know,3.0:Minor Problem,1.0:Major Problem,,,,
Q5[08][F],,Please indicate the extent to which you think each of the following are an issue in the City of city_name by circling the corresponding number below,08. Loose dogs and unrestrained pets,nan:nan,3.0:Minor Problem,4.0:Not a Problem,2.0:Moderate Problem,1.0:Major Problem,9.0:Don't Know,,,,
Q5[09][F],,Please indicate the extent to which you think each of the following are an issue in the City of city_name by circling the corresponding number below,09. Litter,nan:nan,3.0:Minor Problem,2.0:Moderate Problem,1.0:Major Problem,4.0:Not a Problem,9.0:Don't Know,,,,
Q5[10][F],,Please indicate the extent to which you think each of the following are an issue in the City of city_name by circling the corresponding number below,10. Infrastructure/streets,nan:nan,2.0:Moderate Problem,1.0:Major Problem,3.0:Minor Problem,9.0:Don't Know,4.0:Not a Problem,,,,
Q5[11][F],,Please indicate the extent to which you think each of the following are an issue in the City of city_name by circling the corresponding number below,11. Aggressive solicitation/panhandling,nan:nan,2.0:Moderate Problem,4.0:Not a Problem,3.0:Minor Problem,1.0:Major Problem,9.0:Don't Know,,,,
Q5[12][F],,Please indicate the extent to which you think each of the following are an issue in the City of city_name by circling the corresponding number below,"12. Climate change (extreme heat, flooding, tree canopy, etc.)",nan:nan,1.0:Major Problem,3.0:Minor Problem,4.0:Not a Problem,2.0:Moderate Problem,9.0:Don't Know,,,,
Q5[13][F],,Please indicate the extent to which you think each of the following are an issue in the City of city_name by circling the corresponding number below,13. Racial and ethnic inequities,nan:nan,2.0:Moderate Problem,4.0:Not a Problem,3.0:Minor Problem,1.0:Major Problem,9.0:Don't Know,,,,
Q5[14][F],,Please indicate the extent to which you think each of the following are an issue in the City of city_name by circling the corresponding number below,14. Other,nan:nan,9.0:Don't Know,1.0:Major Problem,2.0:Moderate Problem,4.0:Not a Problem,3.0:Minor Problem,,,,
Q5x14[T],,"Please define ""Other",,Affordable housing,The houseless community does not have access to the resources they need. Instead their belongings are trashed and they are pushed somewhere else without any permanent and helpful solutions.,Total lack of adequate public transportation,"Minor crime , code violations ","Poor infrastructure. Incompetent, dishonest, inefficient city services. Terrible city management at the mid and upper levels. Terrible respect for all our residents by city staff. ","Abusive and inequitable property code enforcement. 

Examples:

* WOOD CHIPS AND MULCH ARE NOT LITTER 

* Using an old dining room set for outside furniture should not be a code violation. 

* And I’m sure there are many more. Update the code. 

* Even the use of the term code enforcement is a problem. This is not a proactive stance.  

* Effective communication should be required education for all code enforcement officers. Even referring to them as officers is problematic. They should actually know their jobs.  Return calls should be required. And finally when a code enforcement officer knows part of the code is ridiculous and doesn’t want to / and sometimes doesn’t give the warning… maybe that code should be reconsidered,  removed or changed to be more appropriate and fair. ",Other concerns ,Walkability.,"Elimate Section 8 housing, eliminate short term rentals in neighborhoods, eliminate uninsured / paper tag drivers","Lack of safety, Lack of streets getting fixed, not enough street lights, people Littering in our areas "
Q6[01][F],Perceptions of Safety,Please indicate how safe you feel in the following situations,01. In your neighborhood during the day,nan:nan,4.0:Safe,5.0:Very Safe,2.0:Unsafe,1.0:Very Unsafe,3.0:Neutral,9.0:Don't Know,,,
Q6[02][F],Perceptions of Safety,Please indicate how safe you feel in the following situations,02. In your neighborhood after dark,nan:nan,2.0:Unsafe,5.0:Very Safe,4.0:Safe,1.0:Very Unsafe,3.0:Neutral,9.0:Don't Know,,,
Q6[03][F],Perceptions of Safety,Please indicate how safe you feel in the following situations,03. In city_name' downtown area during the day,nan:nan,4.0:Safe,3.0:Neutral,5.0:Very Safe,2.0:Unsafe,9.0:Don't Know,1.0:Very Unsafe,,,
Q6[04][F],Perceptions of Safety,Please indicate how safe you feel in the following situations,04. In city_name' downtown area after dark,nan:nan,2.0:Unsafe,4.0:Safe,1.0:Very Unsafe,3.0:Neutral,9.0:Don't Know,5.0:Very Safe,,,
Q6[05][F],Perceptions of Safety,Please indicate how safe you feel in the following situations,05. In city_name' restaurant/retail areas during the day,nan:nan,5.0:Very Safe,4.0:Safe,3.0:Neutral,2.0:Unsafe,9.0:Don't Know,1.0:Very Unsafe,,,
Q6[06][F],Perceptions of Safety,Please indicate how safe you feel in the following situations,06. In city_name' restaurant/retail areas after dark,nan:nan,4.0:Safe,5.0:Very Safe,2.0:Unsafe,3.0:Neutral,9.0:Don't Know,1.0:Very Unsafe,,,
Q6[07][F],Perceptions of Safety,Please indicate how safe you feel in the following situations,07. In city_name' parks during the day,nan:nan,4.0:Safe,5.0:Very Safe,3.0:Neutral,2.0:Unsafe,9.0:Don't Know,1.0:Very Unsafe,,,
Q6[08][F],Perceptions of Safety,Please indicate how safe you feel in the following situations,08. In city_name' parks after dark,nan:nan,1.0:Very Unsafe,2.0:Unsafe,9.0:Don't Know,4.0:Safe,3.0:Neutral,5.0:Very Safe,,,
Q6[09][F],Perceptions of Safety,Please indicate how safe you feel in the following situations,"09. From violent crime (murder, rape, assault, robbery)",nan:nan,5.0:Very Safe,4.0:Safe,2.0:Unsafe,3.0:Neutral,1.0:Very Unsafe,9.0:Don't Know,,,
Q6[10][F],Perceptions of Safety,Please indicate how safe you feel in the following situations,"10. From property crime (burglary, theft)",nan:nan,3.0:Neutral,2.0:Unsafe,1.0:Very Unsafe,4.0:Safe,9.0:Don't Know,5.0:Very Safe,,,
Q6[11][F],Perceptions of Safety,Please indicate how safe you feel in the following situations,11. From fire,nan:nan,5.0:Very Safe,4.0:Safe,3.0:Neutral,9.0:Don't Know,2.0:Unsafe,1.0:Very Unsafe,,,
Q7[01][M],Major Categories of City Services,Please indicate whether you or any member of your household have used each of the following services in the past 12 months,01. Ambulance/emergency medical services,nan:nan,nan:No,Y:Yes,,,,,,,
Q7[02][M],Major Categories of City Services,Please indicate whether you or any member of your household have used each of the following services in the past 12 months,02. Art and cultural programs/facilities,nan:nan,Y:Yes,nan:No,,,,,,,
Q7[03][M],Major Categories of City Services,Please indicate whether you or any member of your household have used each of the following services in the past 12 months,"03. Neighborhood code enforcement (e.g., high weeds, litter, blight)",nan:nan,nan:No,Y:Yes,,,,,,,
Q7[04][M],Major Categories of City Services,Please indicate whether you or any member of your household have used each of the following services in the past 12 months,04. Customer service provided by city employees,nan:nan,Y:Yes,nan:No,,,,,,,
Q7[05][M],Major Categories of City Services,Please indicate whether you or any member of your household have used each of the following services in the past 12 months,05. Drinking water,nan:nan,Y:Yes,nan:No,,,,,,,
Q7[06][M],Major Categories of City Services,Please indicate whether you or any member of your household have used each of the following services in the past 12 months,06. Fire services,nan:nan,nan:No,Y:Yes,,,,,,,
Q7[07][M],Major Categories of City Services,Please indicate whether you or any member of your household have used each of the following services in the past 12 months,"07. Solid waste services (e.g., garbage and recycling collection)",nan:nan,Y:Yes,nan:No,,,,,,,
Q7[08][M],Major Categories of City Services,Please indicate whether you or any member of your household have used each of the following services in the past 12 months,"08. Land use, planning, and zoning",nan:nan,nan:No,Y:Yes,,,,,,,
Q7[09][M],Major Categories of City Services,Please indicate whether you or any member of your household have used each of the following services in the past 12 months,"09. Maintenance of infrastructure (e.g., city streets and sidewalks)",nan:nan,Y:Yes,nan:No,,,,,,,
Q7[10][M],Major Categories of City Services,Please indicate whether you or any member of your household have used each of the following services in the past 12 months,10. Park and recreation system,nan:nan,Y:Yes,nan:No,,,,,,,
Q7[11][M],Major Categories of City Services,Please indicate whether you or any member of your household have used each of the following services in the past 12 months,11. Police services,nan:nan,nan:No,Y:Yes,,,,,,,
Q7[12][M],Major Categories of City Services,Please indicate whether you or any member of your household have used each of the following services in the past 12 months,12. Communication by the City,nan:nan,Y:Yes,nan:No,,,,,,,
Q7[13][M],Major Categories of City Services,Please indicate whether you or any member of your household have used each of the following services in the past 12 months,13. Public library services,nan:nan,Y:Yes,nan:No,,,,,,,
Q7[14][M],Major Categories of City Services,Please indicate whether you or any member of your household have used each of the following services in the past 12 months,"14. Sewer services (e.g., sanitary sewer/wastewater)",nan:nan,Y:Yes,nan:No,,,,,,,
Q7[15][M],Major Categories of City Services,Please indicate whether you or any member of your household have used each of the following services in the past 12 months,15. Storm drainage,nan:nan,nan:No,Y:Yes,,,,,,,
Q7[16][M],Major Categories of City Services,Please indicate whether you or any member of your household have used each of the following services in the past 12 months,"16. Traffic management (traffic signals, traffic flow, signs, parking)",nan:nan,nan:No,Y:Yes,,,,,,,
Q7[17][M],Major Categories of City Services,Please indicate whether you or any member of your household have used each of the following services in the past 12 months,17. city_name Love Field Airport,nan:nan,Y:Yes,nan:No,,,,,,,
Q7[18][M],Major Categories of City Services,Please indicate whether you or any member of your household have used each of the following services in the past 12 months,"18. Municipal court services (e.g., traffic and parking ticket processing, misdemeanor court cases, fine collection)",nan:nan,nan:No,Y:Yes,,,,,,,
Q7[19][M],Major Categories of City Services,Please indicate whether you or any member of your household have used each of the following services in the past 12 months,"19. Social services (community centers, child care programs, homeless programs, senior programs)",nan:nan,nan:No,Y:Yes,,,,,,,
Q7[20][M],Major Categories of City Services,Please indicate whether you or any member of your household have used each of the following services in the past 12 months,20. 311/Service request process (call to report problem),nan:nan,nan:No,Y:Yes,,,,,,,
Q7[21][M],Major Categories of City Services,Please indicate whether you or any member of your household have used each of the following services in the past 12 months,"21. Animal services (e.g., shelter, adoptions, animal control)",nan:nan,nan:No,Y:Yes,,,,,,,
Q7a[01][F],,"For the items you selected, how would you rate the overall performance",01. Ambulance/emergency medical services,nan:nan,4.0:Excellent,3.0:Good,2.0:Fair,9.0:Don't Know,1.0:Poor,,,,
Q7a[02][F],,"For the items you selected, how would you rate the overall performance",02. Art and cultural programs/facilities,nan:nan,4.0:Excellent,3.0:Good,2.0:Fair,1.0:Poor,9.0:Don't Know,,,,
Q7a[03][F],,"For the items you selected, how would you rate the overall performance","03. Neighborhood code enforcement (e.g., high weeds, litter, blight)",nan:nan,1.0:Poor,4.0:Excellent,2.0:Fair,3.0:Good,9.0:Don't Know,,,,
Q7a[04][F],,"For the items you selected, how would you rate the overall performance",04. Customer service provided by city employees,nan:nan,2.0:Fair,3.0:Good,4.0:Excellent,1.0:Poor,9.0:Don't Know,,,,
Q7a[05][F],,"For the items you selected, how would you rate the overall performance",05. Drinking water,nan:nan,4.0:Excellent,1.0:Poor,3.0:Good,2.0:Fair,9.0:Don't Know,,,,
Q7a[06][F],,"For the items you selected, how would you rate the overall performance",06. Fire services,nan:nan,4.0:Excellent,3.0:Good,2.0:Fair,1.0:Poor,9.0:Don't Know,,,,
Q7a[07][F],,"For the items you selected, how would you rate the overall performance","07. Solid waste services (e.g., garbage and recycling collection)",nan:nan,4.0:Excellent,3.0:Good,2.0:Fair,1.0:Poor,9.0:Don't Know,,,,
Q7a[08][F],,"For the items you selected, how would you rate the overall performance","08. Land use, planning, and zoning",nan:nan,1.0:Poor,2.0:Fair,3.0:Good,4.0:Excellent,9.0:Don't Know,,,,
Q7a[09][F],,"For the items you selected, how would you rate the overall performance","09. Maintenance of infrastructure (e.g., city streets and sidewalks)",nan:nan,3.0:Good,1.0:Poor,2.0:Fair,9.0:Don't Know,4.0:Excellent,,,,
Q7a[10][F],,"For the items you selected, how would you rate the overall performance",10. Park and recreation system,nan:nan,4.0:Excellent,3.0:Good,2.0:Fair,1.0:Poor,9.0:Don't Know,,,,
Q7a[11][F],,"For the items you selected, how would you rate the overall performance",11. Police services,nan:nan,1.0:Poor,3.0:Good,2.0:Fair,4.0:Excellent,9.0:Don't Know,,,,
Q7a[12][F],,"For the items you selected, how would you rate the overall performance",12. Communication by the City,nan:nan,3.0:Good,9.0:Don't Know,2.0:Fair,1.0:Poor,4.0:Excellent,,,,
Q7a[13][F],,"For the items you selected, how would you rate the overall performance",13. Public library services,nan:nan,4.0:Excellent,3.0:Good,2.0:Fair,1.0:Poor,9.0:Don't Know,,,,
Q7a[14][F],,"For the items you selected, how would you rate the overall performance","14. Sewer services (e.g., sanitary sewer/wastewater)",nan:nan,9.0:Don't Know,2.0:Fair,3.0:Good,4.0:Excellent,1.0:Poor,,,,
Q7a[15][F],,"For the items you selected, how would you rate the overall performance",15. Storm drainage,nan:nan,2.0:Fair,1.0:Poor,4.0:Excellent,3.0:Good,9.0:Don't Know,,,,
Q7a[16][F],,"For the items you selected, how would you rate the overall performance","16. Traffic management (traffic signals, traffic flow, signs, parking)",nan:nan,4.0:Excellent,1.0:Poor,3.0:Good,2.0:Fair,9.0:Don't Know,,,,
Q7a[17][F],,"For the items you selected, how would you rate the overall performance",17. city_name Love Field Airport,nan:nan,4.0:Excellent,3.0:Good,2.0:Fair,1.0:Poor,9.0:Don't Know,,,,
Q7a[18][F],,"For the items you selected, how would you rate the overall performance","18. Municipal court services (e.g., traffic and parking ticket processing, misdemeanor court cases, fine collection)",nan:nan,2.0:Fair,3.0:Good,1.0:Poor,4.0:Excellent,9.0:Don't Know,,,,
Q7a[19][F],,"For the items you selected, how would you rate the overall performance","19. Social services (community centers, child care programs, homeless programs, senior programs)",nan:nan,1.0:Poor,4.0:Excellent,9.0:Don't Know,3.0:Good,2.0:Fair,,,,
Q7a[20][F],,"For the items you selected, how would you rate the overall performance",20. 311/Service request process (call to report problem),nan:nan,1.0:Poor,4.0:Excellent,3.0:Good,2.0:Fair,9.0:Don't Know,,,,
Q7a[21][F],,"For the items you selected, how would you rate the overall performance","21. Animal services (e.g., shelter, adoptions, animal control)",nan:nan,3.0:Good,1.0:Poor,2.0:Fair,4.0:Excellent,9.0:Don't Know,,,,
Q8[01][F],,Which FOUR of the services listed above do you think should be the City's top priorities,1st:,nan:nan,"8.0:08. Land use, planning, and zoning","9.0:09. Maintenance of infrastructure (e.g., city streets and sidewalks)","3.0:03. Neighborhood code enforcement (e.g., high weeds, litter, blight)","16.0:16. Traffic management (traffic signals, traffic flow, signs, parking)","19.0:19. Social services (community centers, child care programs, homeless programs, senior programs)",5.0:05. Drinking water,11.0:11. Police services,"14.0:14. Sewer services (e.g., sanitary sewer/wastewater)",10.0:10. Park and recreation system
Q8[02][F],,Which FOUR of the services listed above do you think should be the City's top priorities,2nd:,nan:nan,"9.0:09. Maintenance of infrastructure (e.g., city streets and sidewalks)",20.0:20. 311/Service request process (call to report problem),11.0:11. Police services,"3.0:03. Neighborhood code enforcement (e.g., high weeds, litter, blight)",1.0:01. Ambulance/emergency medical services,"19.0:19. Social services (community centers, child care programs, homeless programs, senior programs)",6.0:06. Fire services,17.0:17. Dallas Love Field Airport,"7.0:07. Solid waste services (e.g., garbage and recycling collection)"
Q8[03][F],,Which FOUR of the services listed above do you think should be the City's top priorities,3rd:,nan:nan,"19.0:19. Social services (community centers, child care programs, homeless programs, senior programs)","3.0:03. Neighborhood code enforcement (e.g., high weeds, litter, blight)",10.0:10. Park and recreation system,12.0:12. Communication by the City,5.0:05. Drinking water,13.0:13. Public library services,"16.0:16. Traffic management (traffic signals, traffic flow, signs, parking)",17.0:17. Dallas Love Field Airport,2.0:02. Art and cultural programs/facilities
Q8[04][F],,Which FOUR of the services listed above do you think should be the City's top priorities,4th:,nan:nan,10.0:10. Park and recreation system,"16.0:16. Traffic management (traffic signals, traffic flow, signs, parking)",2.0:02. Art and cultural programs/facilities,"21.0:21. Animal services (e.g., shelter, adoptions, animal control)",20.0:20. 311/Service request process (call to report problem),"9.0:09. Maintenance of infrastructure (e.g., city streets and sidewalks)",15.0:15. Storm drainage,4.0:04. Customer service provided by city employees,11.0:11. Police services
Q9[01][F],Public Safety Services,Please rate the City's performance in the following areas,01. Visibility of police in commercial and retail areas,nan:nan,1.0:Poor,3.0:Good,2.0:Fair,9.0:Don't Know,4.0:Excellent,,,,
Q9[02][F],Public Safety Services,Please rate the City's performance in the following areas,02. Traffic enforcement,nan:nan,2.0:Fair,3.0:Good,1.0:Poor,4.0:Excellent,9.0:Don't Know,,,,
Q9[03][F],Public Safety Services,Please rate the City's performance in the following areas,03. Visibility of police in neighborhoods,nan:nan,3.0:Good,1.0:Poor,2.0:Fair,9.0:Don't Know,4.0:Excellent,,,,
Q9[04][F],Public Safety Services,Please rate the City's performance in the following areas,04. Efforts by police to effectively deal with problems in your neighborhood,nan:nan,2.0:Fair,3.0:Good,4.0:Excellent,1.0:Poor,9.0:Don't Know,,,,
Q9[05][F],Public Safety Services,Please rate the City's performance in the following areas,05. Response time of police to emergency calls,nan:nan,9.0:Don't Know,3.0:Good,4.0:Excellent,1.0:Poor,2.0:Fair,,,,
Q9[06][F],Public Safety Services,Please rate the City's performance in the following areas,06. Response time of fire to structure fires,nan:nan,9.0:Don't Know,4.0:Excellent,3.0:Good,2.0:Fair,1.0:Poor,,,,
Q9[07][F],Public Safety Services,Please rate the City's performance in the following areas,07. Response time of fire to medical emergencies,nan:nan,9.0:Don't Know,4.0:Excellent,3.0:Good,2.0:Fair,1.0:Poor,,,,
Q9[08][F],Public Safety Services,Please rate the City's performance in the following areas,08. Fire prevention and education,nan:nan,9.0:Don't Know,1.0:Poor,3.0:Good,2.0:Fair,4.0:Excellent,,,,
Q9[09][F],Public Safety Services,Please rate the City's performance in the following areas,"09. Prevention programs for youth (PALS, after-school programming, etc.)",nan:nan,9.0:Don't Know,2.0:Fair,3.0:Good,4.0:Excellent,1.0:Poor,,,,
Q9[10][F],Public Safety Services,Please rate the City's performance in the following areas,10. Mental health programs,nan:nan,9.0:Don't Know,1.0:Poor,2.0:Fair,4.0:Excellent,3.0:Good,,,,
Q9[11][F],Public Safety Services,Please rate the City's performance in the following areas,11. Quality of volunteer disaster response programs (Community Emergency Response Team),nan:nan,9.0:Don't Know,1.0:Poor,2.0:Fair,4.0:Excellent,3.0:Good,,,,
Q10[01][F],,Which TWO of the public safety services listed above do you think should be the City's top priorities,1st:,nan:nan,4.0:04. Efforts by police to effectively deal with problems in your neighborhood,3.0:03. Visibility of police in neighborhoods,5.0:05. Response time of police to emergency calls,10.0:10. Mental health programs,7.0:07. Response time of fire to medical emergencies,1.0:01. Visibility of police in commercial and retail areas,"9.0:09. Prevention programs for youth (PALS, after-school programming, etc.)",2.0:02. Traffic enforcement,6.0:06. Response time of fire to structure fires
Q10[02][F],,Which TWO of the public safety services listed above do you think should be the City's top priorities,2nd:,nan:nan,10.0:10. Mental health programs,1.0:01. Visibility of police in commercial and retail areas,4.0:04. Efforts by police to effectively deal with problems in your neighborhood,8.0:08. Fire prevention and education,5.0:05. Response time of police to emergency calls,11.0:11. Quality of volunteer disaster response programs (Community Emergency Response Team),2.0:02. Traffic enforcement,"9.0:09. Prevention programs for youth (PALS, after-school programming, etc.)",3.0:03. Visibility of police in neighborhoods
Q11[01][F],Parks and Recreation,Please rate the City's performance in the following areas,"01. City parks (appearance, quality, amenities)",nan:nan,4.0:Excellent,3.0:Good,2.0:Fair,1.0:Poor,9.0:Don't Know,,,,
Q11[02][F],Parks and Recreation,Please rate the City's performance in the following areas,"02. Recreation programs or classes (classes offered, activities, resources)",nan:nan,9.0:Don't Know,2.0:Fair,3.0:Good,1.0:Poor,4.0:Excellent,,,,
Q11[03][F],Parks and Recreation,Please rate the City's performance in the following areas,03. Range/variety of recreation programs and classes,nan:nan,9.0:Don't Know,2.0:Fair,3.0:Good,1.0:Poor,4.0:Excellent,,,,
Q11[04][F],Parks and Recreation,Please rate the City's performance in the following areas,"04. Recreation centers/facilities (appearance, quality, safety)",nan:nan,9.0:Don't Know,3.0:Good,2.0:Fair,1.0:Poor,4.0:Excellent,,,,
Q11[05][F],Parks and Recreation,Please rate the City's performance in the following areas,05. Accessibility of parks (ease of access from home),nan:nan,4.0:Excellent,1.0:Poor,2.0:Fair,3.0:Good,9.0:Don't Know,,,,
Q11[06][F],Parks and Recreation,Please rate the City's performance in the following areas,06. Accessibility of recreation centers/facilities,nan:nan,9.0:Don't Know,4.0:Excellent,2.0:Fair,1.0:Poor,3.0:Good,,,,
Q11[07][F],Parks and Recreation,Please rate the City's performance in the following areas,07. Appearance/maintenance of parks,nan:nan,3.0:Good,2.0:Fair,4.0:Excellent,1.0:Poor,9.0:Don't Know,,,,
Q11[08][F],Parks and Recreation,Please rate the City's performance in the following areas,08. Appearance/maintenance of recreation centers/facilities,nan:nan,9.0:Don't Know,3.0:Good,2.0:Fair,4.0:Excellent,1.0:Poor,,,,
Q11[09][F],Parks and Recreation,Please rate the City's performance in the following areas,"09. Outdoor athletic facilities (soccer/baseball fields, tennis courts)",nan:nan,3.0:Good,9.0:Don't Know,2.0:Fair,4.0:Excellent,1.0:Poor,,,,
Q11[10][F],Parks and Recreation,Please rate the City's performance in the following areas,"10. Walking trails in the city (access, appearance, quality)",nan:nan,4.0:Excellent,3.0:Good,2.0:Fair,1.0:Poor,9.0:Don't Know,,,,
Q11[11][F],Parks and Recreation,Please rate the City's performance in the following areas,"11. Swimming facilities (access, appearance, quality)",nan:nan,9.0:Don't Know,2.0:Fair,1.0:Poor,3.0:Good,4.0:Excellent,,,,
Q11[12][F],Parks and Recreation,Please rate the City's performance in the following areas,12. Ease of registering for city recreation programs/events,nan:nan,9.0:Don't Know,3.0:Good,1.0:Poor,4.0:Excellent,2.0:Fair,,,,
Q11[13][F],Parks and Recreation,Please rate the City's performance in the following areas,13. City golf courses,nan:nan,3.0:Good,4.0:Excellent,9.0:Don't Know,2.0:Fair,1.0:Poor,,,,
Q12[01][F],,Which THREE of the park and recreation services listed above do you think should be the City's top priorities,1st:,nan:nan,"1.0:01. City parks (appearance, quality, amenities)",13.0:13. City golf courses,7.0:07. Appearance/maintenance of parks,5.0:05. Accessibility of parks (ease of access from home),6.0:06. Accessibility of recreation centers/facilities,"4.0:04. Recreation centers/facilities (appearance, quality, safety)","11.0:11. Swimming facilities (access, appearance, quality)","2.0:02. Recreation programs or classes (classes offered, activities, resources)","10.0:10. Walking trails in the city (access, appearance, quality)"
Q12[02][F],,Which THREE of the park and recreation services listed above do you think should be the City's top priorities,2nd:,nan:nan,"9.0:09. Outdoor athletic facilities (soccer/baseball fields, tennis courts)","10.0:10. Walking trails in the city (access, appearance, quality)","4.0:04. Recreation centers/facilities (appearance, quality, safety)","1.0:01. City parks (appearance, quality, amenities)","11.0:11. Swimming facilities (access, appearance, quality)",13.0:13. City golf courses,8.0:08. Appearance/maintenance of recreation centers/facilities,3.0:03. Range/variety of recreation programs and classes,7.0:07. Appearance/maintenance of parks
Q12[03][F],,Which THREE of the park and recreation services listed above do you think should be the City's top priorities,3rd:,nan:nan,"10.0:10. Walking trails in the city (access, appearance, quality)","1.0:01. City parks (appearance, quality, amenities)",7.0:07. Appearance/maintenance of parks,5.0:05. Accessibility of parks (ease of access from home),12.0:12. Ease of registering for city recreation programs/events,"11.0:11. Swimming facilities (access, appearance, quality)","4.0:04. Recreation centers/facilities (appearance, quality, safety)",3.0:03. Range/variety of recreation programs and classes,"9.0:09. Outdoor athletic facilities (soccer/baseball fields, tennis courts)"
Q13[01][F],Code Enforcement Services,Please rate the City's performance in the following areas,01. Enforcement of multi-family building conditions,nan:nan,9.0:Don't Know,2.0:Fair,1.0:Poor,4.0:Excellent,3.0:Good,,,,
Q13[02][F],Code Enforcement Services,Please rate the City's performance in the following areas,02. Enforcement of the mowing of weeds and high grass on private property,nan:nan,3.0:Good,1.0:Poor,9.0:Don't Know,2.0:Fair,4.0:Excellent,,,,
Q13[03][F],Code Enforcement Services,Please rate the City's performance in the following areas,03. Enforcement of blighted residential properties,nan:nan,3.0:Good,1.0:Poor,9.0:Don't Know,2.0:Fair,4.0:Excellent,,,,
Q13[04][F],Code Enforcement Services,Please rate the City's performance in the following areas,04. Enforcement of sign regulations,nan:nan,4.0:Excellent,9.0:Don't Know,3.0:Good,1.0:Poor,2.0:Fair,,,,
Q13[05][F],Code Enforcement Services,Please rate the City's performance in the following areas,05. City efforts to remove junk motor vehicles (inoperative) on private property,nan:nan,9.0:Don't Know,1.0:Poor,2.0:Fair,3.0:Good,4.0:Excellent,,,,
Q13[06][F],Code Enforcement Services,Please rate the City's performance in the following areas,06. Enforcement of bulk/brush trash violations,nan:nan,3.0:Good,9.0:Don't Know,1.0:Poor,4.0:Excellent,2.0:Fair,,,,
Q13[07][F],Code Enforcement Services,Please rate the City's performance in the following areas,07. Enforcement of litter on private property,nan:nan,4.0:Excellent,1.0:Poor,9.0:Don't Know,2.0:Fair,3.0:Good,,,,
Q13[08][F],Code Enforcement Services,Please rate the City's performance in the following areas,08. City efforts to survey and abate mosquitos carrying viruses,nan:nan,9.0:Don't Know,1.0:Poor,3.0:Good,2.0:Fair,4.0:Excellent,,,,
Q13[09][F],Code Enforcement Services,Please rate the City's performance in the following areas,09. Enforcement of food safety in restaurants,nan:nan,9.0:Don't Know,3.0:Good,2.0:Fair,1.0:Poor,4.0:Excellent,,,,
Q13[10][F],Code Enforcement Services,Please rate the City's performance in the following areas,10. Enforcement of yard parking regulations in your neighborhood,nan:nan,4.0:Excellent,9.0:Don't Know,1.0:Poor,3.0:Good,2.0:Fair,,,,
Q14[01][F],,Which TWO of the code enforcement services listed above do you think should be the City's top priorities,1st:,nan:nan,9.0:09. Enforcement of food safety in restaurants,2.0:02. Enforcement of the mowing of weeds and high grass on private property,10.0:10. Enforcement of yard parking regulations in your neighborhood,5.0:05. City efforts to remove junk motor vehicles (inoperative) on private property,8.0:08. City efforts to survey and abate mosquitos carrying viruses,3.0:03. Enforcement of blighted residential properties,6.0:06. Enforcement of bulk/brush trash violations,7.0:07. Enforcement of litter on private property,1.0:01. Enforcement of multi-family building conditions
Q14[02][F],,Which TWO of the code enforcement services listed above do you think should be the City's top priorities,2nd:,nan:nan,4.0:04. Enforcement of sign regulations,5.0:05. City efforts to remove junk motor vehicles (inoperative) on private property,2.0:02. Enforcement of the mowing of weeds and high grass on private property,8.0:08. City efforts to survey and abate mosquitos carrying viruses,1.0:01. Enforcement of multi-family building conditions,9.0:09. Enforcement of food safety in restaurants,3.0:03. Enforcement of blighted residential properties,7.0:07. Enforcement of litter on private property,6.0:06. Enforcement of bulk/brush trash violations
Q15[01][F],Solid Waste Services,Please rate the City's performance in the following areas,1. Garbage collections,nan:nan,4.0:Excellent,9.0:Don't Know,3.0:Good,1.0:Poor,2.0:Fair,,,,
Q15[02][F],Solid Waste Services,Please rate the City's performance in the following areas,2. Recycling,nan:nan,4.0:Excellent,3.0:Good,9.0:Don't Know,2.0:Fair,1.0:Poor,,,,
Q15[03][F],Solid Waste Services,Please rate the City's performance in the following areas,3. Yard waste pick-up,nan:nan,9.0:Don't Know,4.0:Excellent,3.0:Good,2.0:Fair,1.0:Poor,,,,
Q15[04][F],Solid Waste Services,Please rate the City's performance in the following areas,4. Bulk trash pick-up,nan:nan,4.0:Excellent,9.0:Don't Know,3.0:Good,2.0:Fair,1.0:Poor,,,,
Q15[05][F],Solid Waste Services,Please rate the City's performance in the following areas,5. Household hazardous waste disposal,nan:nan,9.0:Don't Know,4.0:Excellent,1.0:Poor,3.0:Good,2.0:Fair,,,,
Q16[01][F],,Which TWO of the solid waste services listed above do you think should be the City's top priorities,1st:,nan:nan,1.0:1. Garbage collections,2.0:2. Recycling,4.0:4. Bulk trash pick-up,5.0:5. Household hazardous waste disposal,3.0:3. Yard waste pick-up,,,,
Q16[02][F],,Which TWO of the solid waste services listed above do you think should be the City's top priorities,2nd:,nan:nan,4.0:4. Bulk trash pick-up,2.0:2. Recycling,1.0:1. Garbage collections,5.0:5. Household hazardous waste disposal,3.0:3. Yard waste pick-up,,,,
Q17[01][F],Streets and Infrastructure/Mobility,Please rate the City's performance in the following areas,01. Maintenance and repair of thoroughfares and major streets,nan:nan,3.0:Good,1.0:Poor,2.0:Fair,4.0:Excellent,9.0:Don't know,,,,
Q17[02][F],Streets and Infrastructure/Mobility,Please rate the City's performance in the following areas,02. Maintenance and repair of streets in your neighborhood,nan:nan,4.0:Excellent,1.0:Poor,2.0:Fair,3.0:Good,9.0:Don't know,,,,
Q17[03][F],Streets and Infrastructure/Mobility,Please rate the City's performance in the following areas,03. Street striping,nan:nan,4.0:Excellent,1.0:Poor,3.0:Good,2.0:Fair,9.0:Don't know,,,,
Q17[04][F],Streets and Infrastructure/Mobility,Please rate the City's performance in the following areas,04. Street cleaning,nan:nan,3.0:Good,1.0:Poor,2.0:Fair,4.0:Excellent,9.0:Don't know,,,,
Q17[05][F],Streets and Infrastructure/Mobility,Please rate the City's performance in the following areas,05. Street lighting,nan:nan,3.0:Good,2.0:Fair,1.0:Poor,4.0:Excellent,9.0:Don't know,,,,
Q17[06][F],Streets and Infrastructure/Mobility,Please rate the City's performance in the following areas,06. Traffic signs and signal operations,nan:nan,3.0:Good,2.0:Fair,4.0:Excellent,1.0:Poor,9.0:Don't know,,,,
Q17[07][F],Streets and Infrastructure/Mobility,Please rate the City's performance in the following areas,07. Sidewalk maintenance,nan:nan,3.0:Good,1.0:Poor,2.0:Fair,9.0:Don't know,4.0:Excellent,,,,
Q17[08][F],Streets and Infrastructure/Mobility,Please rate the City's performance in the following areas,08. Alley maintenance,nan:nan,3.0:Good,1.0:Poor,9.0:Don't know,2.0:Fair,4.0:Excellent,,,,
Q17[09][F],Streets and Infrastructure/Mobility,Please rate the City's performance in the following areas,09. Curbs and gutters,nan:nan,4.0:Excellent,3.0:Good,1.0:Poor,2.0:Fair,9.0:Don't know,,,,
Q17[10][F],Streets and Infrastructure/Mobility,Please rate the City's performance in the following areas,"10. Bike lanes in the city (shared, protected and multi-use)",nan:nan,2.0:Fair,3.0:Good,1.0:Poor,4.0:Excellent,9.0:Don't know,,,,
Q18[01][F],,Which TWO of the street and infrastructure services listed above do you think should be the City's top priorities,1st:,nan:nan,1.0:01. Maintenance and repair of thoroughfares and major streets,8.0:08. Alley maintenance,2.0:02. Maintenance and repair of streets in your neighborhood,5.0:05. Street lighting,"10.0:10. Bike lanes in the city (shared, protected and multi-use)",7.0:07. Sidewalk maintenance,9.0:09. Curbs and gutters,3.0:03. Street striping,4.0:04. Street cleaning
Q18[02][F],,Which TWO of the street and infrastructure services listed above do you think should be the City's top priorities,2nd:,nan:nan,7.0:07. Sidewalk maintenance,1.0:01. Maintenance and repair of thoroughfares and major streets,2.0:02. Maintenance and repair of streets in your neighborhood,3.0:03. Street striping,"10.0:10. Bike lanes in the city (shared, protected and multi-use)",6.0:06. Traffic signs and signal operations,5.0:05. Street lighting,8.0:08. Alley maintenance,4.0:04. Street cleaning
Q19[01][F],Other City Services/Facilities,Please rate the City's performance in the following areas,01. Services to seniors,nan:nan,9.0:Don't know,3.0:Good,1.0:Poor,2.0:Fair,4.0:Excellent,,,,
Q19[02][F],Other City Services/Facilities,Please rate the City's performance in the following areas,02. Services to youth,nan:nan,9.0:Don't know,2.0:Fair,1.0:Poor,3.0:Good,4.0:Excellent,,,,
Q19[03][F],Other City Services/Facilities,Please rate the City's performance in the following areas,"03. Services to underserved communities, including populations who face barriers such as low income, lower levels of education, limited English proficiency, and mental or physical disabilities",nan:nan,9.0:Don't know,1.0:Poor,2.0:Fair,3.0:Good,4.0:Excellent,,,,
Q19[04][F],Other City Services/Facilities,Please rate the City's performance in the following areas,04. Services to unhoused residents,nan:nan,9.0:Don't know,1.0:Poor,2.0:Fair,3.0:Good,4.0:Excellent,,,,
Q19[05][F],Other City Services/Facilities,Please rate the City's performance in the following areas,"05. Housing services programs (home repair, loan assistance, neighborhood grants, etc.)",nan:nan,9.0:Don't know,1.0:Poor,2.0:Fair,3.0:Good,4.0:Excellent,,,,
Q19[06][F],Other City Services/Facilities,Please rate the City's performance in the following areas,06. Variety of arts and cultural programs,nan:nan,3.0:Good,9.0:Don't know,2.0:Fair,4.0:Excellent,1.0:Poor,,,,
Q19[07][F],Other City Services/Facilities,Please rate the City's performance in the following areas,07. Appearance/maintenance of arts and cultural centers/facilities,nan:nan,4.0:Excellent,9.0:Don't know,3.0:Good,2.0:Fair,1.0:Poor,,,,
Q19[08][F],Other City Services/Facilities,Please rate the City's performance in the following areas,08. Accessibility of arts and cultural centers/facilities,nan:nan,3.0:Good,9.0:Don't know,4.0:Excellent,2.0:Fair,1.0:Poor,,,,
Q19[09][F],Other City Services/Facilities,Please rate the City's performance in the following areas,09. Variety of library materials,nan:nan,9.0:Don't know,3.0:Good,4.0:Excellent,2.0:Fair,1.0:Poor,,,,
Q19[10][F],Other City Services/Facilities,Please rate the City's performance in the following areas,10. Appearance/maintenance of libraries/facilities,nan:nan,4.0:Excellent,9.0:Don't know,3.0:Good,2.0:Fair,1.0:Poor,,,,
Q19[11][F],Other City Services/Facilities,Please rate the City's performance in the following areas,11. Accessibility of City facilities/services for all persons,nan:nan,9.0:Don't know,3.0:Good,2.0:Fair,1.0:Poor,4.0:Excellent,,,,
Q19[12][F],Other City Services/Facilities,Please rate the City's performance in the following areas,12. Variety of arts and cultural programs,nan:nan,3.0:Good,9.0:Don't know,4.0:Excellent,2.0:Fair,1.0:Poor,,,,
Q19[13][F],Other City Services/Facilities,Please rate the City's performance in the following areas,13. Services that seek to address racial and ethnic disparities,nan:nan,9.0:Don't know,2.0:Fair,1.0:Poor,3.0:Good,4.0:Excellent,,,,
Q20[L],,Customer Service,,nan:nan,1.0:Yes,2.0:No,,,,,,,
Q20a[01][F],,Please rate the performance of the City employees who helped you the last time you contacted the City in the following areas,1. Knowledge,nan:nan,4.0:Excellent,3.0:Good,1.0:Poor,2.0:Fair,9.0:Don't know,,,,
Q20a[02][F],,Please rate the performance of the City employees who helped you the last time you contacted the City in the following areas,2. Responsiveness,nan:nan,4.0:Excellent,1.0:Poor,3.0:Good,2.0:Fair,9.0:Don't know,,,,
Q20a[03][F],,Please rate the performance of the City employees who helped you the last time you contacted the City in the following areas,3. Courtesy,nan:nan,4.0:Excellent,3.0:Good,2.0:Fair,1.0:Poor,9.0:Don't know,,,,
Q20a[04][F],,Please rate the performance of the City employees who helped you the last time you contacted the City in the following areas,4. Overall,nan:nan,4.0:Excellent,2.0:Fair,3.0:Good,1.0:Poor,9.0:Don't know,,,,
Q21[01][F],,Please rate your level of agreement with the following statements,1. I am pleased with the overall direction that the City of city_name is taking,nan:nan,4.0:Agree,3.0:Neutral,2.0:Disagree,1.0:Strongly Disagree,9.0:Don't Know,5.0:Strongly Agree,,,
Q21[02][F],,Please rate your level of agreement with the following statements,2. The City of city_name government welcomes resident involvement,nan:nan,3.0:Neutral,9.0:Don't Know,4.0:Agree,2.0:Disagree,1.0:Strongly Disagree,5.0:Strongly Agree,,,
Q21[03][F],,Please rate your level of agreement with the following statements,3. The City of city_name government listens to a diverse range of people,nan:nan,4.0:Agree,5.0:Strongly Agree,1.0:Strongly Disagree,9.0:Don't Know,2.0:Disagree,3.0:Neutral,,,
Q21[04][F],,Please rate your level of agreement with the following statements,4. Employees at the City of city_name are ethical in the way they conduct City business,nan:nan,3.0:Neutral,9.0:Don't Know,2.0:Disagree,4.0:Agree,1.0:Strongly Disagree,5.0:Strongly Agree,,,
Q21[05][F],,Please rate your level of agreement with the following statements,5. Government leaders at the City of city_name are ethical in the way they conduct business,nan:nan,3.0:Neutral,9.0:Don't Know,1.0:Strongly Disagree,2.0:Disagree,4.0:Agree,5.0:Strongly Agree,,,
Q21[06][F],,Please rate your level of agreement with the following statements,6. I am pleased with the direction the City is taking to address racial and ethnic disparities,nan:nan,9.0:Don't Know,3.0:Neutral,2.0:Disagree,1.0:Strongly Disagree,4.0:Agree,5.0:Strongly Agree,,,
Q22[N],,How many years have you lived in city_name,,14.0,3.0,20.0,30.0,27.0,15.0,31.0,24.0,40.0,6.0
Q23[N],,What is your age,,32.0,33.0,52.0,37.0,27.0,39.0,31.0,62.0,42.0,65.0
Q24[L],,What is your gender,,nan:nan,1.0:Male,2.0:Female,3.0:Self-identified,,,,,,
Q25[L],,"Are you of Hispanic, Latino, or Spanish origin",,nan:nan,2.0:No,1.0:Yes,,,,,,,
Q26[01][M],,Which of the following best describes your race/ethnicity,Asian or Asian Indian,nan:nan,nan:No,Y:Yes,,,,,,,
Q26[02][M],,Which of the following best describes your race/ethnicity,Black or African American,nan:nan,nan:No,Y:Yes,,,,,,,
Q26[03][M],,Which of the following best describes your race/ethnicity,American Indian or Alaska Native,nan:nan,nan:No,Y:Yes,,,,,,,
Q26[04][M],,Which of the following best describes your race/ethnicity,White or Caucasian,nan:nan,Y:Yes,nan:No,,,,,,,
Q26[05][M],,Which of the following best describes your race/ethnicity,Native Hawaiian or other Pacific Islander,nan:nan,nan:No,Y:Yes,,,,,,,
Q26[06][M],,Which of the following best describes your race/ethnicity,"Hispanic, Spanish, or Latino/a/x",nan:nan,nan:No,Y:Yes,,,,,,,
Q26[07][M],,Which of the following best describes your race/ethnicity,Korean,nan:nan,,,,,,,,,
Q26[08][M],,Which of the following best describes your race/ethnicity,Chinese,nan:nan,,,,,,,,,
Q26[09][M],,Which of the following best describes your race/ethnicity,Middle Eastern or North African,nan:nan,,,,,,,,,
Q26[10][M],,Which of the following best describes your race/ethnicity,Slavic/Eastern European,nan:nan,,,,,,,,,
Q26[77][M],,Which of the following best describes your race/ethnicity,Unknown/Don't know,nan:nan,,,,,,,,,
Q26[88][M],,Which of the following best describes your race/ethnicity,Prefer not to say,nan:nan,,,,,,,,,
Q26[99][M],,Which of the following best describes your race/ethnicity,Other,nan:nan,nan:No,Y:Yes,,,,,,,
Q26x99[S],,Please describe your race/ethnicity,,Hispanic,Multi american,"German, Slovak, Rusyn, Irish",Na ,Hispanic ,Iranian American,Biracial,Mixed,NA ,Other 
Q27[01][K],,"Including yourself, how many persons in your household are",Under age 12:,2.0,1.0,0.0,3.0,4.0,5.0,12.0,,,
Q27[02][K],,"Including yourself, how many persons in your household are",Ages 12-17:,0.0,1.0,3.0,2.0,17.0,4.0,9.0,16.0,,
Q27[03][K],,"Including yourself, how many persons in your household are",Ages 18-34:,2.0,1.0,0.0,3.0,23.0,9.0,4.0,34.0,35.0,
Q27[04][K],,"Including yourself, how many persons in your household are",Ages 35-49:,1.0,2.0,0.0,3.0,47.0,44.0,4.0,,,
Q27[05][K],,"Including yourself, how many persons in your household are",Ages 50-64:,1.0,0.0,2.0,40.0,61.0,9.0,3.0,62.0,57.0,33.0
Q27[06][K],,"Including yourself, how many persons in your household are",Ages 65+:,0.0,2.0,1.0,65.0,70.0,3.0,72.0,6.0,20.0,71.0
Q28[L],,What is the primary language spoken in your home,,nan:nan,1.0:English,2.0:Spanish,8.0:Other,3.0:French,6.0:Chinese,7.0:Vietnamese,,,
Q28x8[S],,"Please define ""Other",,Italian ,Portuguese,Urdu,English and Spanish,"Equal use of English, German, & Italian",日本語,Kutchi Indian language ,Italian,,
Q29[L],,What is your total annual household income,,nan:nan,"5.0:$100,000 or more","3.0:$50,000 - $74,999","2.0:$25,000 - $49,999","4.0:$75,000 - $99,999","1.0:Less than $24,999",,,,
Q30[L],,Do you own or rent your home,,nan:nan,1.0:Own,2.0:Rent (or occupy without paying),,,,,,,
Q31[L],,Are you or is anyone in your household disabled,,nan:nan,2.0:No,1.0:Yes,,,,,,,
Q32[L],,Are you or is anyone in your household a member of the LGBTQ+ community,,nan:nan,2.0:No,1.0:Yes,,,,,,,
Q33[L],,Would you be willing to participate in future surveys sponsored by the City of {INSERTANS:8245X10302X182318ComName},,nan:nan,1.0:Yes,2.0:No,,,,,,,
Q1[01][F],,Please rate your overall satisfaction with major categories of services provided by the City of city_name,"01. Overall quality of police, fire, and emergency medical services",nan:nan,4.0:Satisfied,5.0:Very Satisfied,9.0:Don't Know,3.0:Neutral,2.0:Dissatisfied,1.0:Very Dissatisfied,,,
Q1[02][F],,Please rate your overall satisfaction with major categories of services provided by the City of city_name,02. Overall quality of city parks and recreation programs and facilities,nan:nan,4.0:Satisfied,5.0:Very Satisfied,9.0:Don't Know,3.0:Neutral,2.0:Dissatisfied,1.0:Very Dissatisfied,,,
Q1[03][F],,Please rate your overall satisfaction with major categories of services provided by the City of city_name,"03. Overall maintenance of city streets, buildings and facilities",nan:nan,4.0:Satisfied,5.0:Very Satisfied,3.0:Neutral,2.0:Dissatisfied,1.0:Very Dissatisfied,9.0:Don't Know,,,
Q1[04][F],,Please rate your overall satisfaction with major categories of services provided by the City of city_name,04. Overall quality of city water and sewer utilities,nan:nan,4.0:Satisfied,5.0:Very Satisfied,3.0:Neutral,2.0:Dissatisfied,1.0:Very Dissatisfied,9.0:Don't Know,,,
Q1[05][F],,Please rate your overall satisfaction with major categories of services provided by the City of city_name,05. Overall enforcement of city codes and ordinances,nan:nan,4.0:Satisfied,5.0:Very Satisfied,3.0:Neutral,9.0:Don't Know,2.0:Dissatisfied,1.0:Very Dissatisfied,,,
Q1[06][F],,Please rate your overall satisfaction with major categories of services provided by the City of city_name,06. Overall quality of customer service you receive from city employees,nan:nan,4.0:Satisfied,5.0:Very Satisfied,9.0:Don't Know,3.0:Neutral,2.0:Dissatisfied,1.0:Very Dissatisfied,,,
Q1[07][F],,Please rate your overall satisfaction with major categories of services provided by the City of city_name,07. Overall effectiveness of city communication with the public,nan:nan,4.0:Satisfied,5.0:Very Satisfied,9.0:Don't Know,2.0:Dissatisfied,3.0:Neutral,1.0:Very Dissatisfied,,,
Q1[08][F],,Please rate your overall satisfaction with major categories of services provided by the City of city_name,08. Overall quality of the City's stormwater runoff/stormwater management system,nan:nan,4.0:Satisfied,5.0:Very Satisfied,3.0:Neutral,9.0:Don't Know,2.0:Dissatisfied,1.0:Very Dissatisfied,,,
Q1[09][F],,Please rate your overall satisfaction with major categories of services provided by the City of city_name,09. Overall flow of traffic and congestion management in city_name,nan:nan,4.0:Satisfied,5.0:Very Satisfied,2.0:Dissatisfied,3.0:Neutral,1.0:Very Dissatisfied,9.0:Don't Know,,,
Q1[10][F],,Please rate your overall satisfaction with major categories of services provided by the City of city_name,"10. Overall quality of City of city_name's solid waste system (trash, recycling, yard waste)",nan:nan,4.0:Satisfied,5.0:Very Satisfied,3.0:Neutral,2.0:Dissatisfied,1.0:Very Dissatisfied,9.0:Don't Know,,,
Q1[11][F],,Please rate your overall satisfaction with major categories of services provided by the City of city_name,11. Overall quality of city libraries,nan:nan,4.0:Satisfied,5.0:Very Satisfied,3.0:Neutral,9.0:Don't Know,2.0:Dissatisfied,1.0:Very Dissatisfied,,,
Q2[01][F],,Which THREE of the major categories of city services listed in Question 1 do you think should receive the MOST EMPHASIS from city leaders over the next TWO years,1st:,nan:nan,9.0:09. Overall flow of traffic and congestion management in Olathe,"3.0:03. Overall maintenance of city streets, buildings and facilities",2.0:02. Overall quality of city parks and recreation programs and facilities,"1.0:01. Overall quality of police, fire, and emergency medical services",5.0:05. Overall enforcement of city codes and ordinances,7.0:07. Overall effectiveness of city communication with the public,6.0:06. Overall quality of customer service you receive from city employees,"10.0:10. Overall quality of City of Olathe's solid waste system (trash, recycling, yard waste)",4.0:04. Overall quality of city water and sewer utilities
Q2[02][F],,Which THREE of the major categories of city services listed in Question 1 do you think should receive the MOST EMPHASIS from city leaders over the next TWO years,2nd:,nan:nan,"3.0:03. Overall maintenance of city streets, buildings and facilities",5.0:05. Overall enforcement of city codes and ordinances,8.0:08. Overall quality of the City's stormwater runoff/stormwater management system,"1.0:01. Overall quality of police, fire, and emergency medical services",2.0:02. Overall quality of city parks and recreation programs and facilities,9.0:09. Overall flow of traffic and congestion management in Olathe,"10.0:10. Overall quality of City of Olathe's solid waste system (trash, recycling, yard waste)",4.0:04. Overall quality of city water and sewer utilities,7.0:07. Overall effectiveness of city communication with the public
Q2[03][F],,Which THREE of the major categories of city services listed in Question 1 do you think should receive the MOST EMPHASIS from city leaders over the next TWO years,3rd:,nan:nan,4.0:04. Overall quality of city water and sewer utilities,7.0:07. Overall effectiveness of city communication with the public,9.0:09. Overall flow of traffic and congestion management in Olathe,"3.0:03. Overall maintenance of city streets, buildings and facilities",5.0:05. Overall enforcement of city codes and ordinances,"1.0:01. Overall quality of police, fire, and emergency medical services",2.0:02. Overall quality of city parks and recreation programs and facilities,8.0:08. Overall quality of the City's stormwater runoff/stormwater management system,6.0:06. Overall quality of customer service you receive from city employees
Q3[01][F],,Please rate your satisfaction with each of the following items that may influence your perception of the City of city_name,01. Overall quality of services provided by the City of city_name,nan:nan,4.0:Satisfied,5.0:Very Satisfied,9.0:Don't Know,3.0:Neutral,1.0:Very Dissatisfied,2.0:Dissatisfied,,,
Q3[02][F],,Please rate your satisfaction with each of the following items that may influence your perception of the City of city_name,02. Overall image of the City,nan:nan,4.0:Satisfied,5.0:Very Satisfied,3.0:Neutral,2.0:Dissatisfied,1.0:Very Dissatisfied,9.0:Don't Know,,,
Q3[03][F],,Please rate your satisfaction with each of the following items that may influence your perception of the City of city_name,03. Overall quality of life in the City,nan:nan,4.0:Satisfied,5.0:Very Satisfied,3.0:Neutral,1.0:Very Dissatisfied,2.0:Dissatisfied,9.0:Don't Know,,,
Q3[04][F],,Please rate your satisfaction with each of the following items that may influence your perception of the City of city_name,04. Overall quality of your neighborhood,nan:nan,5.0:Very Satisfied,3.0:Neutral,4.0:Satisfied,2.0:Dissatisfied,1.0:Very Dissatisfied,9.0:Don't Know,,,
Q3[05][F],,Please rate your satisfaction with each of the following items that may influence your perception of the City of city_name,05. Overall quality of new residential development in the City,nan:nan,4.0:Satisfied,5.0:Very Satisfied,9.0:Don't Know,3.0:Neutral,1.0:Very Dissatisfied,2.0:Dissatisfied,,,
Q3[06][F],,Please rate your satisfaction with each of the following items that may influence your perception of the City of city_name,"06. Overall quality of new commercial development in the City, including architecture and design",nan:nan,4.0:Satisfied,5.0:Very Satisfied,3.0:Neutral,2.0:Dissatisfied,1.0:Very Dissatisfied,9.0:Don't Know,,,
Q3[07][F],,Please rate your satisfaction with each of the following items that may influence your perception of the City of city_name,07. Overall quality of public education in city_name,nan:nan,4.0:Satisfied,5.0:Very Satisfied,9.0:Don't Know,3.0:Neutral,2.0:Dissatisfied,1.0:Very Dissatisfied,,,
Q3[08][F],,Please rate your satisfaction with each of the following items that may influence your perception of the City of city_name,08. The overall value that you receive for your city tax dollars and fees,nan:nan,4.0:Satisfied,3.0:Neutral,5.0:Very Satisfied,9.0:Don't Know,2.0:Dissatisfied,1.0:Very Dissatisfied,,,
Q3[09][F],,Please rate your satisfaction with each of the following items that may influence your perception of the City of city_name,09. The City's efforts to promote diversity in the community,nan:nan,4.0:Satisfied,3.0:Neutral,5.0:Very Satisfied,9.0:Don't Know,2.0:Dissatisfied,1.0:Very Dissatisfied,,,
Q3[10][F],,Please rate your satisfaction with each of the following items that may influence your perception of the City of city_name,10. Overall quality of Downtown city_name,nan:nan,4.0:Satisfied,5.0:Very Satisfied,3.0:Neutral,1.0:Very Dissatisfied,2.0:Dissatisfied,9.0:Don't Know,,,
Q3[11][F],,Please rate your satisfaction with each of the following items that may influence your perception of the City of city_name,11. Overall sense of community in city_name,nan:nan,4.0:Satisfied,5.0:Very Satisfied,3.0:Neutral,2.0:Dissatisfied,9.0:Don't Know,1.0:Very Dissatisfied,,,
Q4[01][F],,Please rate your satisfaction with each of the following items concerning city leadership,1. Overall quality of leadership provided by the City's elected officials,nan:nan,4.0:Satisfied,5.0:Very Satisfied,3.0:Neutral,9.0:Don't Know,2.0:Dissatisfied,1.0:Very Dissatisfied,,,
Q4[02][F],,Please rate your satisfaction with each of the following items concerning city leadership,2. Overall effectiveness of the City manager and appointed staff,nan:nan,4.0:Satisfied,5.0:Very Satisfied,3.0:Neutral,9.0:Don't Know,2.0:Dissatisfied,1.0:Very Dissatisfied,,,
Q5[01][F],,Please rate your satisfaction with each of the following maintenance items,01. Overall maintenance of city streets,nan:nan,4.0:Satisfied,5.0:Very Satisfied,3.0:Neutral,2.0:Dissatisfied,1.0:Very Dissatisfied,9.0:Don't Know,,,
Q5[02][F],,Please rate your satisfaction with each of the following maintenance items,02. Maintenance of streets in YOUR neighborhood,nan:nan,4.0:Satisfied,5.0:Very Satisfied,3.0:Neutral,2.0:Dissatisfied,1.0:Very Dissatisfied,9.0:Don't Know,,,
Q5[03][F],,Please rate your satisfaction with each of the following maintenance items,03. Maintenance of sidewalks in city_name,nan:nan,4.0:Satisfied,5.0:Very Satisfied,3.0:Neutral,2.0:Dissatisfied,1.0:Very Dissatisfied,9.0:Don't Know,,,
Q5[04][F],,Please rate your satisfaction with each of the following maintenance items,"04. Cleanliness of city buildings (City Hall, Community Center, etc.)",nan:nan,9.0:Don't Know,5.0:Very Satisfied,4.0:Satisfied,3.0:Neutral,2.0:Dissatisfied,1.0:Very Dissatisfied,,,
Q5[05][F],,Please rate your satisfaction with each of the following maintenance items,05. Snow removal on major city streets,nan:nan,4.0:Satisfied,5.0:Very Satisfied,3.0:Neutral,2.0:Dissatisfied,1.0:Very Dissatisfied,9.0:Don't Know,,,
Q5[06][F],,Please rate your satisfaction with each of the following maintenance items,06. Snow removal on neighborhood streets,nan:nan,4.0:Satisfied,5.0:Very Satisfied,3.0:Neutral,2.0:Dissatisfied,1.0:Very Dissatisfied,9.0:Don't Know,,,
Q5[07][F],,Please rate your satisfaction with each of the following maintenance items,07. Mowing and trimming along city streets and other public areas,nan:nan,4.0:Satisfied,5.0:Very Satisfied,3.0:Neutral,2.0:Dissatisfied,1.0:Very Dissatisfied,9.0:Don't Know,,,
Q5[08][F],,Please rate your satisfaction with each of the following maintenance items,08. Overall cleanliness of city streets,nan:nan,4.0:Satisfied,5.0:Very Satisfied,3.0:Neutral,1.0:Very Dissatisfied,2.0:Dissatisfied,9.0:Don't Know,,,
Q5[09][F],,Please rate your satisfaction with each of the following maintenance items,09. Adequacy of city street lighting,nan:nan,4.0:Satisfied,5.0:Very Satisfied,1.0:Very Dissatisfied,3.0:Neutral,2.0:Dissatisfied,9.0:Don't Know,,,
Q5[10][F],,Please rate your satisfaction with each of the following maintenance items,10. Maintenance of curbs and gutters on city streets,nan:nan,4.0:Satisfied,5.0:Very Satisfied,2.0:Dissatisfied,3.0:Neutral,9.0:Don't Know,1.0:Very Dissatisfied,,,
Q5[11][F],,Please rate your satisfaction with each of the following maintenance items,11. Quality of landscaping in median on city streets,nan:nan,4.0:Satisfied,5.0:Very Satisfied,3.0:Neutral,1.0:Very Dissatisfied,2.0:Dissatisfied,9.0:Don't Know,,,
Q6[01][F],,Which TWO of the City maintenance services listed in Question 5 do you think should receive the MOST EMPHASIS from city leaders over the next TWO years,1st:,nan:nan,3.0:03. Maintenance of sidewalks in Olathe,7.0:07. Mowing and trimming along city streets and other public areas,2.0:02. Maintenance of streets in YOUR neighborhood,5.0:05. Snow removal on major city streets,9.0:09. Adequacy of city street lighting,8.0:08. Overall cleanliness of city streets,1.0:01. Overall maintenance of city streets,11.0:11. Quality of landscaping in median on city streets,"4.0:04. Cleanliness of city buildings (City Hall, Community Center, etc.)"
Q6[02][F],,Which TWO of the City maintenance services listed in Question 5 do you think should receive the MOST EMPHASIS from city leaders over the next TWO years,2nd:,nan:nan,1.0:01. Overall maintenance of city streets,3.0:03. Maintenance of sidewalks in Olathe,9.0:09. Adequacy of city street lighting,2.0:02. Maintenance of streets in YOUR neighborhood,8.0:08. Overall cleanliness of city streets,10.0:10. Maintenance of curbs and gutters on city streets,6.0:06. Snow removal on neighborhood streets,5.0:05. Snow removal on major city streets,"4.0:04. Cleanliness of city buildings (City Hall, Community Center, etc.)"
Q7[01][F],,Please rate your satisfaction with each of the following water services,1. Water pressure on a typical day,nan:nan,4.0:Satisfied,5.0:Very Satisfied,3.0:Neutral,2.0:Dissatisfied,1.0:Very Dissatisfied,9.0:Don't Know,,,
Q7[02][F],,Please rate your satisfaction with each of the following water services,2. Taste of your tap water,nan:nan,4.0:Satisfied,5.0:Very Satisfied,3.0:Neutral,9.0:Don't Know,2.0:Dissatisfied,1.0:Very Dissatisfied,,,
Q7[03][F],,Please rate your satisfaction with each of the following water services,3. Smell of your tap water,nan:nan,4.0:Satisfied,5.0:Very Satisfied,3.0:Neutral,2.0:Dissatisfied,9.0:Don't Know,1.0:Very Dissatisfied,,,
Q7[04][F],,Please rate your satisfaction with each of the following water services,4. Clarity of your tap water,nan:nan,4.0:Satisfied,5.0:Very Satisfied,3.0:Neutral,2.0:Dissatisfied,9.0:Don't Know,1.0:Very Dissatisfied,,,
Q7[05][F],,Please rate your satisfaction with each of the following water services,5. How the City keeps you informed about tap water quality issues,nan:nan,9.0:Don't Know,4.0:Satisfied,3.0:Neutral,5.0:Very Satisfied,2.0:Dissatisfied,1.0:Very Dissatisfied,,,
Q7[06][F],,Please rate your satisfaction with each of the following water services,6. How well the City keeps you informed about disruptions to your water service,nan:nan,9.0:Don't Know,4.0:Satisfied,5.0:Very Satisfied,3.0:Neutral,2.0:Dissatisfied,1.0:Very Dissatisfied,,,
Q7[07][F],,Please rate your satisfaction with each of the following water services,7. What you are charged for water,nan:nan,3.0:Neutral,4.0:Satisfied,5.0:Very Satisfied,2.0:Dissatisfied,1.0:Very Dissatisfied,9.0:Don't Know,,,
Q7[08][F],,Please rate your satisfaction with each of the following water services,8. Overall quality of your water service,nan:nan,4.0:Satisfied,5.0:Very Satisfied,9.0:Don't Know,3.0:Neutral,2.0:Dissatisfied,1.0:Very Dissatisfied,,,
Q7a[T],,Why were you dissatisfied,,I believe the charge for water and storm sewer taxes are excessive. ,"People should not be charged such high prices for water, and this applies to JCW as well.  Shame on you. ","Water Pressure, I am sure this is a personal preference. But honestly feel the pressure should be around 55-60 psi.
I haven't checked mine in sometime but would guess on a good day it is only around 40-45 psi",Water is very expensive.  At least the city discontinued required back flow valve testing every year.,Does not taste okay unless I filter it,Too many taxes and fees added to basic water cost. ,Could always save money. ,"If there are in fact quality issues with the water, I’m not aware of them",it costs a fortune between water and sewer,Cost is too high
Q8[01][F],,Please rate your satisfaction with each of the following items concerning your trash service,1. Timeliness of your trash service,nan:nan,5.0:Very Satisfied,4.0:Satisfied,2.0:Dissatisfied,3.0:Neutral,9.0:Don't Know,1.0:Very Dissatisfied,,,
Q8[02][F],,Please rate your satisfaction with each of the following items concerning your trash service,2. Professionalism of employees who pick up your trash,nan:nan,5.0:Very Satisfied,4.0:Satisfied,3.0:Neutral,9.0:Don't Know,1.0:Very Dissatisfied,2.0:Dissatisfied,,,
Q8[03][F],,Please rate your satisfaction with each of the following items concerning your trash service,3. The overall effort by employees to ensure that all of your trash is removed,nan:nan,5.0:Very Satisfied,4.0:Satisfied,3.0:Neutral,2.0:Dissatisfied,9.0:Don't Know,1.0:Very Dissatisfied,,,
Q8[04][F],,Please rate your satisfaction with each of the following items concerning your trash service,4. City efforts to keep you informed about trash removal issues,nan:nan,5.0:Very Satisfied,4.0:Satisfied,3.0:Neutral,9.0:Don't Know,2.0:Dissatisfied,1.0:Very Dissatisfied,,,
Q8[05][F],,Please rate your satisfaction with each of the following items concerning your trash service,5. City efforts to keep you informed about disruptions to trash service,nan:nan,5.0:Very Satisfied,3.0:Neutral,4.0:Satisfied,9.0:Don't Know,2.0:Dissatisfied,1.0:Very Dissatisfied,,,
Q8[06][F],,Please rate your satisfaction with each of the following items concerning your trash service,6. How quickly city personnel respond to trash service requests,nan:nan,5.0:Very Satisfied,4.0:Satisfied,3.0:Neutral,9.0:Don't Know,2.0:Dissatisfied,1.0:Very Dissatisfied,,,
Q8[07][F],,Please rate your satisfaction with each of the following items concerning your trash service,7. What you are charged for trash service,nan:nan,5.0:Very Satisfied,4.0:Satisfied,3.0:Neutral,2.0:Dissatisfied,1.0:Very Dissatisfied,9.0:Don't Know,,,
Q8[08][F],,Please rate your satisfaction with each of the following items concerning your trash service,8. Overall quality of your trash service,nan:nan,5.0:Very Satisfied,4.0:Satisfied,3.0:Neutral,9.0:Don't Know,2.0:Dissatisfied,1.0:Very Dissatisfied,,,
Q8[09][F],,Please rate your satisfaction with each of the following items concerning your trash service,"9. Bulky item pick up/removal services (old furniture, appliances, etc.)",nan:nan,5.0:Very Satisfied,4.0:Satisfied,2.0:Dissatisfied,3.0:Neutral,9.0:Don't Know,1.0:Very Dissatisfied,,,
Q8a[T],,Why were you dissatisfied,,The taxes are high.," 

Not picked up ",There should not be a charge for any item we bring to station. ,trash is waiting to be removed for weeks,fast.  Rough handling,occasionally missed. ,They do not pick up sticks. ,they spill trash  and don't pick it up,Rates are costly,just am.
Q9[01][F],,Please rate your satisfaction with each of the following items concerning your recycling service,1. Timeliness of your recycling pickups,nan:nan,5.0:Very Satisfied,4.0:Satisfied,3.0:Neutral,9.0:Don't Know,2.0:Dissatisfied,1.0:Very Dissatisfied,,,
Q9[02][F],,Please rate your satisfaction with each of the following items concerning your recycling service,2. Professionalism of employees who pick up items to be recycled,nan:nan,5.0:Very Satisfied,4.0:Satisfied,3.0:Neutral,9.0:Don't Know,1.0:Very Dissatisfied,2.0:Dissatisfied,,,
Q9[03][F],,Please rate your satisfaction with each of the following items concerning your recycling service,3. The overall effort by employees to ensure that your recycling pickup is complete,nan:nan,5.0:Very Satisfied,4.0:Satisfied,3.0:Neutral,9.0:Don't Know,2.0:Dissatisfied,1.0:Very Dissatisfied,,,
Q9[04][F],,Please rate your satisfaction with each of the following items concerning your recycling service,4. How well the City keeps you informed about curbside recycling issues,nan:nan,5.0:Very Satisfied,4.0:Satisfied,9.0:Don't Know,3.0:Neutral,2.0:Dissatisfied,1.0:Very Dissatisfied,,,
Q9[05][F],,Please rate your satisfaction with each of the following items concerning your recycling service,5. How quickly city personnel respond to requests about curbside recycling,nan:nan,5.0:Very Satisfied,4.0:Satisfied,9.0:Don't Know,3.0:Neutral,2.0:Dissatisfied,1.0:Very Dissatisfied,,,
Q9[06][F],,Please rate your satisfaction with each of the following items concerning your recycling service,6. Overall quality of the City's curbside recycling program,nan:nan,5.0:Very Satisfied,4.0:Satisfied,3.0:Neutral,9.0:Don't Know,2.0:Dissatisfied,1.0:Very Dissatisfied,,,
Q9[07][F],,Please rate your satisfaction with each of the following items concerning your recycling service,"7. Household hazardous waste disposal service (for oil, paint, etc.)",nan:nan,5.0:Very Satisfied,4.0:Satisfied,3.0:Neutral,9.0:Don't Know,1.0:Very Dissatisfied,2.0:Dissatisfied,,,
Q9a[T],,Why were you dissatisfied,,I want weekly recycling. I don’t need weekly yard waste.,Getting rid of disposable batteries needs to be addressed in a better way. ,"I know it’s a cost matter, but I wish pick up was weekly",Would like it to be weekly.,they do not pick up all,It would be amazing if recycling were a weekly pick up. Thank you! ,"In my area they have flip flop recycling pickup a couple of times without any notice. Meaning we put out our recycling on the week it usually comes no pick up. They picked up the next week. Two weeks later they went back to the regular pick up. No notice. Plus recycling should be picked up every week not every other week. NO clue that Olathe offered a paint , and oil pickup. What is the cost for hazardous material pickup?",know nothing about hazardous waste disposal,recycling needs to be every week,Recycling pickup needs to be done every week. 
Q10[01][F],,Please rate your satisfaction with each of the following transportation items,1. Ease of north/south travel in city_name by car,nan:nan,4.0:Satisfied,3.0:Neutral,1.0:Very Dissatisfied,5.0:Very Satisfied,2.0:Dissatisfied,9.0:Don't Know,,,
Q10[02][F],,Please rate your satisfaction with each of the following transportation items,2. Ease of east/west travel in city_name by car,nan:nan,4.0:Satisfied,3.0:Neutral,1.0:Very Dissatisfied,5.0:Very Satisfied,2.0:Dissatisfied,9.0:Don't Know,,,
Q10[03][F],,Please rate your satisfaction with each of the following transportation items,3. Ease of travel by bicycle in city_name,nan:nan,9.0:Don't Know,3.0:Neutral,4.0:Satisfied,2.0:Dissatisfied,1.0:Very Dissatisfied,5.0:Very Satisfied,,,
Q10[04][F],,Please rate your satisfaction with each of the following transportation items,4. Ease of pedestrian travel in city_name,nan:nan,9.0:Don't Know,4.0:Satisfied,5.0:Very Satisfied,3.0:Neutral,2.0:Dissatisfied,1.0:Very Dissatisfied,,,
Q10[05][F],,Please rate your satisfaction with each of the following transportation items,5. Reliability of traffic signal timing or progression,nan:nan,3.0:Neutral,4.0:Satisfied,5.0:Very Satisfied,2.0:Dissatisfied,1.0:Very Dissatisfied,9.0:Don't Know,,,
Q11[01][F],,Which TWO of the transportation services listed in Question 10 do you think should receive the MOST EMPHASIS from city leaders over the next TWO years,1st:,nan:nan,3.0:3. Ease of travel by bicycle in Olathe,2.0:2. Ease of east/west travel in Olathe by car,1.0:1. Ease of north/south travel in Olathe by car,5.0:5. Reliability of traffic signal timing or progression,4.0:4. Ease of pedestrian travel in Olathe,,,,
Q11[02][F],,Which TWO of the transportation services listed in Question 10 do you think should receive the MOST EMPHASIS from city leaders over the next TWO years,2nd:,nan:nan,5.0:5. Reliability of traffic signal timing or progression,1.0:1. Ease of north/south travel in Olathe by car,3.0:3. Ease of travel by bicycle in Olathe,2.0:2. Ease of east/west travel in Olathe by car,4.0:4. Ease of pedestrian travel in Olathe,,,,
Q12[01][F],,"Please answer either ""Yes"" or ""No"" to each of the following questions",1. Sidewalks/Trails,nan:nan,1.0:Yes,2.0:No,,,,,,,
Q12[02][F],,"Please answer either ""Yes"" or ""No"" to each of the following questions",2. Bike lanes and bike facilities,nan:nan,2.0:No,1.0:Yes,,,,,,,
Q12[03][F],,"Please answer either ""Yes"" or ""No"" to each of the following questions",3. Streets,nan:nan,1.0:Yes,2.0:No,,,,,,,
Q12[04][F],,"Please answer either ""Yes"" or ""No"" to each of the following questions",4. Public Transportation,nan:nan,1.0:Yes,2.0:No,,,,,,,
Q12[05][F],,"Please answer either ""Yes"" or ""No"" to each of the following questions","5. Rideshare applications (Uber, Lyft, etc.)",nan:nan,1.0:Yes,2.0:No,,,,,,,
Q13[01][F],,Please rate your satisfaction with each of the following code enforcement items,1. Enforcing the clean-up of debris on private property,nan:nan,9.0:Don't Know,3.0:Neutral,5.0:Very Satisfied,4.0:Satisfied,2.0:Dissatisfied,1.0:Very Dissatisfied,,,
Q13[02][F],,Please rate your satisfaction with each of the following code enforcement items,2. Enforcing the mowing and cutting of weeds on private property,nan:nan,9.0:Don't Know,2.0:Dissatisfied,3.0:Neutral,4.0:Satisfied,1.0:Very Dissatisfied,5.0:Very Satisfied,,,
Q13[03][F],,Please rate your satisfaction with each of the following code enforcement items,3. Enforcing the exterior maintenance of residential property,nan:nan,9.0:Don't Know,4.0:Satisfied,3.0:Neutral,2.0:Dissatisfied,5.0:Very Satisfied,1.0:Very Dissatisfied,,,
Q13[04][F],,Please rate your satisfaction with each of the following code enforcement items,4. Enforcing the exterior maintenance of business property,nan:nan,9.0:Don't Know,4.0:Satisfied,3.0:Neutral,5.0:Very Satisfied,2.0:Dissatisfied,1.0:Very Dissatisfied,,,
Q13[05][F],,Please rate your satisfaction with each of the following code enforcement items,5. Enforcing sign regulations,nan:nan,9.0:Don't Know,4.0:Satisfied,3.0:Neutral,5.0:Very Satisfied,2.0:Dissatisfied,1.0:Very Dissatisfied,,,
Q13[06][F],,Please rate your satisfaction with each of the following code enforcement items,6. Professionalism of code enforcement employees,nan:nan,9.0:Don't Know,4.0:Satisfied,3.0:Neutral,5.0:Very Satisfied,1.0:Very Dissatisfied,2.0:Dissatisfied,,,
Q14[01][F],,Which TWO of the code enforcement services do you think should receive the MOST EMPHASIS from city leaders over the next TWO years,1st:,nan:nan,5.0:5. Enforcing sign regulations,2.0:2. Enforcing the mowing and cutting of weeds on private property,6.0:6. Professionalism of code enforcement employees,3.0:3. Enforcing the exterior maintenance of residential property,1.0:1. Enforcing the clean-up of debris on private property,4.0:4. Enforcing the exterior maintenance of business property,,,
Q14[02][F],,Which TWO of the code enforcement services do you think should receive the MOST EMPHASIS from city leaders over the next TWO years,2nd:,nan:nan,4.0:4. Enforcing the exterior maintenance of business property,5.0:5. Enforcing sign regulations,2.0:2. Enforcing the mowing and cutting of weeds on private property,3.0:3. Enforcing the exterior maintenance of residential property,1.0:1. Enforcing the clean-up of debris on private property,6.0:6. Professionalism of code enforcement employees,,,
Q15[01][F],,Please rate your satisfaction with each of the following parks and recreation items,01. Maintenance of city parks,nan:nan,4.0:Satisfied,5.0:Very Satisfied,3.0:Neutral,9.0:Don't Know,2.0:Dissatisfied,1.0:Very Dissatisfied,,,
Q15[02][F],,Please rate your satisfaction with each of the following parks and recreation items,02. Number of city parks,nan:nan,4.0:Satisfied,5.0:Very Satisfied,3.0:Neutral,2.0:Dissatisfied,1.0:Very Dissatisfied,9.0:Don't Know,,,
Q15[03][F],,Please rate your satisfaction with each of the following parks and recreation items,03. Number of walking and biking trails,nan:nan,4.0:Satisfied,5.0:Very Satisfied,3.0:Neutral,2.0:Dissatisfied,1.0:Very Dissatisfied,9.0:Don't Know,,,
Q15[04][F],,Please rate your satisfaction with each of the following parks and recreation items,04. Maintenance of walking and biking trails,nan:nan,4.0:Satisfied,5.0:Very Satisfied,3.0:Neutral,9.0:Don't Know,1.0:Very Dissatisfied,2.0:Dissatisfied,,,
Q15[05][F],,Please rate your satisfaction with each of the following parks and recreation items,05. City swimming pools,nan:nan,4.0:Satisfied,5.0:Very Satisfied,9.0:Don't Know,3.0:Neutral,2.0:Dissatisfied,1.0:Very Dissatisfied,,,
Q15[06][F],,Please rate your satisfaction with each of the following parks and recreation items,06. Quality of outdoor athletic fields,nan:nan,4.0:Satisfied,5.0:Very Satisfied,9.0:Don't Know,3.0:Neutral,2.0:Dissatisfied,1.0:Very Dissatisfied,,,
Q15[07][F],,Please rate your satisfaction with each of the following parks and recreation items,07. Senior recreation opportunities,nan:nan,4.0:Satisfied,5.0:Very Satisfied,9.0:Don't Know,3.0:Neutral,2.0:Dissatisfied,1.0:Very Dissatisfied,,,
Q15[08][F],,Please rate your satisfaction with each of the following parks and recreation items,08. The City's youth athletic programs,nan:nan,4.0:Satisfied,5.0:Very Satisfied,9.0:Don't Know,2.0:Dissatisfied,3.0:Neutral,1.0:Very Dissatisfied,,,
Q15[09][F],,Please rate your satisfaction with each of the following parks and recreation items,09. The City's adult athletic programs,nan:nan,4.0:Satisfied,5.0:Very Satisfied,9.0:Don't Know,2.0:Dissatisfied,1.0:Very Dissatisfied,3.0:Neutral,,,
Q15[10][F],,Please rate your satisfaction with each of the following parks and recreation items,"10. Other city recreation programs, such as classes, special population trips, and special events",nan:nan,4.0:Satisfied,5.0:Very Satisfied,9.0:Don't Know,3.0:Neutral,2.0:Dissatisfied,1.0:Very Dissatisfied,,,
Q15[11][F],,Please rate your satisfaction with each of the following parks and recreation items,11. Ease of registering for programs,nan:nan,4.0:Satisfied,5.0:Very Satisfied,9.0:Don't Know,2.0:Dissatisfied,3.0:Neutral,1.0:Very Dissatisfied,,,
Q15[12][F],,Please rate your satisfaction with each of the following parks and recreation items,12. Fees charged for recreation programs,nan:nan,4.0:Satisfied,3.0:Neutral,9.0:Don't Know,5.0:Very Satisfied,1.0:Very Dissatisfied,2.0:Dissatisfied,,,
Q15[13][F],,Please rate your satisfaction with each of the following parks and recreation items,13. Special events sponsored by the City (park concerts &amp; July 4th Fireworks),nan:nan,4.0:Satisfied,5.0:Very Satisfied,9.0:Don't Know,3.0:Neutral,2.0:Dissatisfied,1.0:Very Dissatisfied,,,
Q15[14][F],,Please rate your satisfaction with each of the following parks and recreation items,14. Quality of the City's indoor recreation facilities,nan:nan,4.0:Satisfied,5.0:Very Satisfied,3.0:Neutral,9.0:Don't Know,2.0:Dissatisfied,1.0:Very Dissatisfied,,,
Q15[15][F],,Please rate your satisfaction with each of the following parks and recreation items,15. Condition of restrooms in public parks,nan:nan,4.0:Satisfied,5.0:Very Satisfied,9.0:Don't Know,3.0:Neutral,2.0:Dissatisfied,1.0:Very Dissatisfied,,,
Q15[16][F],,Please rate your satisfaction with each of the following parks and recreation items,16. Quality of the city_name Parks and Recreation Activity Guide,nan:nan,4.0:Satisfied,5.0:Very Satisfied,9.0:Don't Know,2.0:Dissatisfied,1.0:Very Dissatisfied,3.0:Neutral,,,
Q15[17][F],,Please rate your satisfaction with each of the following parks and recreation items,"17. Condition and maintenance of city_name Memorial Cemetery, located at the intersection of Harold and Northgate",nan:nan,4.0:Satisfied,5.0:Very Satisfied,9.0:Don't Know,3.0:Neutral,1.0:Very Dissatisfied,2.0:Dissatisfied,,,
Q15[18][F],,Please rate your satisfaction with each of the following parks and recreation items,18. Quality of services provided by city_name Memorial Cemetery,nan:nan,4.0:Satisfied,5.0:Very Satisfied,9.0:Don't Know,3.0:Neutral,2.0:Dissatisfied,1.0:Very Dissatisfied,,,
Q15[19][F],,Please rate your satisfaction with each of the following parks and recreation items,19. Professionalism of Parks and Recreation employees,nan:nan,4.0:Satisfied,5.0:Very Satisfied,9.0:Don't Know,2.0:Dissatisfied,3.0:Neutral,1.0:Very Dissatisfied,,,
Q16[01][F],,Which TWO of the Parks and Recreation items listed in Question 15 do you think should receive the MOST EMPHASIS from city leaders over the next TWO years,1st:,nan:nan,1.0:01. Maintenance of city parks,7.0:07. Senior recreation opportunities,"10.0:10. Other city recreation programs, such as classes, special population trips, and special events",3.0:03. Number of walking and biking trails,2.0:02. Number of city parks,5.0:05. City swimming pools,4.0:04. Maintenance of walking and biking trails,12.0:12. Fees charged for recreation programs,"17.0:17. Condition and maintenance of Olathe Memorial Cemetery, located at the intersection of Harold and Northgate"
Q16[02][F],,Which TWO of the Parks and Recreation items listed in Question 15 do you think should receive the MOST EMPHASIS from city leaders over the next TWO years,2nd:,nan:nan,4.0:04. Maintenance of walking and biking trails,"10.0:10. Other city recreation programs, such as classes, special population trips, and special events",7.0:07. Senior recreation opportunities,13.0:13. Special events sponsored by the City (park concerts & July 4th Fireworks),5.0:05. City swimming pools,3.0:03. Number of walking and biking trails,1.0:01. Maintenance of city parks,2.0:02. Number of city parks,8.0:08. The City's youth athletic programs
Q17[01][F],,Please rate your satisfaction with each of the following wastewater items,1. Odor from city wastewater treatment centers,nan:nan,9.0:Don't Know,4.0:Satisfied,1.0:Very Dissatisfied,3.0:Neutral,5.0:Very Satisfied,2.0:Dissatisfied,,,
Q17[02][F],,Please rate your satisfaction with each of the following wastewater items,2. Overall quality of the City's wastewater system,nan:nan,4.0:Satisfied,3.0:Neutral,9.0:Don't Know,5.0:Very Satisfied,2.0:Dissatisfied,1.0:Very Dissatisfied,,,
Q17[03][F],,Please rate your satisfaction with each of the following wastewater items,3. What you are charged for wastewater services,nan:nan,4.0:Satisfied,3.0:Neutral,9.0:Don't Know,5.0:Very Satisfied,2.0:Dissatisfied,1.0:Very Dissatisfied,,,
Q18[L],,Have you had a sewer backup in your home during the past year,,nan:nan,2.0:No,1.0:Yes,,,,,,,
Q18a[L],,Was the backup caused by problems in the City's system,,nan:nan,2.0:No,1.0:Yes,,,,,,,
Q18b[L],,Did the City respond promptly to your requests for service,,nan:nan,2.0:No,1.0:Yes,,,,,,,
Q18c[L],,Was your problem resolved to your satisfaction,,nan:nan,1.0:Yes,2.0:No,,,,,,,
Q19[01][F],,Please rate city_name with regard to each of the following,1. As a place to live,nan:nan,4.0:Good,5.0:Excellent,1.0:Poor,3.0:Neutral,2.0:Below Average,,,,
Q19[02][F],,Please rate city_name with regard to each of the following,2. As a place to raise children,nan:nan,4.0:Good,5.0:Excellent,3.0:Neutral,9.0:Don't Know,1.0:Poor,2.0:Below Average,,,
Q19[03][F],,Please rate city_name with regard to each of the following,3. As a place to work,nan:nan,4.0:Good,5.0:Excellent,9.0:Don't Know,2.0:Below Average,3.0:Neutral,1.0:Poor,,,
Q19[04][F],,Please rate city_name with regard to each of the following,4. As a place where you would buy your next home,nan:nan,4.0:Good,5.0:Excellent,2.0:Below Average,3.0:Neutral,1.0:Poor,9.0:Don't Know,,,
Q20[01][F],"Please answer either ""Yes"" or ""No"" to each of the following questions",[1. Have you talked or connected with your neighbors in the past 6 months,,nan:nan,1.0:Yes,2.0:No,,,,,,,
Q20[02][F],"Please answer either ""Yes"" or ""No"" to each of the following questions",[2. Have you volunteered your time in the past 6 months,,nan:nan,1.0:Yes,2.0:No,,,,,,,
Q20[03][F],"Please answer either ""Yes"" or ""No"" to each of the following questions","[3. Are you able to get help from either family, friends, or neighbors in time of need",,nan:nan,1.0:Yes,2.0:No,,,,,,,
Q20[04][F],"Please answer either ""Yes"" or ""No"" to each of the following questions",[4. Does city_name provide opportunities for you to connect with others,,nan:nan,1.0:Yes,2.0:No,,,,,,,
Q20a[01][M],,"Thinking of your own life, please check if any of the following obstacles or barriers make it difficult for you to be involved with your community",An inflexible or demanding work schedule,nan:nan,nan:No,Y:Yes,,,,,,,
Q20a[02][M],,"Thinking of your own life, please check if any of the following obstacles or barriers make it difficult for you to be involved with your community",Inadequate childcare,nan:nan,nan:No,Y:Yes,,,,,,,
Q20a[03][M],,"Thinking of your own life, please check if any of the following obstacles or barriers make it difficult for you to be involved with your community",Inadequate transportation,nan:nan,nan:No,Y:Yes,,,,,,,
Q20a[04][M],,"Thinking of your own life, please check if any of the following obstacles or barriers make it difficult for you to be involved with your community",Feeling somewhat unwelcome,nan:nan,nan:No,Y:Yes,,,,,,,
Q20a[05][M],,"Thinking of your own life, please check if any of the following obstacles or barriers make it difficult for you to be involved with your community",Concerns for safety,nan:nan,nan:No,Y:Yes,,,,,,,
Q20a[06][M],,"Thinking of your own life, please check if any of the following obstacles or barriers make it difficult for you to be involved with your community",Lack of information,nan:nan,nan:No,Y:Yes,,,,,,,
Q20a[07][M],,"Thinking of your own life, please check if any of the following obstacles or barriers make it difficult for you to be involved with your community",Feeling that you can't make a difference,nan:nan,nan:No,Y:Yes,,,,,,,
Q20a[08][M],,"Thinking of your own life, please check if any of the following obstacles or barriers make it difficult for you to be involved with your community",Inadequate healthcare,nan:nan,nan:No,Y:Yes,,,,,,,
Q20a[09][M],,"Thinking of your own life, please check if any of the following obstacles or barriers make it difficult for you to be involved with your community",Inadequate resources/income,nan:nan,nan:No,Y:Yes,,,,,,,
Q20a[10][M],,"Thinking of your own life, please check if any of the following obstacles or barriers make it difficult for you to be involved with your community",None,nan:nan,Y:Yes,nan:No,,,,,,,
Q20b[L],,How would you describe your overall state of health,,nan:nan,2.0:Very good,3.0:Good,5.0:Poor,1.0:Excellent,4.0:Fair,9.0:Don't know/refuse,,,
Q20c[L],,"Generally speaking, how happy would you say you are",,nan:nan,1.0:Very happy,2.0:Happy,3.0:Neutral,4.0:Not very happy,9.0:Don't know/refuse,5.0:Not happy at all,,,
Q21[01][F],,Please rate your satisfaction with the following public safety services provided by the City of city_name,01. The visibility of police in neighborhoods,nan:nan,4.0:Satisfied,3.0:Neutral,5.0:Very Satisfied,9.0:Don't Know,2.0:Dissatisfied,1.0:Very Dissatisfied,,,
Q21[02][F],,Please rate your satisfaction with the following public safety services provided by the City of city_name,02. The visibility of police in retail areas,nan:nan,4.0:Satisfied,3.0:Neutral,5.0:Very Satisfied,9.0:Don't Know,2.0:Dissatisfied,1.0:Very Dissatisfied,,,
Q21[03][F],,Please rate your satisfaction with the following public safety services provided by the City of city_name,03. The City's efforts to prevent crime,nan:nan,4.0:Satisfied,3.0:Neutral,5.0:Very Satisfied,9.0:Don't Know,2.0:Dissatisfied,1.0:Very Dissatisfied,,,
Q21[04][F],,Please rate your satisfaction with the following public safety services provided by the City of city_name,04. How quickly police respond to emergencies,nan:nan,4.0:Satisfied,5.0:Very Satisfied,9.0:Don't Know,3.0:Neutral,2.0:Dissatisfied,1.0:Very Dissatisfied,,,
Q21[05][F],,Please rate your satisfaction with the following public safety services provided by the City of city_name,05. Enforcement of local traffic laws,nan:nan,4.0:Satisfied,3.0:Neutral,5.0:Very Satisfied,9.0:Don't Know,2.0:Dissatisfied,1.0:Very Dissatisfied,,,
Q21[06][F],,Please rate your satisfaction with the following public safety services provided by the City of city_name,06. Overall quality of local police protection,nan:nan,4.0:Satisfied,3.0:Neutral,5.0:Very Satisfied,9.0:Don't Know,2.0:Dissatisfied,1.0:Very Dissatisfied,,,
Q21[07][F],,Please rate your satisfaction with the following public safety services provided by the City of city_name,07. How quickly fire/emergency medical services personnel respond to emergencies,nan:nan,4.0:Satisfied,5.0:Very Satisfied,9.0:Don't Know,3.0:Neutral,2.0:Dissatisfied,1.0:Very Dissatisfied,,,
Q21[08][F],,Please rate your satisfaction with the following public safety services provided by the City of city_name,08. Overall quality of local fire protection/emergency medical services,nan:nan,4.0:Satisfied,5.0:Very Satisfied,9.0:Don't Know,3.0:Neutral,2.0:Dissatisfied,1.0:Very Dissatisfied,,,
Q21[09][F],,Please rate your satisfaction with the following public safety services provided by the City of city_name,09. Quality of animal control,nan:nan,4.0:Satisfied,3.0:Neutral,5.0:Very Satisfied,9.0:Don't Know,1.0:Very Dissatisfied,2.0:Dissatisfied,,,
Q21[10][F],,Please rate your satisfaction with the following public safety services provided by the City of city_name,10. Professionalism of employees from fire/emergency medical services,nan:nan,4.0:Satisfied,5.0:Very Satisfied,9.0:Don't Know,3.0:Neutral,2.0:Dissatisfied,1.0:Very Dissatisfied,,,
Q21[11][F],,Please rate your satisfaction with the following public safety services provided by the City of city_name,11. Professionalism of employees from police department,nan:nan,4.0:Satisfied,5.0:Very Satisfied,9.0:Don't Know,3.0:Neutral,1.0:Very Dissatisfied,2.0:Dissatisfied,,,
Q22[01][F],,Which TWO of the public safety items listed in Question 21 do you think should receive the MOST EMPHASIS from city leaders over the next TWO years,1st:,nan:nan,1.0:01. The visibility of police in neighborhoods,8.0:08. Overall quality of local fire protection/emergency medical services,3.0:03. The City's efforts to prevent crime,2.0:02. The visibility of police in retail areas,10.0:10. Professionalism of employees from fire/emergency medical services,6.0:06. Overall quality of local police protection,7.0:07. How quickly fire/emergency medical services personnel respond to emergencies,4.0:04. How quickly police respond to emergencies,11.0:11. Professionalism of employees from police department
Q22[02][F],,Which TWO of the public safety items listed in Question 21 do you think should receive the MOST EMPHASIS from city leaders over the next TWO years,2nd:,nan:nan,8.0:08. Overall quality of local fire protection/emergency medical services,2.0:02. The visibility of police in retail areas,5.0:05. Enforcement of local traffic laws,7.0:07. How quickly fire/emergency medical services personnel respond to emergencies,1.0:01. The visibility of police in neighborhoods,4.0:04. How quickly police respond to emergencies,11.0:11. Professionalism of employees from police department,3.0:03. The City's efforts to prevent crime,6.0:06. Overall quality of local police protection
Q23[01][F],"Please answer either ""Yes"" or ""No"" to each of the following questions",[01. Do you currently have a child enrolled in an city_name Public School,,nan:nan,2.0:No,1.0:Yes,,,,,,,
Q23[02][F],"Please answer either ""Yes"" or ""No"" to each of the following questions",[02. Have any of your household members visited downtown city_name during the past year,,nan:nan,1.0:Yes,2.0:No,,,,,,,
Q23[03][F],"Please answer either ""Yes"" or ""No"" to each of the following questions",[03. Have any of your household members visited an city_name library during the past year,,nan:nan,1.0:Yes,2.0:No,,,,,,,
Q23[04][F],"Please answer either ""Yes"" or ""No"" to each of the following questions","[04. Have any of your household members called, visited or done business with the Building Codes Division",,nan:nan,2.0:No,1.0:Yes,,,,,,,
Q23[05][F],"Please answer either ""Yes"" or ""No"" to each of the following questions","[05. Have any of your household members visited the City's website, Olatheks",,nan:nan,1.0:Yes,2.0:No,,,,,,,
Q23[06][F],"Please answer either ""Yes"" or ""No"" to each of the following questions","[06. Have any of your household members read the City's newsletter, OlatheLink, during the past year",,nan:nan,1.0:Yes,2.0:No,,,,,,,
Q23[07][F],"Please answer either ""Yes"" or ""No"" to each of the following questions",[07. Have any of your household members called 911 during the past year,,nan:nan,2.0:No,1.0:Yes,,,,,,,
Q23[08][F],"Please answer either ""Yes"" or ""No"" to each of the following questions",[08. Have any of your household members visited a city park or used a city walking/biking trail during the past year,,nan:nan,1.0:Yes,2.0:No,,,,,,,
Q23[09][F],"Please answer either ""Yes"" or ""No"" to each of the following questions",[09. Have any of your household members visited an indoor/outdoor city recreation facility/pool during the past year,,nan:nan,2.0:No,1.0:Yes,,,,,,,
Q23[10][F],"Please answer either ""Yes"" or ""No"" to each of the following questions",[10. Have any of your household members participated in a city recreation program or class during the past year,,nan:nan,1.0:Yes,2.0:No,,,,,,,
Q23[11][F],"Please answer either ""Yes"" or ""No"" to each of the following questions",[11. Have any of your household members used/read the digital version of the city_name Parks and Recreation Activity Guide during the past year,,nan:nan,2.0:No,1.0:Yes,,,,,,,
Q23[12][F],"Please answer either ""Yes"" or ""No"" to each of the following questions","[12. Are you aware of the City's on-line customer request system, city_name Connect",,nan:nan,1.0:Yes,2.0:No,,,,,,,
Q24[01][F],,Please indicate how likely you would be to recommend your community,1. Recommend the community as a place to live,nan:nan,9.0:09,10.0:10 (Very Likely),8.0:08,6.0:06,5.0:05,1.0:01 (Not at All Likely),7.0:07,99.0:Don't know,2.0:02
Q24[02][F],,Please indicate how likely you would be to recommend your community,2. Recommend the community as a place to have a business,nan:nan,9.0:09,10.0:10 (Very Likely),6.0:06,99.0:Don't know,7.0:07,5.0:05,1.0:01 (Not at All Likely),8.0:08,4.0:04
Q24[03][F],,Please indicate how likely you would be to recommend your community,3. Recommend as a community that is moving in the right direction,nan:nan,9.0:09,10.0:10 (Very Likely),8.0:08,5.0:05,6.0:06,7.0:07,1.0:01 (Not at All Likely),99.0:Don't know,4.0:04
Q24a[T],,Why would you not recommend your community,,"The city government is corrupt and untrustworthy.  The city employees routinely display a clear bias against anyone who is conservative or Christian.  This is seen in the refusal of code enforcement to enforce political sign regulations against home owners who display signs for Democrat candidates, yet if a registered Republican is one sign over the limit the City of Olathe is threatening fines and legal action.  In the last three months I've heard multiple gunshots, including one drive by shooting in my neighborhood.  This violence is the result of the Olathe Police Dept. allowing members of the Juarez Cartel to operate in the city without hindrance.  None of that is to even mention the rampant nepotism in city employment.  As someone with a public admin degree from KU I can't even get an interview for a job with the City of Olathe, but people who are completely unqualified for positions are routinely hired based solely on who they know.  The very fact that ETC Institute is running this survey for the City of Olathe serves to highlight the level of corruption, as it is a clear conflict of interest.","The city and county continue to tax us out of our homes.  The increases in taxes and valuations have become too much to absorb,  And the county plans on raising taxes again......","The KC metro wants to defund police and not operate their cities on a budget. For example, city leaders have become very weak on crime which is why we see crime numbers tick up in southern Olathe neighborhoods. Olathe has a major issue funding their schools correctly because of careless spending for years. I am a younger resident of Olathe and do not foresee me sending my my kids to Olathe public schools. The general population will be forced to pay teachers to teach kids privately in homes. This is exactly what is happening in Johnson county and private schools/private education will be what a lot of people will choose for their kids in the future because private citizens that live in the real world know how to live on a budget and live practically which is something the Olathe public schools do not know despite all employees of public schools having 4 year college degrees. ",Very closed community. Quality of leaders is not good. ,"Not caring, connecting, belonging","Not enough fine dining, have to drive to OP. Not enough affordable housing, not enough new homes built, too many closed restaurants. ",Crime is high with low effort to stop it. Houses/yards are rund down and full of junk or trash by curbs. ,PARKS DEPARMTNET-TERRIBLE WEEDS AT INDIAN CREEK-VERY DARK AND DOESNT FEEL SAFE. TRAFFIC HAS 4X INCREASED,"State and local taxes, property tax. food. ",Liberal political influence 
Q25[01][M],,Which of the following best describes your race/ethnicity,Asian or Asian Indian,nan:nan,nan:No,Y:Yes,,,,,,,
Q25[02][M],,Which of the following best describes your race/ethnicity,Black or African American,nan:nan,nan:No,Y:Yes,,,,,,,
Q25[03][M],,Which of the following best describes your race/ethnicity,American Indian or Alaska Native,nan:nan,nan:No,Y:Yes,,,,,,,
Q25[04][M],,Which of the following best describes your race/ethnicity,White,nan:nan,Y:Yes,nan:No,,,,,,,
Q25[05][M],,Which of the following best describes your race/ethnicity,Native Hawaiian or other Pacific Islander ,nan:nan,nan:No,Y:Yes,,,,,,,
Q25[06][M],,Which of the following best describes your race/ethnicity,"Hispanic, Spanish, Latino/a/x",nan:nan,nan:No,Y:Yes,,,,,,,
Q25[99][M],,Which of the following best describes your race/ethnicity,Other,nan:nan,nan:No,Y:Yes,,,,,,,
Q25x99[T],,Please describe your race/ethnicity,,American,None of the city's business,African descent ,None of your business. I’m offended that this matters to a city survey. Disgusting. ,Not your business,"Race and color shouldn't matter.  I am an Olathe citizen and we should all be treated equally.  Why would this question even be on the survey?  If I were white should my opinions carry less weight because of what ""white privilege""?",Italian,Prefer not to answer,You don't need to know this. ,Human
Q26[L],,Which of the following best describes your current employment status,,nan:nan,4.0:Retired,1.0:Employed outside the home,2.0:Employed in the home/have a home-based business,5.0:Not currently employed outside the home,3.0:Student,,,,
Q26x1[S],,What is the zip code where you work,,64111.0,66215.0,66210.0,66062.0,66216.0,66214.0,66061.0,66104.0,66208.0,66221.0
Q27[S],,What is your age,,79.0,75.0,76.0,72.0,29.0,28.0,65.0,57.0,64.0,55.0
Q28[L],,Do you own or rent your current residence,,nan:nan,1.0:Own,2.0:Rent,,,,,,,
Q29[L],,Do you or any members of your household have a hearing disability,,nan:nan,2.0:No,1.0:Yes,,,,,,,
Q30[L],,Would you say your total annual household income is,,nan:nan,"4.0:$120,000 or more","3.0:$80,000 to $119,999","1.0:Under $40,000","2.0:$40,000 to $79,999",,,,,
Q31[L],,Your gender:,,nan:nan,2.0:Female,1.0:Male,3.0:Other,,,,,,
Q32[L],,Would you be interested in learning more about city_name's Survey Research Panel,,nan:nan,2.0:No,1.0:Yes,,,,,,,
Q1[01][F],Perception of the City,Please rate your satisfaction with each of the following,1. Overall quality of City services,nan:nan,3.0:Neutral,4.0:Satisfied,5.0:Very Satisfied,2.0:Dissatisfied,9.0:Don't Know,1.0:Very Dissatisfied,,,
Q1[02][F],Perception of the City,Please rate your satisfaction with each of the following,2. Overall feeling of safety in the City,nan:nan,4.0:Satisfied,5.0:Very Satisfied,3.0:Neutral,2.0:Dissatisfied,1.0:Very Dissatisfied,9.0:Don't Know,,,
Q1[03][F],Perception of the City,Please rate your satisfaction with each of the following,3. Overall value that you receive for your City tax dollars and fees,nan:nan,3.0:Neutral,4.0:Satisfied,2.0:Dissatisfied,1.0:Very Dissatisfied,5.0:Very Satisfied,9.0:Don't Know,,,
Q1[04][F],Perception of the City,Please rate your satisfaction with each of the following,4. Overall image of the City,nan:nan,3.0:Neutral,4.0:Satisfied,5.0:Very Satisfied,2.0:Dissatisfied,1.0:Very Dissatisfied,,,,
Q1[05][F],Perception of the City,Please rate your satisfaction with each of the following,5. How well the City is planning for growth,nan:nan,2.0:Dissatisfied,3.0:Neutral,4.0:Satisfied,5.0:Very Satisfied,1.0:Very Dissatisfied,9.0:Don't Know,,,
Q1[06][F],Perception of the City,Please rate your satisfaction with each of the following,6. Overall quality of life in the City,nan:nan,2.0:Dissatisfied,4.0:Satisfied,5.0:Very Satisfied,3.0:Neutral,1.0:Very Dissatisfied,9.0:Don't Know,,,
Q1[07][F],Perception of the City,Please rate your satisfaction with each of the following,7. city_name as a welcoming community for people of diverse backgrounds,nan:nan,3.0:Neutral,4.0:Satisfied,2.0:Dissatisfied,5.0:Very Satisfied,9.0:Don't Know,1.0:Very Dissatisfied,,,
Q2[01][F],,Please rate your satisfaction with each of the services listed,01. Overall quality of fire and emergency medical services,nan:nan,3.0:Neutral,4.0:Satisfied,5.0:Very Satisfied,9.0:Don't Know,2.0:Dissatisfied,1.0:Very Dissatisfied,,,
Q2[02][F],,Please rate your satisfaction with each of the services listed,02. Overall quality of police services,nan:nan,4.0:Satisfied,5.0:Very Satisfied,3.0:Neutral,1.0:Very Dissatisfied,2.0:Dissatisfied,9.0:Don't Know,,,
Q2[03][F],,Please rate your satisfaction with each of the services listed,03. Overall quality of recreation programs and facilities,nan:nan,4.0:Satisfied,3.0:Neutral,5.0:Very Satisfied,1.0:Very Dissatisfied,2.0:Dissatisfied,9.0:Don't Know,,,
Q2[04][F],,Please rate your satisfaction with each of the services listed,04. Overall maintenance of City buildings and facilities,nan:nan,3.0:Neutral,4.0:Satisfied,5.0:Very Satisfied,2.0:Dissatisfied,9.0:Don't Know,1.0:Very Dissatisfied,,,
Q2[05][F],,Please rate your satisfaction with each of the services listed,"05. Overall enforcement of property code violations (e.g. regulation of weed control, junk cars, trash in yards)",nan:nan,2.0:Dissatisfied,3.0:Neutral,4.0:Satisfied,1.0:Very Dissatisfied,9.0:Don't Know,5.0:Very Satisfied,,,
Q2[06][F],,Please rate your satisfaction with each of the services listed,06. Overall quality of customer service you receive from City employees,nan:nan,3.0:Neutral,4.0:Satisfied,5.0:Very Satisfied,9.0:Don't Know,1.0:Very Dissatisfied,2.0:Dissatisfied,,,
Q2[07][F],,Please rate your satisfaction with each of the services listed,07. Overall effectiveness of City communication with the public,nan:nan,3.0:Neutral,4.0:Satisfied,5.0:Very Satisfied,9.0:Don't Know,1.0:Very Dissatisfied,2.0:Dissatisfied,,,
Q2[08][F],,Please rate your satisfaction with each of the services listed,08. Overall quality of City water services,nan:nan,3.0:Neutral,4.0:Satisfied,5.0:Very Satisfied,1.0:Very Dissatisfied,9.0:Don't Know,2.0:Dissatisfied,,,
Q2[09][F],,Please rate your satisfaction with each of the services listed,09. Overall quality of the City's sanitary sewer system,nan:nan,3.0:Neutral,4.0:Satisfied,5.0:Very Satisfied,9.0:Don't Know,1.0:Very Dissatisfied,2.0:Dissatisfied,,,
Q2[10][F],,Please rate your satisfaction with each of the services listed,10. Overall quality of the City's stormwater drainage system,nan:nan,2.0:Dissatisfied,4.0:Satisfied,5.0:Very Satisfied,3.0:Neutral,1.0:Very Dissatisfied,9.0:Don't Know,,,
Q2[11][F],,Please rate your satisfaction with each of the services listed,11. Overall flow of traffic in the City,nan:nan,2.0:Dissatisfied,4.0:Satisfied,5.0:Very Satisfied,3.0:Neutral,1.0:Very Dissatisfied,9.0:Don't Know,,,
Q2[12][F],,Please rate your satisfaction with each of the services listed,12. Overall quality of the City streets system,nan:nan,2.0:Dissatisfied,4.0:Satisfied,3.0:Neutral,5.0:Very Satisfied,1.0:Very Dissatisfied,9.0:Don't Know,,,
Q2[13][F],,Please rate your satisfaction with each of the services listed,13. Overall quality of the City sidewalk and trail system,nan:nan,3.0:Neutral,4.0:Satisfied,5.0:Very Satisfied,2.0:Dissatisfied,9.0:Don't Know,1.0:Very Dissatisfied,,,
Q2[14][F],,Please rate your satisfaction with each of the services listed,14. Overall quality and maintenance of City parks,nan:nan,3.0:Neutral,4.0:Satisfied,5.0:Very Satisfied,2.0:Dissatisfied,9.0:Don't Know,1.0:Very Dissatisfied,,,
Q3[01][F],,Which TWO of the items listed above do you think should receive the MOST EMPHASIS from City leaders over the next TWO years,1st:,nan:nan,"5.0:05. Overall enforcement of property code violations (e.g. regulation of weed control, junk cars, trash in yards)",8.0:08. Overall quality of City water services,14.0:14. Overall quality and maintenance of City parks,13.0:13. Overall quality of the City sidewalk and trail system,12.0:12. Overall quality of the City streets system,2.0:02. Overall quality of police services,3.0:03. Overall quality of recreation programs and facilities,7.0:07. Overall effectiveness of City communication with the public,11.0:11. Overall flow of traffic in the City
Q3[02][F],,Which TWO of the items listed above do you think should receive the MOST EMPHASIS from City leaders over the next TWO years,2nd:,nan:nan,12.0:12. Overall quality of the City streets system,3.0:03. Overall quality of recreation programs and facilities,14.0:14. Overall quality and maintenance of City parks,11.0:11. Overall flow of traffic in the City,"5.0:05. Overall enforcement of property code violations (e.g. regulation of weed control, junk cars, trash in yards)",2.0:02. Overall quality of police services,9.0:09. Overall quality of the City's sanitary sewer system,13.0:13. Overall quality of the City sidewalk and trail system,7.0:07. Overall effectiveness of City communication with the public
Q4[01][F],Public Safety,Please rate your satisfaction with each of the public safety services listed,1. Overall quality of local fire protection,nan:nan,3.0:Neutral,4.0:Satisfied,5.0:Very Satisfied,9.0:Don't Know,2.0:Dissatisfied,1.0:Very Dissatisfied,,,
Q4[02][F],Public Safety,Please rate your satisfaction with each of the public safety services listed,2. How quickly firefighters respond to emergencies,nan:nan,3.0:Neutral,4.0:Satisfied,9.0:Don't Know,5.0:Very Satisfied,2.0:Dissatisfied,1.0:Very Dissatisfied,,,
Q4[03][F],Public Safety,Please rate your satisfaction with each of the public safety services listed,3. Quality of emergency medical services,nan:nan,3.0:Neutral,4.0:Satisfied,9.0:Don't Know,5.0:Very Satisfied,2.0:Dissatisfied,1.0:Very Dissatisfied,,,
Q4[04][F],Public Safety,Please rate your satisfaction with each of the public safety services listed,4. How quickly emergency medical services respond to emergencies,nan:nan,3.0:Neutral,4.0:Satisfied,9.0:Don't Know,5.0:Very Satisfied,2.0:Dissatisfied,1.0:Very Dissatisfied,,,
Q4[05][F],Public Safety,Please rate your satisfaction with each of the public safety services listed,5. Overall quality of local police protection,nan:nan,4.0:Satisfied,5.0:Very Satisfied,3.0:Neutral,2.0:Dissatisfied,9.0:Don't Know,1.0:Very Dissatisfied,,,
Q4[06][F],Public Safety,Please rate your satisfaction with each of the public safety services listed,6. How quickly police respond to emergencies,nan:nan,3.0:Neutral,4.0:Satisfied,9.0:Don't Know,5.0:Very Satisfied,2.0:Dissatisfied,1.0:Very Dissatisfied,,,
Q4[07][F],Public Safety,Please rate your satisfaction with each of the public safety services listed,7. Overall competence of police department employees,nan:nan,3.0:Neutral,4.0:Satisfied,5.0:Very Satisfied,9.0:Don't Know,2.0:Dissatisfied,1.0:Very Dissatisfied,,,
Q4[08][F],Public Safety,Please rate your satisfaction with each of the public safety services listed,8. Officers' attitudes and professionalism toward citizens,nan:nan,3.0:Neutral,4.0:Satisfied,5.0:Very Satisfied,9.0:Don't Know,1.0:Very Dissatisfied,2.0:Dissatisfied,,,
Q4[09][F],Public Safety,Please rate your satisfaction with each of the public safety services listed,9. Police Department's ongoing efforts to build trust in the community,nan:nan,3.0:Neutral,4.0:Satisfied,9.0:Don't Know,2.0:Dissatisfied,5.0:Very Satisfied,1.0:Very Dissatisfied,,,
Q5[01][F],,Which TWO of the public safety items listed above do you think should receive the MOST EMPHASIS from City leaders over the next TWO years,1st:,nan:nan,5.0:5. Overall quality of local police protection,4.0:4. How quickly emergency medical services respond to emergencies,9.0:9. Police Department's ongoing efforts to build trust in the community,8.0:8. Officers' attitudes and professionalism toward citizens,6.0:6. How quickly police respond to emergencies,1.0:1. Overall quality of local fire protection,3.0:3. Quality of emergency medical services,2.0:2. How quickly firefighters respond to emergencies,7.0:7. Overall competence of police department employees
Q5[02][F],,Which TWO of the public safety items listed above do you think should receive the MOST EMPHASIS from City leaders over the next TWO years,2nd:,nan:nan,1.0:1. Overall quality of local fire protection,2.0:2. How quickly firefighters respond to emergencies,7.0:7. Overall competence of police department employees,9.0:9. Police Department's ongoing efforts to build trust in the community,3.0:3. Quality of emergency medical services,5.0:5. Overall quality of local police protection,4.0:4. How quickly emergency medical services respond to emergencies,8.0:8. Officers' attitudes and professionalism toward citizens,6.0:6. How quickly police respond to emergencies
Q6[T],,What additional services would you like to see offered by the Police Department and Fire District,,More enforcement of speeding. ,City parties like Urbandale to get to know law enforcement. I don't even know where the department is. ,Being in the schools so all students know who you are by name and that your a person they can come to for anything . Offer some type of  ride along so they have more understand of what goes on in the city .,Stop semi's from parking overnight on city streets that are not commercial routes.,none,More open houses,Community nights,All good ,I want to see more support for the police department and once again allow them to do their jobs.  Johnston has bent over backwards to turn Old Johnston into the guilt free side of town. If not managed this area will become more of a crime ridden mess than it already is. I sat in my driveway during the riots that began at skate north and watched those rioters try to move into my neighborhood at 2:30 am with no police in site. It was me and my neighbor and now and then a pioneer security unit.  Johnston needs stronger police department to manage what is being done to Johnston. ,Occasional “Trail Patrol” presence would be good if resources are avalable.
Q7[L],,Have you visited a city_name park during the past year,,nan:nan,2.0:No,1.0:Yes,,,,,,,
Q8[L],,Have you or a member of your family participated in a city_name recreation program during the past year,,nan:nan,2.0:No,1.0:Yes,,,,,,,
Q9[L],,Have you used a city_name trail during the past year,,nan:nan,2.0:No,1.0:Yes,,,,,,,
Q10[01][F],,Please rate your satisfaction with each of the park services listed,01. Maintenance of City parks,nan:nan,3.0:Neutral,5.0:Very Satisfied,2.0:Dissatisfied,4.0:Satisfied,9.0:Don't Know,1.0:Very Dissatisfied,,,
Q10[02][F],,Please rate your satisfaction with each of the park services listed,02. The number of City parks,nan:nan,3.0:Neutral,4.0:Satisfied,2.0:Dissatisfied,5.0:Very Satisfied,9.0:Don't Know,1.0:Very Dissatisfied,,,
Q10[03][F],,Please rate your satisfaction with each of the park services listed,03. Maintenance of City park restrooms and shelters,nan:nan,3.0:Neutral,4.0:Satisfied,2.0:Dissatisfied,5.0:Very Satisfied,9.0:Don't Know,1.0:Very Dissatisfied,,,
Q10[04][F],,Please rate your satisfaction with each of the park services listed,04. Number of City park restrooms and shelters,nan:nan,3.0:Neutral,4.0:Satisfied,2.0:Dissatisfied,5.0:Very Satisfied,9.0:Don't Know,1.0:Very Dissatisfied,,,
Q10[05][F],,Please rate your satisfaction with each of the park services listed,05. Maintenance of walking and biking trails in the City,nan:nan,3.0:Neutral,4.0:Satisfied,5.0:Very Satisfied,2.0:Dissatisfied,9.0:Don't Know,1.0:Very Dissatisfied,,,
Q10[06][F],,Please rate your satisfaction with each of the park services listed,06. Number of walking and biking trails in the City,nan:nan,3.0:Neutral,4.0:Satisfied,5.0:Very Satisfied,2.0:Dissatisfied,9.0:Don't Know,1.0:Very Dissatisfied,,,
Q10[07][F],,Please rate your satisfaction with each of the park services listed,07. Safety of trails and parks in the City,nan:nan,3.0:Neutral,4.0:Satisfied,5.0:Very Satisfied,9.0:Don't Know,2.0:Dissatisfied,1.0:Very Dissatisfied,,,
Q10[08][F],,Please rate your satisfaction with each of the park services listed,08. Crown Point Community Center,nan:nan,3.0:Neutral,9.0:Don't Know,4.0:Satisfied,1.0:Very Dissatisfied,2.0:Dissatisfied,5.0:Very Satisfied,,,
Q10[09][F],,Please rate your satisfaction with each of the park services listed,09. Simpson Barn,nan:nan,3.0:Neutral,9.0:Don't Know,4.0:Satisfied,5.0:Very Satisfied,1.0:Very Dissatisfied,2.0:Dissatisfied,,,
Q10[10][F],,Please rate your satisfaction with each of the park services listed,10. Lew Clarkson Park,nan:nan,3.0:Neutral,9.0:Don't Know,4.0:Satisfied,2.0:Dissatisfied,5.0:Very Satisfied,1.0:Very Dissatisfied,,,
Q10[11][F],,Please rate your satisfaction with each of the park services listed,11. Terra Park,nan:nan,3.0:Neutral,9.0:Don't Know,5.0:Very Satisfied,4.0:Satisfied,2.0:Dissatisfied,1.0:Very Dissatisfied,,,
Q10[12][F],,Please rate your satisfaction with each of the park services listed,12. Beaver Creek Water Trail,nan:nan,3.0:Neutral,9.0:Don't Know,4.0:Satisfied,5.0:Very Satisfied,2.0:Dissatisfied,1.0:Very Dissatisfied,,,
Q10[13][F],,Please rate your satisfaction with each of the park services listed,13. city_name Town Center splash pad,nan:nan,3.0:Neutral,4.0:Satisfied,9.0:Don't Know,5.0:Very Satisfied,2.0:Dissatisfied,1.0:Very Dissatisfied,,,
Q10[14][F],,Please rate your satisfaction with each of the park services listed,14. city_name Town Center skating rink,nan:nan,3.0:Neutral,2.0:Dissatisfied,9.0:Don't Know,4.0:Satisfied,5.0:Very Satisfied,1.0:Very Dissatisfied,,,
Q10[15][F],,Please rate your satisfaction with each of the park services listed,15. city_name Commons Park,nan:nan,3.0:Neutral,9.0:Don't Know,4.0:Satisfied,5.0:Very Satisfied,2.0:Dissatisfied,1.0:Very Dissatisfied,,,
Q11[01][F],,Please rate your satisfaction with each of the following recreation items,1. Your accessibility to desired destinations via the bike and trail system,nan:nan,9.0:Don't Know,4.0:Satisfied,5.0:Very Satisfied,1.0:Very Dissatisfied,3.0:Neutral,2.0:Dissatisfied,,,
Q11[02][F],,Please rate your satisfaction with each of the following recreation items,2. The community's youth recreation programs,nan:nan,9.0:Don't Know,5.0:Very Satisfied,2.0:Dissatisfied,3.0:Neutral,1.0:Very Dissatisfied,4.0:Satisfied,,,
Q11[03][F],,Please rate your satisfaction with each of the following recreation items,3. The community's adult recreation and education programs,nan:nan,9.0:Don't Know,2.0:Dissatisfied,3.0:Neutral,4.0:Satisfied,5.0:Very Satisfied,1.0:Very Dissatisfied,,,
Q11[04][F],,Please rate your satisfaction with each of the following recreation items,4. The community's senior citizen recreation programs,nan:nan,9.0:Don't Know,3.0:Neutral,2.0:Dissatisfied,5.0:Very Satisfied,4.0:Satisfied,1.0:Very Dissatisfied,,,
Q11[05][F],,Please rate your satisfaction with each of the following recreation items,"5. Overall, a variety of recreation program services are provided for children",nan:nan,9.0:Don't Know,5.0:Very Satisfied,2.0:Dissatisfied,3.0:Neutral,4.0:Satisfied,1.0:Very Dissatisfied,,,
Q11[06][F],,Please rate your satisfaction with each of the following recreation items,"6. Overall, a variety of recreation program services are provided for adults",nan:nan,9.0:Don't Know,4.0:Satisfied,2.0:Dissatisfied,3.0:Neutral,5.0:Very Satisfied,1.0:Very Dissatisfied,,,
Q11[07][F],,Please rate your satisfaction with each of the following recreation items,"7. Overall, a variety of recreation program services are provided for senior citizens",nan:nan,9.0:Don't Know,3.0:Neutral,5.0:Very Satisfied,4.0:Satisfied,2.0:Dissatisfied,1.0:Very Dissatisfied,,,
Q12[T],,What kinds of additional outdoor recreational opportunities are needed,,Waterpark/pool,Pool public swimming ,"Out door aquatic center, drive inn theater ",Aquatic center ,Teen and adult rec leagues,POOL ! This town need recreation for teens. We definitely need a pool. This town is big enough to support a pool. We need things for older kids to keep them in our town so that they don’t have to go to Urbandale or Grimes or Ankeny. Keep our kids here keep.,More updated exercise park at crown point.  ,"Rental equipment (pickle ball, snow shoes, xc  skis)","More bike trails, better bike trails, Skate park for teens and kids to hang out with. less tennis courts or pickles all courts and more teenage centered parks","Public Swimming pool.
Dog park"
Q13[T],,What kinds of additional indoor recreational opportunities are needed,,A town rec center would be cool - maybe in one of the two vacant buildings near 86th (AMC theatre or Dahls/Pricechopper),Pool public swimming ,"Bowling, ymca, roller skating ",swimming facility,Indoor rec center we could use a rec center with a waterpark. We definitely need some big water park area.,"Pickle ball 
",Indoor skate park,Need a place for teens to hangout in the winter. Purchase the old Dahls and convert it into a rec center. Need more teen recreational programs that are not competitive sports. There isn’t much for non sports kids to do in our community. ,Need to know about the recreational opportunities ,"More crafting and game nights, i.e., cribbage, bridge"
Q14[L],,What is more of a top priority for you in terms of recreation,,nan:nan,3.0:Both,2.0:Outdoor activities,1.0:Indoor activities,,,,,,
Q15[01][F],City Maintenance,Please rate your satisfaction with each of the following city maintenance items,01. Maintenance of City streets,nan:nan,2.0:Dissatisfied,4.0:Satisfied,5.0:Very Satisfied,3.0:Neutral,1.0:Very Dissatisfied,9.0:Don't Know,,,
Q15[02][F],City Maintenance,Please rate your satisfaction with each of the following city maintenance items,02. Maintenance of sidewalks and trails,nan:nan,9.0:Don't Know,4.0:Satisfied,3.0:Neutral,5.0:Very Satisfied,1.0:Very Dissatisfied,2.0:Dissatisfied,,,
Q15[03][F],City Maintenance,Please rate your satisfaction with each of the following city maintenance items,03. Maintenance of traffic signals and street signs,nan:nan,3.0:Neutral,4.0:Satisfied,5.0:Very Satisfied,2.0:Dissatisfied,9.0:Don't Know,1.0:Very Dissatisfied,,,
Q15[04][F],City Maintenance,Please rate your satisfaction with each of the following city maintenance items,04. Adequacy of City street lighting,nan:nan,2.0:Dissatisfied,4.0:Satisfied,5.0:Very Satisfied,3.0:Neutral,1.0:Very Dissatisfied,9.0:Don't Know,,,
Q15[05][F],City Maintenance,Please rate your satisfaction with each of the following city maintenance items,"05. Maintenance of City buildings, such as City Hall, the library, police station and fire stations",nan:nan,3.0:Neutral,4.0:Satisfied,5.0:Very Satisfied,1.0:Very Dissatisfied,9.0:Don't Know,2.0:Dissatisfied,,,
Q15[06][F],City Maintenance,Please rate your satisfaction with each of the following city maintenance items,06. Snow removal on City streets,nan:nan,3.0:Neutral,4.0:Satisfied,5.0:Very Satisfied,1.0:Very Dissatisfied,2.0:Dissatisfied,9.0:Don't Know,,,
Q15[07][F],City Maintenance,Please rate your satisfaction with each of the following city maintenance items,07. Mowing and trimming along City streets and other public areas,nan:nan,3.0:Neutral,4.0:Satisfied,5.0:Very Satisfied,2.0:Dissatisfied,1.0:Very Dissatisfied,9.0:Don't Know,,,
Q15[08][F],City Maintenance,Please rate your satisfaction with each of the following city maintenance items,08. Overall condition of City streets,nan:nan,2.0:Dissatisfied,4.0:Satisfied,5.0:Very Satisfied,3.0:Neutral,1.0:Very Dissatisfied,9.0:Don't Know,,,
Q15[09][F],City Maintenance,Please rate your satisfaction with each of the following city maintenance items,09. Overall satisfaction with weekly curbside trash collection,nan:nan,3.0:Neutral,4.0:Satisfied,5.0:Very Satisfied,9.0:Don't Know,2.0:Dissatisfied,1.0:Very Dissatisfied,,,
Q15[10][F],City Maintenance,Please rate your satisfaction with each of the following city maintenance items,10. Overall satisfaction with weekly curbside recycling collection,nan:nan,2.0:Dissatisfied,4.0:Satisfied,5.0:Very Satisfied,3.0:Neutral,9.0:Don't Know,1.0:Very Dissatisfied,,,
Q15[11][F],City Maintenance,Please rate your satisfaction with each of the following city maintenance items,11. Overall satisfaction with weekly curbside yard waste collection,nan:nan,9.0:Don't Know,4.0:Satisfied,5.0:Very Satisfied,3.0:Neutral,2.0:Dissatisfied,1.0:Very Dissatisfied,,,
Q16[01][F],,Which TWO of the city maintenance items listed above do you think should receive the MOST EMPHASIS from City leaders over the next TWO Years,1st:,nan:nan,1.0:01. Maintenance of City streets,2.0:02. Maintenance of sidewalks and trails,4.0:04. Adequacy of City street lighting,9.0:09. Overall satisfaction with weekly curbside trash collection,3.0:03. Maintenance of traffic signals and street signs,10.0:10. Overall satisfaction with weekly curbside recycling collection,7.0:07. Mowing and trimming along City streets and other public areas,8.0:08. Overall condition of City streets,6.0:06. Snow removal on City streets
Q16[02][F],,Which TWO of the city maintenance items listed above do you think should receive the MOST EMPHASIS from City leaders over the next TWO Years,2nd:,nan:nan,8.0:08. Overall condition of City streets,2.0:02. Maintenance of sidewalks and trails,6.0:06. Snow removal on City streets,10.0:10. Overall satisfaction with weekly curbside recycling collection,4.0:04. Adequacy of City street lighting,1.0:01. Maintenance of City streets,3.0:03. Maintenance of traffic signals and street signs,7.0:07. Mowing and trimming along City streets and other public areas,"5.0:05. Maintenance of City buildings, such as City Hall, the library, police station and fire stations"
Q17[01][F],City Growth,Please rate your satisfaction with each of the following items,1. Rate of growth in city_name,nan:nan,2.0:Dissatisfied,4.0:Satisfied,3.0:Neutral,5.0:Very Satisfied,1.0:Very Dissatisfied,9.0:Don't Know,,,
Q17[02][F],City Growth,Please rate your satisfaction with each of the following items,2. Quality of business development,nan:nan,1.0:Very Dissatisfied,4.0:Satisfied,3.0:Neutral,2.0:Dissatisfied,5.0:Very Satisfied,9.0:Don't Know,,,
Q17[03][F],City Growth,Please rate your satisfaction with each of the following items,3. Quality of residential development,nan:nan,4.0:Satisfied,2.0:Dissatisfied,3.0:Neutral,1.0:Very Dissatisfied,5.0:Very Satisfied,9.0:Don't Know,,,
Q17[04][F],City Growth,Please rate your satisfaction with each of the following items,4. Diversity of residential development,nan:nan,3.0:Neutral,4.0:Satisfied,9.0:Don't Know,2.0:Dissatisfied,5.0:Very Satisfied,1.0:Very Dissatisfied,,,
Q17[05][F],City Growth,Please rate your satisfaction with each of the following items,5. Availability of affordable housing for sale,nan:nan,4.0:Satisfied,3.0:Neutral,2.0:Dissatisfied,9.0:Don't Know,1.0:Very Dissatisfied,5.0:Very Satisfied,,,
Q17[06][F],City Growth,Please rate your satisfaction with each of the following items,6. Availability of affordable housing for rent,nan:nan,4.0:Satisfied,3.0:Neutral,2.0:Dissatisfied,9.0:Don't Know,5.0:Very Satisfied,1.0:Very Dissatisfied,,,
Q18[L],,Library Services,,nan:nan,2.0:No,1.0:Yes,,,,,,,
Q18a[01][F],,Please rate your satisfaction with each of the following items,"1. The quality of library programs, story hours and book discussion",nan:nan,5.0:Very Satisfied,3.0:Neutral,4.0:Satisfied,9.0:Don't Know,2.0:Dissatisfied,1.0:Very Dissatisfied,,,
Q18a[02][F],Please rate your satisfaction with each of the following items,"[2. The quality of library materials, books, DVDs, magazines, etc",,nan:nan,4.0:Satisfied,5.0:Very Satisfied,3.0:Neutral,2.0:Dissatisfied,9.0:Don't Know,1.0:Very Dissatisfied,,,
Q18a[03][F],,Please rate your satisfaction with each of the following items,3. Overall satisfaction with the city_name Public Library,nan:nan,4.0:Satisfied,5.0:Very Satisfied,3.0:Neutral,2.0:Dissatisfied,1.0:Very Dissatisfied,9.0:Don't Know,,,
Q19[01][M],,Please CHECK ALL of the following information sources you have used to get information about the City of city_name during the past year,The City's website,nan:nan,Y:Yes,nan:No,,,,,,,
Q19[02][M],,Please CHECK ALL of the following information sources you have used to get information about the City of city_name during the past year,The City's Facebook/Instagram page,nan:nan,nan:No,Y:Yes,,,,,,,
Q19[03][M],,Please CHECK ALL of the following information sources you have used to get information about the City of city_name during the past year,The City's X (formerly Twitter) feed,nan:nan,nan:No,Y:Yes,,,,,,,
Q19[04][M],,Please CHECK ALL of the following information sources you have used to get information about the City of city_name during the past year,Des Moines Register,nan:nan,Y:Yes,nan:No,,,,,,,
Q19[05][M],,Please CHECK ALL of the following information sources you have used to get information about the City of city_name during the past year,Des Moines Business Record,nan:nan,nan:No,Y:Yes,,,,,,,
Q19[06][M],,Please CHECK ALL of the following information sources you have used to get information about the City of city_name during the past year,city_name Living magazine,nan:nan,Y:Yes,nan:No,,,,,,,
Q19[07][M],,Please CHECK ALL of the following information sources you have used to get information about the City of city_name during the past year,The City's weekly/monthly e-newsletter,nan:nan,Y:Yes,nan:No,,,,,,,
Q19[08][M],,Please CHECK ALL of the following information sources you have used to get information about the City of city_name during the past year,My utility bill,nan:nan,Y:Yes,nan:No,,,,,,,
Q19[09][M],,Please CHECK ALL of the following information sources you have used to get information about the City of city_name during the past year,Videos on city's social media (YouTube/Facebook),nan:nan,nan:No,Y:Yes,,,,,,,
Q19[10][M],,Please CHECK ALL of the following information sources you have used to get information about the City of city_name during the past year,News alert notifications from City website,nan:nan,nan:No,Y:Yes,,,,,,,
Q19[11][M],,Please CHECK ALL of the following information sources you have used to get information about the City of city_name during the past year,city_name Living weekly eNewsletter,nan:nan,nan:No,Y:Yes,,,,,,,
Q19[12][M],,Please CHECK ALL of the following information sources you have used to get information about the City of city_name during the past year,Nextdoor,nan:nan,nan:No,Y:Yes,,,,,,,
Q19[13][M],,Please CHECK ALL of the following information sources you have used to get information about the City of city_name during the past year,City of city_name mobile app,nan:nan,nan:No,Y:Yes,,,,,,,
Q19[14][M],,Please CHECK ALL of the following information sources you have used to get information about the City of city_name during the past year,Other,nan:nan,nan:No,Y:Yes,,,,,,,
Q19x14[T],,"Please define ""Other",,"My own observations, if that counts.",text messages,Word of mouth,Library site.,Talking with neighbors that are plugged into the community.,Working in town,We Are Iowa tv channel app,Community,Neighbors,Living there and talking with other residents 
Q20[01][F],City Communications,Please rate your satisfaction with each of the following,1. The availability of information about City programs and services,nan:nan,3.0:Neutral,4.0:Satisfied,9.0:Don't Know,1.0:Very Dissatisfied,2.0:Dissatisfied,5.0:Very Satisfied,,,
Q20[02][F],City Communications,Please rate your satisfaction with each of the following,2. The level of public involvement in local decision making,nan:nan,3.0:Neutral,1.0:Very Dissatisfied,4.0:Satisfied,9.0:Don't Know,2.0:Dissatisfied,5.0:Very Satisfied,,,
Q20[03][F],City Communications,Please rate your satisfaction with each of the following,3. The quality of the City's website,nan:nan,2.0:Dissatisfied,4.0:Satisfied,3.0:Neutral,9.0:Don't Know,5.0:Very Satisfied,1.0:Very Dissatisfied,,,
Q20[04][F],City Communications,Please rate your satisfaction with each of the following,4. The online services offered on the City's website,nan:nan,3.0:Neutral,4.0:Satisfied,9.0:Don't Know,2.0:Dissatisfied,5.0:Very Satisfied,1.0:Very Dissatisfied,,,
Q21[01][M],,Please CHECK ALL of the following information sources you are currently using in daily life,Facebook/Instagram,nan:nan,Y:Yes,nan:No,,,,,,,
Q21[02][M],,Please CHECK ALL of the following information sources you are currently using in daily life,X (formerly Twitter),nan:nan,Y:Yes,nan:No,,,,,,,
Q21[03][M],,Please CHECK ALL of the following information sources you are currently using in daily life,YouTube,nan:nan,nan:No,Y:Yes,,,,,,,
Q21[04][M],,Please CHECK ALL of the following information sources you are currently using in daily life,TikTok,nan:nan,nan:No,Y:Yes,,,,,,,
Q21[05][M],,Please CHECK ALL of the following information sources you are currently using in daily life,Snapchat,nan:nan,nan:No,Y:Yes,,,,,,,
Q21[06][M],,Please CHECK ALL of the following information sources you are currently using in daily life,SMS text messaging,nan:nan,nan:No,Y:Yes,,,,,,,
Q21[07][M],,Please CHECK ALL of the following information sources you are currently using in daily life,Print publications,nan:nan,Y:Yes,nan:No,,,,,,,
Q21[08][M],,Please CHECK ALL of the following information sources you are currently using in daily life,Email,nan:nan,Y:Yes,nan:No,,,,,,,
Q21[09][M],,Please CHECK ALL of the following information sources you are currently using in daily life,Chat bots,nan:nan,nan:No,Y:Yes,,,,,,,
Q21[10][M],,Please CHECK ALL of the following information sources you are currently using in daily life,Other,nan:nan,nan:No,Y:Yes,,,,,,,
Q21x10[T],,"Please define ""Other",,On line news sites,Other social media platforms ,Local news stations,AI,MESSENGER,"Websites, apps",Instagram,EMAIL,I talked to people!!!!!!!!!!!,tv
Q22[01][F],,Please indicate how the City of city_name compares to other cities in Des Moines metro areas in the following areas,1. City facilities,nan:nan,3.0:About the Same,4.0:Better,2.0:Worse,1.0:Much Worse,9.0:Don't Know,5.0:Much Better,,,
Q22[02][F],,Please indicate how the City of city_name compares to other cities in Des Moines metro areas in the following areas,2. City parks,nan:nan,3.0:About the Same,4.0:Better,1.0:Much Worse,9.0:Don't Know,5.0:Much Better,2.0:Worse,,,
Q22[03][F],,Please indicate how the City of city_name compares to other cities in Des Moines metro areas in the following areas,3. EMS,nan:nan,2.0:Worse,9.0:Don't Know,3.0:About the Same,5.0:Much Better,4.0:Better,1.0:Much Worse,,,
Q22[04][F],,Please indicate how the City of city_name compares to other cities in Des Moines metro areas in the following areas,4. Fire,nan:nan,2.0:Worse,9.0:Don't Know,3.0:About the Same,5.0:Much Better,4.0:Better,1.0:Much Worse,,,
Q22[05][F],,Please indicate how the City of city_name compares to other cities in Des Moines metro areas in the following areas,5. Library,nan:nan,3.0:About the Same,9.0:Don't Know,5.0:Much Better,2.0:Worse,4.0:Better,1.0:Much Worse,,,
Q22[06][F],,Please indicate how the City of city_name compares to other cities in Des Moines metro areas in the following areas,6. Police,nan:nan,3.0:About the Same,9.0:Don't Know,2.0:Worse,5.0:Much Better,4.0:Better,1.0:Much Worse,,,
Q22[07][F],,Please indicate how the City of city_name compares to other cities in Des Moines metro areas in the following areas,7. Road conditions,nan:nan,2.0:Worse,4.0:Better,1.0:Much Worse,3.0:About the Same,5.0:Much Better,9.0:Don't Know,,,
Q22[08][F],,Please indicate how the City of city_name compares to other cities in Des Moines metro areas in the following areas,8. Snow removal on trails and roads,nan:nan,3.0:About the Same,4.0:Better,9.0:Don't Know,5.0:Much Better,1.0:Much Worse,2.0:Worse,,,
Q22[09][F],,Please indicate how the City of city_name compares to other cities in Des Moines metro areas in the following areas,9. Trails,nan:nan,9.0:Don't Know,4.0:Better,3.0:About the Same,5.0:Much Better,2.0:Worse,1.0:Much Worse,,,
Q23[01][M],Economic Development,Which TWO of the following benefits of economic development are MOST IMPORTANT to you,More jobs in city_name,nan:nan,nan:No,Y:Yes,,,,,,,
Q23[02][M],Economic Development,Which TWO of the following benefits of economic development are MOST IMPORTANT to you,New and existing companies opening/expanding in city_name,nan:nan,Y:Yes,nan:No,,,,,,,
Q23[03][M],Economic Development,Which TWO of the following benefits of economic development are MOST IMPORTANT to you,Improved awareness (reputation) of the City,nan:nan,nan:No,Y:Yes,,,,,,,
Q23[04][M],Economic Development,Which TWO of the following benefits of economic development are MOST IMPORTANT to you,More tourists visiting the region,nan:nan,nan:No,Y:Yes,,,,,,,
Q23[05][M],Economic Development,Which TWO of the following benefits of economic development are MOST IMPORTANT to you,Better lifestyle amenities,nan:nan,Y:Yes,nan:No,,,,,,,
Q23[06][M],Economic Development,Which TWO of the following benefits of economic development are MOST IMPORTANT to you,Better educational opportunities,nan:nan,nan:No,Y:Yes,,,,,,,
Q23[07][M],Economic Development,Which TWO of the following benefits of economic development are MOST IMPORTANT to you,Higher standard of living,nan:nan,nan:No,Y:Yes,,,,,,,
Q23[08][M],Economic Development,Which TWO of the following benefits of economic development are MOST IMPORTANT to you,Increased tax base,nan:nan,nan:No,Y:Yes,,,,,,,
Q23[09][M],Economic Development,Which TWO of the following benefits of economic development are MOST IMPORTANT to you,Diversity of housing options,nan:nan,nan:No,Y:Yes,,,,,,,
Q23[10][M],Economic Development,Which TWO of the following benefits of economic development are MOST IMPORTANT to you,Other,nan:nan,nan:No,Y:Yes,,,,,,,
Q23x10[T],,"Please define ""Other",,Lower property taxes,"Decrease taxes.
Stop city council from spending taxes so freely and overspending for APPEARANCE.  Snuck in vote for new police, fire and high school.
Eliminate the unnecessary “diversity” position in school district.  ","I marked dissatisfied in the diversity section earlier but was NOT referring to demographics. Johnston is being known for progressive, woke liberals and diverse thought is shamed and not allowed. Kids at school can not express free speech nor is it allowed in the community unless it’s of one thought. It’s shown when the mayor poses with local activists that are bent on ruining and dividing our city; that wear “Johnston’s Gone Woke” shirts and she signs declarations of Juneteenth to appease the woke mob and signs declarations on  praising the library during their “read banned books” when residents have supported legislation and pleaded with Johnston school district to remove sexually explicit books from school age children. Everyone outside Johnston sees it as the most woke school district, where they excel in extra curricular but fail in education. Kids fail in college because they are not prepared in k-12. There is a reason local private schools are filled with Johnston residents’ children. It’s not a welcoming area and local officials only appease the division in the community. ",Pool and recreation area. More things for kids/teens to do ,I prefer a lower population density. ,"Enviroment impact of management choices
This should be part of all your planning.
It is sadly missing
All the trees cut down by gravel pit. Why!
You guys are to sharp to be blowing off environmental impact. 
,",More fine dining experiences.,Less taxes,Lowering tax burden ,More handicap accessible places
Q24[L],,How often do you typically go outside city_name city limits to shop,,nan:nan,2.0:A few times per week,1.0:Every day,4.0:A few times per month,3.0:At least once a week,6.0:Seldom or never,5.0:A few times per year,,,
Q25[L],,Should the City put an emphasis on bringing retail to the City,,nan:nan,1.0:Yes,2.0:No,,,,,,,
Q26[L],,Should the City put an emphasis on bringing restaurants to the City,,nan:nan,1.0:Yes,2.0:No,,,,,,,
Q27[01][M],,Please CHECK ALL of the following types of retail and restaurant options you would like to see in city_name,Clothing stores,nan:nan,nan:No,Y:Yes,,,,,,,
Q27[02][M],,Please CHECK ALL of the following types of retail and restaurant options you would like to see in city_name,Casual dining,nan:nan,Y:Yes,nan:No,,,,,,,
Q27[03][M],,Please CHECK ALL of the following types of retail and restaurant options you would like to see in city_name,Fine dining,nan:nan,Y:Yes,nan:No,,,,,,,
Q27[04][M],,Please CHECK ALL of the following types of retail and restaurant options you would like to see in city_name,Fast food,nan:nan,Y:Yes,nan:No,,,,,,,
Q27[05][M],,Please CHECK ALL of the following types of retail and restaurant options you would like to see in city_name,Big box retail,nan:nan,nan:No,Y:Yes,,,,,,,
Q27[06][M],,Please CHECK ALL of the following types of retail and restaurant options you would like to see in city_name,Specialty shops,nan:nan,nan:No,Y:Yes,,,,,,,
Q27[07][M],,Please CHECK ALL of the following types of retail and restaurant options you would like to see in city_name,Brewery,nan:nan,nan:No,Y:Yes,,,,,,,
Q27[08][M],,Please CHECK ALL of the following types of retail and restaurant options you would like to see in city_name,Sports bar,nan:nan,nan:No,Y:Yes,,,,,,,
Q27[09][M],,Please CHECK ALL of the following types of retail and restaurant options you would like to see in city_name,Entertainment options,nan:nan,nan:No,Y:Yes,,,,,,,
Q27[10][M],,Please CHECK ALL of the following types of retail and restaurant options you would like to see in city_name,Other,nan:nan,nan:No,Y:Yes,,,,,,,
Q27x10[T],,"Please define ""Other",,Buffets,With a focus on local and small business not cookie cutter of other cities,Gym where the amc was or ymca,We need summer & winter activities and maybe a movie theater.,"Sporting goods, gun stores, container stores, whole food, Trader Joe's.",Small local businesses,No new stores until the empty building are filled. Focus on building up what we have opposed to trying to just bring in businesses. ,Pool and rec center ,"Coffee Shop (Local, not a bigchain)",Gift shopping
Q28[01][M],,Please CHECK ALL of the following that you have done in city_name over the past year,Eaten out at a restaurant (fast food),nan:nan,Y:Yes,nan:No,,,,,,,
Q28[02][M],,Please CHECK ALL of the following that you have done in city_name over the past year,Eaten out at a restaurant (other than fast food),nan:nan,Y:Yes,nan:No,,,,,,,
Q28[03][M],,Please CHECK ALL of the following that you have done in city_name over the past year,"Attended a live music performance, concert, parade or festival",nan:nan,nan:No,Y:Yes,,,,,,,
Q28[04][M],,Please CHECK ALL of the following that you have done in city_name over the past year,Visited City government offices,nan:nan,Y:Yes,nan:No,,,,,,,
Q28[05][M],,Please CHECK ALL of the following that you have done in city_name over the past year,Gone shopping,nan:nan,nan:No,Y:Yes,,,,,,,
Q28[06][M],,Please CHECK ALL of the following that you have done in city_name over the past year,"Used professional services (banking, legal)",nan:nan,Y:Yes,nan:No,,,,,,,
Q28[07][M],,Please CHECK ALL of the following that you have done in city_name over the past year,Gone to work/employment,nan:nan,nan:No,Y:Yes,,,,,,,
Q28[08][M],,Please CHECK ALL of the following that you have done in city_name over the past year,Gone to church,nan:nan,nan:No,Y:Yes,,,,,,,
Q28[09][M],,Please CHECK ALL of the following that you have done in city_name over the past year,None of these,nan:nan,nan:No,Y:Yes,,,,,,,
Q29[L],,Living in city_name,,nan:nan,5.0:Close to family,3.0:Great quality of life,4.0:School system,8.0:Heard great things about the community,7.0:Like the small town feel,2.0:Close to work,1.0:Grew up in the region,9.0:Other,6.0:Affordable cost of living
Q29x9[T],,"Please define ""Other",,originally moved because of the school system but would not move here for it now. Staying because our neighborhood has a small town feel.,"Moved into the community in 1990 when it was much smaller —opportunity to purchase grandparent’s home.  Otherwise, moving to the community would not have been affordable for us.  ","Moved here from the Quad-Cities in 1998, due to full-time service in the Iowa National Guard. Once I retired, we realized we've built up a rather nice life here in Johnston and love living here.",My spouse was already living here,My Wife “made” me. (In a good way).,Found a house we liked ,Had to move into ranch home because of medical issues ,Mature trees and robust trail system.,In between Ankeny and west DesMoines to go shopping ,"We were looking for a place big enough for family to gather, have a place to park all the vehicles and  like to have a family feel with our neighbors"
Q30[L],,Have you used DART (Des Moines Area Regional Transit Authority) bus services in the past 2 years,,nan:nan,2.0:No,1.0:Yes,9.0:Don't know,,,,,,
Q31[01][M],,Please CHECK ALL of the following items that would make you try DART or cause you to ride more often,Nothing,nan:nan,Y:Yes,nan:No,,,,,,,
Q31[02][M],,Please CHECK ALL of the following items that would make you try DART or cause you to ride more often,More frequent buses,nan:nan,nan:No,Y:Yes,,,,,,,
Q31[03][M],,Please CHECK ALL of the following items that would make you try DART or cause you to ride more often,More convenient routes,nan:nan,nan:No,Y:Yes,,,,,,,
Q31[04][M],,Please CHECK ALL of the following items that would make you try DART or cause you to ride more often,Inter-suburb routes,nan:nan,nan:No,Y:Yes,,,,,,,
Q31[05][M],,Please CHECK ALL of the following items that would make you try DART or cause you to ride more often,More park-and-ride locations,nan:nan,nan:No,Y:Yes,,,,,,,
Q31[06][M],,Please CHECK ALL of the following items that would make you try DART or cause you to ride more often,Express buses,nan:nan,nan:No,Y:Yes,,,,,,,
Q32[L],,Have you used the city_name Partnership Food Pantry in the past 2 years,,nan:nan,2.0:No,1.0:Yes,,,,,,,
Q33[L],,"Are you aware when you receive your property tax bill from Polk County, you are paying taxes to seven separate entities",,nan:nan,1.0:Yes,2.0:No,,,,,,,
Q33a[L],,From which ONE of the following entities do you receive the majority of your services,,nan:nan,1.0:City of Johnston,3.0:Polk County,2.0:Johnston Community School District,4.0:Polk County Assessor,6.0:DMACC,5.0:DART,7.0:Broadlawns Hospital,,
Q34[01][M],,How do you receive information about the city's budget and how money is spent,Social media,nan:nan,nan:No,Y:Yes,,,,,,,
Q34[02][M],,How do you receive information about the city's budget and how money is spent,Newsletter,nan:nan,nan:No,Y:Yes,,,,,,,
Q34[03][M],,How do you receive information about the city's budget and how money is spent,Council meetings,nan:nan,nan:No,Y:Yes,,,,,,,
Q34[04][M],,How do you receive information about the city's budget and how money is spent,Monthly city_name living magazine,nan:nan,nan:No,Y:Yes,,,,,,,
Q34[05][M],,How do you receive information about the city's budget and how money is spent,Budget page on the city's website,nan:nan,Y:Yes,nan:No,,,,,,,
Q34[06][M],,How do you receive information about the city's budget and how money is spent,Other,nan:nan,nan:No,Y:Yes,,,,,,,
Q34[07][M],,How do you receive information about the city's budget and how money is spent,It's not important to me,nan:nan,nan:No,Y:Yes,,,,,,,
Q34x6[T],,"Please define ""Other",,I dony,I don’t know how to find this information ,Combination.  Not always the same.  ,"Budget information feels hidden, and hard to find. How much are we paying for all of the new buildings that are coming in? (ignite, bombers, kwik star, Starbucks, caribou, etc)",On my tax documents ,Email updates from council member. ,I don’t receive it,Not sure where to find this information.,Never seen a city budget,Friends involved in city government
Q35[T],,What do you like most about the City of city_name,,Safe and secure environment ,"Great schools, clean, safe, friendly neighbors, the trails/parks","Have lived here 50 years. Has grown but still
Small town feel. ",It’s not horrible ,"Johnston Living Magazine 
Home town feel 
Openness feeling, not crowded 
","I live in the north eastern side of town, where the properties are larger…it has a small community feel, it’s quiet and peaceful. ","The small town feel, the schools are great",It’s a beautiful place to live and it’s convenient to everything,Small town setting and like the location. Plenty of trail access. ,Friendly people. 
Q36[T],,"If you could change one thing about the City of city_name, what would it be",,More dining options,Less affordable housing which attracts less desirable people ,Revitalize the 86th street retail (Dahl's / AMC),More retail and restaurants ,"Widen Merle Hay. Stop light at 66th Ave and Merle Hay. Summer traffic going to Saylorville makes it hard to get put on to Merle Hay. 
",Lower taxes ,Stop teaching gender confusion in schools!!!!!!!!! DONT MESS WITH OUR KIDS ,"Like I said before, an aquatic center and buffets.","Focus some of the growth and redevelopment on improvements for Johnston locals and not just for revenue streams.  Such as building an indoor and outdoor aquatic center that can be used for both residents, local sports teams, and regional competitions. Therefore bringing in money to the area and providing a needed service for our city.",Focus on maintaining the small community sense and feel that it has been known for. 
Q37[T],,Do you have any additional comments you would like to share,,My husband one of three original pice officers ,"I’ve only lived in Johnston for less than 3 years, but have loved the area and closeness to anything that you want.","Johnston is historically known for being high in taxes, both for residents and businesses. Having incentives for small and local business owners to bring their shops to Johnston would go a long way in creating a Main Street vibe that would continue the small town feel of Johnston while boosting its appeal.",Bring more livelihood near the old.movie thea,Please do something with Price chopper we need a larger grocery store there Or turn that into a rec center of some kind,"Thank you all for your hard work.  A big shout out to all our fire, emergency and police dept...and Mayor Paula D.",Dart needs to pay for itself. We should not have to subsidize it. ,I feel like the city doesn't accommodate to young adults and teenagers and I wish they would. There are tins of things for adults and kids to do but not much for teens and young adults. Especially with more people choosing not to go to college and go straight to the workforce there isn't a lot of ways for them to go out without spending money. ,Wish the city council actually cared about the kids in Johnston. They say they do but actions speak louder than words. ,We love living in Johnston and appreciate what the city is doing to improve our quality of life.
Q38[L],,Which of the following best describes your current place of employment,,nan:nan,5.0:Retired,"1.0:Employee, and employed outside the home",3.0:Self employed,4.0:Student,"2.0:Employee, and work from home",6.0:Not currently employed,,,
Q38a[L],,Where do you work,,nan:nan,2.0:In downtown Des Moines,3.0:In a suburb of Des Moines,4.0:Somewhere else,1.0:In Johnston,,,,,
Q38a4[S],,Where,,Des Moines Southeast side,East side of Des Moines ,Boone,VA hospital ,East side of Des Moines in a dental office ,EASTSIDE OF DES MOINES,"Alleman, Iowa ",Dea Moines,Ames,Des Moines 
Q39[L],,What best describes the town where you grew up,,nan:nan,2.0:Des Moines metro,1.0:Small town Iowa,5.0:Outside Iowa,3.0:Johnston,4.0:Another Metro in Iowa,,,,
Q40[01][M],,Which of the following best describes your race/ethnicity,Asian or Asian Indian,nan:nan,nan:No,Y:Yes,,,,,,,
Q40[02][M],,Which of the following best describes your race/ethnicity,Black or African American,nan:nan,nan:No,Y:Yes,,,,,,,
Q40[03][M],,Which of the following best describes your race/ethnicity,American Indian or Alaska Native,nan:nan,nan:No,Y:Yes,,,,,,,
Q40[04][M],,Which of the following best describes your race/ethnicity,White or Caucasian,nan:nan,Y:Yes,nan:No,,,,,,,
Q40[05][M],,Which of the following best describes your race/ethnicity,Native Hawaiian or other Pacific Islander,nan:nan,nan:No,Y:Yes,,,,,,,
Q40[06][M],,Which of the following best describes your race/ethnicity,"Hispanic, Spanish, or Latino/a/x",nan:nan,nan:No,Y:Yes,,,,,,,
Q40[07][M],,Which of the following best describes your race/ethnicity,Korean,nan:nan,,,,,,,,,
Q40[08][M],,Which of the following best describes your race/ethnicity,Chinese,nan:nan,,,,,,,,,
Q40[09][M],,Which of the following best describes your race/ethnicity,Middle Eastern or North African,nan:nan,,,,,,,,,
Q40[10][M],,Which of the following best describes your race/ethnicity,Slavic/Eastern European,nan:nan,,,,,,,,,
Q40[77][M],,Which of the following best describes your race/ethnicity,Unknown/Don't know,nan:nan,,,,,,,,,
Q40[88][M],,Which of the following best describes your race/ethnicity,Prefer not to say,nan:nan,,,,,,,,,
Q40[99][M],,Which of the following best describes your race/ethnicity,Other,nan:nan,nan:No,Y:Yes,,,,,,,
Q40x99[S],,Please describe your race/ethnicity,,No,-,Italian,No.  And I think we should stop asking this.,,,,,,
Q41[N],,What is your age,,60.0,70.0,37.0,46.0,80.0,52.0,18.0,51.0,41.0,58.0
Q42[01][K],,"Counting yourself, how many people in your household are… [Under age 5:]",Under age 5:,1.0,0.0,2.0,4.0,3.0,,,,,
Q42[02][K],,"Counting yourself, how many people in your household are… [Ages 5-9:]",Ages 5-9:,2.0,0.0,6.0,1.0,70.0,3.0,,,,
Q42[03][K],,"Counting yourself, how many people in your household are… [Ages 10-14:]",Ages 10-14:,0.0,2.0,1.0,3.0,,,,,,
Q42[04][K],,"Counting yourself, how many people in your household are… [Ages 15-19:]",Ages 15-19:,1.0,0.0,2.0,3.0,4.0,,,,,
Q42[05][K],,"Counting yourself, how many people in your household are… [Ages 20-24:]",Ages 20-24:,1.0,0.0,2.0,42.0,3.0,,,,,
Q42[06][K],,"Counting yourself, how many people in your household are… [Ages 25-34:]",Ages 25-34:,1.0,0.0,2.0,,,,,,,
Q42[07][K],,"Counting yourself, how many people in your household are… [Ages 35-44:]",Ages 35-44:,2.0,1.0,0.0,,,,,,,
Q42[08][K],,"Counting yourself, how many people in your household are… [Ages 45-54:]",Ages 45-54:,2.0,0.0,1.0,,,,,,,
Q42[09][K],,"Counting yourself, how many people in your household are… [Ages 55-64:]",Ages 55-64:,2.0,1.0,0.0,,,,,,,
Q42[10][K],,"Counting yourself, how many people in your household are… [Ages 65-74:]",Ages 65-74:,2.0,0.0,1.0,74.0,67.0,,,,,
Q42[11][K],,"Counting yourself, how many people in your household are… [Ages 75+:]",Ages 75+:,1.0,2.0,0.0,10.0,,,,,,
Q43[L],,Do you own or rent your current residence,,nan:nan,1.0:Own,2.0:Rent,,,,,,,
Q44[L],,Your gender:,,nan:nan,1.0:Male,4.0:Prefer to self-describe,2.0:Female,3.0:Non-binary,,,,,
